region,hemisphere,F_mean,p_value,p_value_std,sample_size,fraction_significant,count_significant,npv,num,anat,n,timepoint,npv_CI_low,npv_CI_high,std_p,std_p_low,std_p_high,proba_significant,group,metric,test,analysis,study,significant,r_mean
lh-BrainSegVolNotVent,lh,13.853404846478462,0.00026049495427774065,2.958355339322291e-05,198.0,1.0,26,0.0254340503680745,2748.4335500323227,108061.18216555168,198,baseline,0.0247411899459779,0.0261466593285988,2.4236313947754945e-05,2.357608160296941e-05,2.491536483580891e-05,1.0,simulated,cortical thickness,F,Group differences,cross-sectional,True,
rh-BrainSegVolNotVent,rh,13.853404846478462,0.00026049495427774065,2.958355339322291e-05,198.0,1.0,26,0.0254340503680745,2748.4335500323227,108061.18216555168,198,baseline,0.0247411899459779,0.0261466593285988,2.4236313947754945e-05,2.357608160296941e-05,2.491536483580891e-05,1.0,simulated,cortical thickness,F,Group differences,cross-sectional,True,
lh-MeanThickness,lh,0.990287699567737,0.32493165474714786,0.045853861583045864,198.0,0.0,0,0.1033113797561314,0.0085827979585901,0.0830769851186776,198,baseline,0.1004970279266223,0.1062059488032525,0.05011344430383281,0.0487482813954251,0.05151751832809724,5.056001173058839e-16,simulated,cortical thickness,F,Group differences,cross-sectional,False,
rh-MeanThickness,rh,1.3789249060653124,0.2439799409428349,0.030755640738831833,198.0,0.0,0,0.0932746888094485,0.0077518741491588,0.0831080140615129,198,baseline,0.0907337509987502,0.0958880507425192,0.037261178867856855,0.036246130311115496,0.0383051592625117,4.202380308652801e-14,simulated,cortical thickness,F,Group differences,cross-sectional,False,
lh-bankssts,lh,0.39637212602085836,0.5471198784656855,0.10260140487472036,198.0,0.0,0,0.1708186971006415,0.0229082455813996,0.134108537122858,198,baseline,0.1661653480326651,0.1756046801594703,0.11155981175850542,0.10852076067755609,0.11468548463966413,9.088174224495165e-10,simulated,cortical thickness,F,Group differences,cross-sectional,False,
rh-bankssts,rh,0.02882654076980187,0.8927900271679579,0.08026278148938809,198.0,0.0,0,0.1524478784293307,0.0216102563134539,0.1417550479291957,198,baseline,0.1482949771073745,0.1567191495249492,0.1197353359208254,0.11647357170374598,0.12309006991064522,9.13289589254649e-08,simulated,cortical thickness,F,Group differences,cross-sectional,False,
lh-caudalanteriorcingulate,lh,0.7530386346593736,0.40580999266626055,0.10646525334913978,198.0,0.0,0,0.2185208476874954,0.040465521022327,0.1851792240903091,198,baseline,0.2125680228493519,0.2246433453577422,0.11935763351853945,0.11610615846272558,0.12270178507605349,1.4985886043622405e-05,simulated,cortical thickness,F,Group differences,cross-sectional,False,
rh-caudalanteriorcingulate,rh,0.09306939435680892,0.8067611835555211,0.13376617210025038,198.0,0.0,0,0.2244641881876472,0.0358549046579988,0.1597355237265061,198,baseline,0.2183494581339362,0.2307532058432901,0.17069929000415332,0.16604919375867586,0.17548192752557557,1.9584126939664005e-05,simulated,cortical thickness,F,Group differences,cross-sectional,False,
lh-caudalmiddlefrontal,lh,0.04338475374738049,0.8668249415547519,0.09583069753723229,198.0,0.0,0,0.1730423889259097,0.0194277295234588,0.1122715055198241,198,baseline,0.1683284632673246,0.1778906751844727,0.1349201426547109,0.13124472227784406,0.13870032320871534,4.7015229030268596e-07,simulated,cortical thickness,F,Group differences,cross-sectional,False,
rh-caudalmiddlefrontal,rh,0.15188815496718705,0.7235391466702884,0.11569837746099577,198.0,0.0,0,0.1649404837936765,0.0202747631738578,0.1229216909489574,198,baseline,0.1604472657820635,0.1695617715950141,0.12178197533072659,0.1184644576876335,0.1251940518814579,1.6810314413796186e-10,simulated,cortical thickness,F,Group differences,cross-sectional,False,
lh-cuneus,lh,0.052728393296479464,0.8531056356421808,0.10419728759099127,198.0,0.0,0,0.1970180519818301,0.0253568302882841,0.1287030809269326,198,baseline,0.1916509944868066,0.2025380862349479,0.15289441174414886,0.14872934620703593,0.15717819377045697,6.32200033401427e-06,simulated,cortical thickness,F,Group differences,cross-sectional,False,
rh-cuneus,rh,0.2585859023844587,0.6428844614619719,0.1290965089831443,198.0,0.0,0,0.2032276300375505,0.0250979733701402,0.1234968560402089,198,baseline,0.1976914146297892,0.208921643696211,0.1422251751062103,0.13835075504999517,0.14621002740956346,1.4957320838578147e-07,simulated,cortical thickness,F,Group differences,cross-sectional,False,
lh-eTIV,lh,5.582752669966903,0.019127772135261886,3.984343585182257e-05,198.0,1.0,26,0.0006775018545617,114.82821427547876,169487.675203119,198,baseline,0.0006590457213808,0.0006964840412503,3.394383443177297e-05,3.3019155149015126e-05,3.489486976514144e-05,1.0,simulated,cortical thickness,F,Group differences,cross-sectional,True,
rh-eTIV,rh,5.582752669966903,0.019127772135261886,3.984343585182257e-05,198.0,1.0,26,0.0006775018545617,114.82821427547876,169487.675203119,198,baseline,0.0006590457213808,0.0006964840412503,3.394383443177297e-05,3.3019155149015126e-05,3.489486976514144e-05,1.0,simulated,cortical thickness,F,Group differences,cross-sectional,True,
lh-entorhinal,lh,5.526979184441223,0.0241353593213446,0.01481860647010499,198.0,0.9615384615384616,25,0.3232811168835274,0.0904751915152451,0.2798653765720617,198,baseline,0.3144744703660329,0.332338778456325,0.01664450194087573,0.016191081566478006,0.017110846115511027,0.9213284179411375,simulated,cortical thickness,F,Group differences,cross-sectional,True,
rh-entorhinal,rh,5.425284923816262,0.02882076489300933,0.0226756421470555,198.0,0.7692307692307693,20,0.2930034707560335,0.0869979368598532,0.2969177690468085,198,baseline,0.2850216312343732,0.3012128159332199,0.015854774848176878,0.0154228677852207,0.01629899251938539,0.8986978517826649,simulated,cortical thickness,F,Group differences,cross-sectional,True,
lh-frontalpole,lh,2.6026160203296267,0.13355445667493934,0.08642024963874968,198.0,0.11538461538461539,3,0.3122952330720796,0.06998337337227,0.2240936330786624,198,baseline,0.303787857963761,0.3210450931295848,0.06786604914062346,0.06601727952771806,0.06976751406788081,0.0799213819586709,simulated,cortical thickness,F,Group differences,cross-sectional,False,
rh-frontalpole,rh,0.817753552601148,0.4188784464979988,0.16803909179171433,198.0,0.0,0,0.3029653322417012,0.0685454790920794,0.2262485895164893,198,baseline,0.2947121171642823,0.3114537879677564,0.16020734450462942,0.1558430640722927,0.16469601963044053,0.0010196043504860821,simulated,cortical thickness,F,Group differences,cross-sectional,False,
lh-fusiform,lh,1.881965150756391,0.1896806601353941,0.08545474512227724,198.0,0.0,0,0.2094702334566952,0.0234991115572109,0.1121835363880902,198,baseline,0.2037639604773959,0.2153391518225928,0.06512177163948799,0.0633477601260701,0.06694634764385757,0.0022313187752542527,simulated,cortical thickness,F,Group differences,cross-sectional,False,
rh-fusiform,rh,1.4513593134365632,0.24254652231796453,0.0678435058615487,198.0,0.0,0,0.2164411357765828,0.0239880412448812,0.1108294001452774,198,baseline,0.2105449653073496,0.222505364263527,0.08339430602345173,0.08112252417055464,0.08573084027061248,0.0007732441912053386,simulated,cortical thickness,F,Group differences,cross-sectional,False,
lh-inferiorparietal,lh,0.46747042194000815,0.511624111191982,0.10386874751350829,198.0,0.0,0,0.1434278205124737,0.0153968492927276,0.1073491128688566,198,baseline,0.1395206386510503,0.1474463684278287,0.09039049590748735,0.08792812769473125,0.09292304878041724,6.057434951525721e-13,simulated,cortical thickness,F,Group differences,cross-sectional,False,
rh-inferiorparietal,rh,0.029689842113003965,0.8959040551205593,0.08799435060001878,198.0,0.0,0,0.147671143868157,0.014622236156272,0.0990189130608145,198,baseline,0.1436483677239213,0.1518085808397929,0.11593330282741836,0.1127751115063504,0.11918151179226714,4.337400776758741e-08,simulated,cortical thickness,F,Group differences,cross-sectional,False,
lh-inferiortemporal,lh,1.2734549127718653,0.2713264209630966,0.06878373252380876,198.0,0.0,0,0.1720700939199546,0.0231395195707984,0.1344772879682553,198,baseline,0.1673826549875685,0.176891138503539,0.0724541419138939,0.07048038599918043,0.07448415561630246,7.562935961427578e-06,simulated,cortical thickness,F,Group differences,cross-sectional,False,
rh-inferiortemporal,rh,0.17670987044747968,0.6943230877737994,0.10137131094384262,198.0,0.0,0,0.1649550048370571,0.0219849185433251,0.1332782752790188,198,baseline,0.1604613912511608,0.1695766994876963,0.1202841903438168,0.1170074745361853,0.12365430208803226,1.2240566635050498e-10,simulated,cortical thickness,F,Group differences,cross-sectional,False,
lh-insula,lh,3.967683344087069,0.05861352036368596,0.03338123291691323,198.0,0.46153846153846156,12,0.2878783825463663,0.0406132753566876,0.1410778919815086,198,baseline,0.2800361578610708,0.2959441334580374,0.03185955775600442,0.03099165719297241,0.0327521960108916,0.458071652324068,simulated,cortical thickness,F,Group differences,cross-sectional,False,
rh-insula,rh,3.0524336847667093,0.10228728624689153,0.06850316041360109,198.0,0.19230769230769232,5,0.316354333211001,0.0442297827598517,0.1398108959372197,198,baseline,0.3077363823274957,0.3252179207750889,0.05501399064961656,0.05351532975089641,0.05655536774543006,0.16667357141969769,simulated,cortical thickness,F,Group differences,cross-sectional,False,
lh-isthmuscingulate,lh,0.10489289100441666,0.7889862071597946,0.13492805737825714,198.0,0.0,0,0.223115296754404,0.0305233265785933,0.1368051721356971,198,baseline,0.2170373124597944,0.2293665212898716,0.1686688492705103,0.16407406517561024,0.17339459808409127,1.0963607298455744e-05,simulated,cortical thickness,F,Group differences,cross-sectional,False,
rh-isthmuscingulate,rh,0.25679266732486006,0.6696762769873837,0.1800708916645456,198.0,0.0,0,0.2196327768476729,0.0315758316890172,0.1437664821353908,198,baseline,0.2136496614464413,0.2257864284502091,0.15384441368009674,0.1496534687123462,0.1581548127761313,9.249493759470808e-07,simulated,cortical thickness,F,Group differences,cross-sectional,False,
lh-lateraloccipital,lh,1.6157889700608907,0.20926519302173135,0.03731141421813449,198.0,0.0,0,0.135391430450438,0.0158067823020489,0.1167487650397135,198,baseline,0.13170317151045,0.1391848155039759,0.04805934011616793,0.0467501339851472,0.04940586243204155,2.1453150704435817e-06,simulated,cortical thickness,F,Group differences,cross-sectional,False,
rh-lateraloccipital,rh,0.14943774224396006,0.7136096502628401,0.08478732182499764,198.0,0.0,0,0.1417215373640318,0.01618848310488,0.1142274025951157,198,baseline,0.1378608371304002,0.1456922787899298,0.10476735652308827,0.10191334177466863,0.107702718997738,8.178939290672105e-14,simulated,cortical thickness,F,Group differences,cross-sectional,False,
lh-lateralorbitofrontal,lh,7.040414154559304,0.011320963002683473,0.008118943233119652,198.0,1.0,26,0.235290077498228,0.0242020283044246,0.102860386471703,198,baseline,0.228880434517604,0.2418824139574716,0.005796348000878519,0.00563844707419212,0.005958749563506858,0.9999707777292418,simulated,cortical thickness,F,Group differences,cross-sectional,True,
rh-lateralorbitofrontal,rh,0.3487952925212744,0.6119651877521758,0.17884500112426063,198.0,0.0,0,0.2758718547164805,0.030999574401169,0.1123694710829705,198,baseline,0.2683567052637862,0.2836012077995501,0.18452007237352616,0.17949347797035967,0.1896899393458358,0.00011160329080458146,simulated,cortical thickness,F,Group differences,cross-sectional,False,
lh-lingual,lh,0.05599509425001852,0.8477113553533584,0.1045830310273905,198.0,0.0,0,0.2274190371013105,0.0263470611292347,0.115852487395317,198,baseline,0.2212238126774176,0.2337908434509443,0.17619746915250498,0.17139759453235417,0.18113415416817147,0.00010416609555363783,simulated,cortical thickness,F,Group differences,cross-sectional,False,
rh-lingual,rh,0.09259171604178351,0.8113621280019279,0.1380780569824909,198.0,0.0,0,0.2359538292339235,0.0281028006578953,0.1191029649704662,198,baseline,0.2295261046933,0.2425647626302485,0.1794799269469113,0.17459063341549652,0.18450857957304434,6.025625397672307e-05,simulated,cortical thickness,F,Group differences,cross-sectional,False,
lh-medialorbitofrontal,lh,0.16621151023572234,0.7364567054421018,0.16133561809471747,198.0,0.0,0,0.310921824997338,0.0305518871570613,0.0982622791350298,198,baseline,0.3024518635169947,0.3196332050295875,0.22792054868202086,0.22171166235526668,0.23430640633850702,0.0014942854412354244,simulated,cortical thickness,F,Group differences,cross-sectional,False,
rh-medialorbitofrontal,rh,2.1001565715383483,0.17378926673533623,0.09928544116966052,198.0,0.0,0,0.2273246586296694,0.0277528416123505,0.122084607009406,198,baseline,0.2211320052122325,0.233693820691681,0.06340237979498009,0.06167520700924793,0.06517878203161247,0.005710066387596661,simulated,cortical thickness,F,Group differences,cross-sectional,False,
lh-middletemporal,lh,0.4512445157328847,0.5198239347731024,0.10875248886020841,198.0,0.0,0,0.1619804787263669,0.0199205968462337,0.1229814666734352,198,baseline,0.1575678955460396,0.1665188333690593,0.1029165116534244,0.10011291660375786,0.10580001732117247,1.6777269932083293e-10,simulated,cortical thickness,F,Group differences,cross-sectional,False,
rh-middletemporal,rh,0.08132075861049047,0.8048525400321557,0.10622456163204892,198.0,0.0,0,0.1445521681524137,0.0171891517713044,0.118913136973362,198,baseline,0.1406143574305015,0.1486022179399193,0.11057888405142068,0.10756655486397015,0.11367707338734855,7.073272379067684e-12,simulated,cortical thickness,F,Group differences,cross-sectional,False,
lh-paracentral,lh,8.761959799361591,0.004090714941418284,0.002145891692907499,198.0,1.0,26,0.1992806988584668,0.0285619234855335,0.1433250869208302,198,baseline,0.193852003580734,0.2048641277504825,0.002136558074153796,0.002078355133306031,0.0021964199682009064,0.9999999999999999,simulated,cortical thickness,F,Group differences,cross-sectional,True,
rh-paracentral,rh,3.6693112926145943,0.06075647246728488,0.022492362396612245,198.0,0.34615384615384615,9,0.1915104463161928,0.0279598431376649,0.1459964387086326,198,baseline,0.1862934239878458,0.1968761689637437,0.02455325094291106,0.023884384774685526,0.02524118174349966,0.3697704723182731,simulated,cortical thickness,F,Group differences,cross-sectional,False,
lh-parahippocampal,lh,0.6234400962369391,0.4487716743604555,0.10019861774084175,198.0,0.0,0,0.1427667535631283,0.0319809077660166,0.2240080898938095,198,baseline,0.1388775801242302,0.146766779763507,0.08320904363066683,0.08094230859405759,0.08554038721258801,3.905560037093145e-12,simulated,cortical thickness,F,Group differences,cross-sectional,False,
rh-parahippocampal,rh,3.2149262439048525,0.0836326249749246,0.03599738925595126,198.0,0.2692307692307692,7,0.1593007639693068,0.0296399923296067,0.1860630896617519,198,baseline,0.1549611801056754,0.1637640386023314,0.025562699709403853,0.024866334692653785,0.026278913155728504,0.07711297686181415,simulated,cortical thickness,F,Group differences,cross-sectional,False,
lh-parsopercularis,lh,0.07528528315950324,0.8238100336471662,0.12226412300830986,198.0,0.0,0,0.1585720129850726,0.0184392964469269,0.1162834229055462,198,baseline,0.1542522813552471,0.1630148695378527,0.12167204774675054,0.11835752469048617,0.12508104435621348,1.2661000812154087e-09,simulated,cortical thickness,F,Group differences,cross-sectional,False,
rh-parsopercularis,rh,1.2491349648206933,0.27316267283087875,0.06155204230663751,198.0,0.0,0,0.1689094149946254,0.0201791827696122,0.1194674836228304,198,baseline,0.164308077540479,0.1736419039572632,0.07199225281866621,0.07003107943284016,0.07400932535349566,5.491795723951135e-06,simulated,cortical thickness,F,Group differences,cross-sectional,False,
lh-parsorbitalis,lh,4.290291429936572,0.044958778212839286,0.022577251719264127,198.0,0.7307692307692307,19,0.2346186166761667,0.0357980218489565,0.1525796305344638,198,baseline,0.2282272652622362,0.2411921402058329,0.02215257046560412,0.021549102315576805,0.022773239214151177,0.6462277721062677,simulated,cortical thickness,F,Group differences,cross-sectional,True,
rh-parsorbitalis,rh,2.8259864033510715,0.10837349289823568,0.05337622732437316,198.0,0.15384615384615385,4,0.2544833944230488,0.036412573500585,0.143084280933684,198,baseline,0.2475508976510107,0.2616134875283977,0.04950586676842672,0.04815725515332645,0.050892917739356044,0.09733165384142431,simulated,cortical thickness,F,Group differences,cross-sectional,False,
lh-parstriangularis,lh,1.7174489064275429,0.20025949007106855,0.054848272339252345,198.0,0.0,0,0.1776335995289247,0.021651503211038,0.1218885575052058,198,baseline,0.1727946026343272,0.1826105219177153,0.059939107137519924,0.058306278922178954,0.06161847570893856,0.0003406293984228678,simulated,cortical thickness,F,Group differences,cross-sectional,False,
rh-parstriangularis,rh,0.4634660155364717,0.5352405471132353,0.15331082341427468,198.0,0.0,0,0.214009742627133,0.0239994915447305,0.1121420513389647,198,baseline,0.2081798068338334,0.2200058485571198,0.13514338804721632,0.13146188614205795,0.13892982347076738,8.208151229483481e-07,simulated,cortical thickness,F,Group differences,cross-sectional,False,
lh-pericalcarine,lh,1.5448925370183146,0.23291389827198372,0.08421126150500038,198.0,0.0,0,0.2427822143863982,0.0383516949031265,0.1579674812673393,198,baseline,0.2361684747301909,0.2495844648704519,0.08927989983482137,0.08684778586991616,0.09178133612578926,0.002904124058719368,simulated,cortical thickness,F,Group differences,cross-sectional,False,
rh-pericalcarine,rh,0.11544603553729063,0.7995065875077861,0.1605866147998996,198.0,0.0,0,0.275804706311696,0.0414006769610842,0.1501086675232292,198,baseline,0.2682913860789415,0.283532178036734,0.20739836535617057,0.20174853306900975,0.2132092343059472,0.000605334740396401,simulated,cortical thickness,F,Group differences,cross-sectional,False,
lh-postcentral,lh,0.7362672231593904,0.41059445190320176,0.10615803722444762,198.0,0.0,0,0.1933703439871452,0.0200029438392893,0.1034436999327004,198,baseline,0.1881026553486076,0.1987881770821788,0.1065108222941581,0.10360931300937588,0.10949503303767777,8.312044734339233e-07,simulated,cortical thickness,F,Group differences,cross-sectional,False,
rh-postcentral,rh,2.194142849137133,0.14707086595825986,0.042344928153440674,198.0,0.0,0,0.1867384005087614,0.0209784147400103,0.1123411932567459,198,baseline,0.1816513756296823,0.191970420401415,0.049705077938921066,0.04835103952259655,0.051097710390702884,0.006834040012922858,simulated,cortical thickness,F,Group differences,cross-sectional,False,
lh-posteriorcingulate,lh,0.05489358010190005,0.8521811780031805,0.10910602842936629,198.0,0.0,0,0.2156263418968833,0.0254205623137055,0.1178917292297347,198,baseline,0.2097523675947269,0.2216677415613925,0.1671533158935253,0.1625998171259752,0.1718366026277763,4.345521896118278e-05,simulated,cortical thickness,F,Group differences,cross-sectional,False,
rh-posteriorcingulate,rh,0.23339518368520043,0.6589933871211469,0.1233202788837716,198.0,0.0,0,0.2305960315665895,0.0256815625954235,0.1113703580280714,198,baseline,0.2243142612054842,0.2370568506645166,0.1634317584815917,0.15897964033576611,0.16801077495135588,4.87479609283681e-06,simulated,cortical thickness,F,Group differences,cross-sectional,False,
lh-precentral,lh,3.782877724005393,0.06213610211154626,0.03142067662858819,198.0,0.4230769230769231,11,0.2064935031598671,0.0282968294944956,0.1370349626573397,198,baseline,0.2008683206313643,0.2122790197611269,0.025031999893460624,0.024350091909434785,0.02573334423955479,0.34993920078155083,simulated,cortical thickness,F,Group differences,cross-sectional,False,
rh-precentral,rh,3.0412126826710573,0.08812020568969985,0.030220402074875564,198.0,0.07692307692307693,2,0.1867640449233004,0.0271037228968972,0.1451228094145645,198,baseline,0.1816763214531741,0.1919967833188792,0.0326591168052416,0.031769435094011464,0.03357415703443916,0.10622868554333553,simulated,cortical thickness,F,Group differences,cross-sectional,False,
lh-precuneus,lh,0.9894061653209434,0.3270371631413384,0.055790196632909565,198.0,0.0,0,0.1300768689865769,0.0140968365355777,0.108373123103328,198,baseline,0.1265333864092139,0.1337213511298195,0.06312444872063401,0.06140484718048399,0.06489306390915092,9.002301414875031e-11,simulated,cortical thickness,F,Group differences,cross-sectional,False,
rh-precuneus,rh,1.1187652326579416,0.2996003942633484,0.06250025023337345,198.0,0.0,0,0.1389102461928539,0.0133017367462373,0.0957577796512581,198,baseline,0.1351261296082798,0.1428022211128186,0.06319016240614053,0.061468770729884846,0.06496061875485189,5.890812288070472e-09,simulated,cortical thickness,F,Group differences,cross-sectional,False,
lh-rostralanteriorcingulate,lh,0.1647646203677737,0.7407089822902455,0.16657092271576573,198.0,0.0,0,0.2799230980366375,0.0481733188395677,0.172094833107565,198,baseline,0.2722975868398954,0.2877659584946406,0.2053461292276704,0.19975220282925543,0.21109949880817175,0.0003274715342889869,simulated,cortical thickness,F,Group differences,cross-sectional,False,
rh-rostralanteriorcingulate,rh,0.518160967005668,0.4996816467794032,0.12943106541030008,198.0,0.0,0,0.2623093035628216,0.043211901131267,0.1647364410805888,198,baseline,0.2551636176749564,0.2696586622942327,0.16116384744268247,0.15677351048298163,0.16567932178271863,0.00011231481953914371,simulated,cortical thickness,F,Group differences,cross-sectional,False,
lh-rostralmiddlefrontal,lh,1.7436936816977318,0.19580209972177373,0.05117797131657366,198.0,0.0,0,0.1761126443209645,0.0167000260550955,0.0948258208232897,198,baseline,0.1713150804522565,0.1810469527220471,0.05865398936828333,0.05705616962493761,0.060297351624371366,0.00039509297609759906,simulated,cortical thickness,F,Group differences,cross-sectional,False,
rh-rostralmiddlefrontal,rh,2.010667103984994,0.1645653202740118,0.044632529857713925,198.0,0.0,0,0.1684487265025716,0.0177575939958696,0.1054183926739185,198,baseline,0.1638599388711408,0.1731683079360233,0.04911980313801577,0.04778170845616253,0.05049603741249361,0.0011340052717975697,simulated,cortical thickness,F,Group differences,cross-sectional,False,
lh-superiorfrontal,lh,0.6865324821062604,0.4142629777037013,0.06099143414327443,198.0,0.0,0,0.1233684262137408,0.0144842963486267,0.1174068340916667,198,baseline,0.1200076913475734,0.126824951804177,0.06966639523622342,0.06776858158441486,0.07161830210022319,1.8620606500338357e-14,simulated,cortical thickness,F,Group differences,cross-sectional,False,
rh-superiorfrontal,rh,1.9189813335473755,0.17469264273422086,0.04617660113321592,198.0,0.0,0,0.1346793007918452,0.0150473900449196,0.1117275628582025,198,baseline,0.1310104412966449,0.1384527334599619,0.04110578905328729,0.03998600773879308,0.04225748739408963,2.263204768536577e-05,simulated,cortical thickness,F,Group differences,cross-sectional,False,
lh-superiorparietal,lh,0.2567460065286044,0.623954696303422,0.08052594193058116,198.0,0.0,0,0.1107131851846228,0.0116114487483578,0.1048786441198932,198,baseline,0.1076971974395106,0.1138151373577529,0.07755219497600743,0.07543956070156081,0.07972504547557238,3.065098613076069e-22,simulated,cortical thickness,F,Group differences,cross-sectional,False,
rh-superiorparietal,rh,0.23102055442436983,0.6369047448650412,0.05684657033594086,198.0,0.0,0,0.1104805586522755,0.0111087881798679,0.1005497104230942,198,baseline,0.1074709079913109,0.1135759931159175,0.07839495724109022,0.07625936490018309,0.08059142017882368,3.176967624815786e-22,simulated,cortical thickness,F,Group differences,cross-sectional,False,
lh-superiortemporal,lh,0.8300087996803073,0.37088588602607764,0.063693663001692,198.0,0.0,0,0.1241350005146594,0.0168956877851795,0.1361073646846628,198,baseline,0.1207533830526798,0.127613003915662,0.06524093643307546,0.0634636786978412,0.06706885118603054,3.9506418068734394e-13,simulated,cortical thickness,F,Group differences,cross-sectional,False,
rh-superiortemporal,rh,1.7469203809196192,0.19114913708043335,0.0320538507619385,198.0,0.0,0,0.1140813196589107,0.0156089630677289,0.136823128575282,198,baseline,0.1109735790455074,0.1172776399241022,0.03793355105296135,0.036900186102675314,0.03899636991168224,1.534230629010675e-07,simulated,cortical thickness,F,Group differences,cross-sectional,False,
lh-supramarginal,lh,0.513131677875469,0.48922341525618684,0.09342611218481324,198.0,0.0,0,0.1449302661052451,0.0153438602761511,0.1058706417126754,198,baseline,0.1409821554466966,0.1489909094075564,0.08927046207919614,0.08683860521244284,0.09177163394396654,2.383868653828762e-12,simulated,cortical thickness,F,Group differences,cross-sectional,False,
rh-supramarginal,rh,0.17847967635244505,0.691934139231948,0.10088936885415836,198.0,0.0,0,0.1380360798578665,0.0148051391253896,0.1072555750687377,198,baseline,0.1342757768321663,0.1419035624632259,0.10056567343270784,0.09782611862587781,0.10338331352432542,9.341306646713599e-15,simulated,cortical thickness,F,Group differences,cross-sectional,False,
lh-temporalpole,lh,2.3446049797644855,0.16655149510060593,0.1317102055433338,198.0,0.038461538461538464,1,0.374971175118182,0.1024662729964699,0.2732643994946411,198,baseline,0.364756416442051,0.3854770841440976,0.0926189086012782,0.09009583519460763,0.09521389694281655,0.06976499653041858,simulated,cortical thickness,F,Group differences,cross-sectional,False,
rh-temporalpole,rh,0.3873525578922269,0.5941851150013249,0.18107227235617876,198.0,0.0,0,0.2771055250454299,0.0862567596981743,0.3112776610427851,198,baseline,0.2695567686236342,0.284869442994025,0.181795082202671,0.17684272048414046,0.18688860064279678,0.00011291327892824267,simulated,cortical thickness,F,Group differences,cross-sectional,False,
lh-transversetemporal,lh,0.30625260374331176,0.6160445460321232,0.1452255979376153,198.0,0.0,0,0.1959993949343753,0.0359426479185095,0.1833814228382893,198,baseline,0.1906600871348056,0.2014908885449603,0.1339245832087865,0.13027628331520663,0.13767687026680295,4.268358358238818e-08,simulated,cortical thickness,F,Group differences,cross-sectional,False,
rh-transversetemporal,rh,0.06560634863571477,0.8243598528394227,0.09765798253606411,198.0,0.0,0,0.1934608292885966,0.036090339253221,0.1865511451901357,198,baseline,0.1881906756992057,0.1988811975927565,0.14916568973063868,0.14510219998938886,0.15334500075529042,1.154428656124321e-06,simulated,cortical thickness,F,Group differences,cross-sectional,False,
lh-BrainSegVolNotVent,lh,13.853404846478462,0.00026049495427774065,2.958355339322291e-05,198.0,1.0,26,0.0254340503680745,2748.4335500323227,108061.18216555168,198,baseline,0.0247411899459779,0.0261466593285988,2.958355339322291e-05,2.357608160296941e-05,2.491536483580891e-05,1.0,sampled,cortical thickness,F,Group differences,cross-sectional,True,
rh-BrainSegVolNotVent,rh,13.853404846478462,0.00026049495427774065,2.958355339322291e-05,198.0,1.0,26,0.0254340503680745,2748.4335500323227,108061.18216555168,198,baseline,0.0247411899459779,0.0261466593285988,2.958355339322291e-05,2.357608160296941e-05,2.491536483580891e-05,1.0,sampled,cortical thickness,F,Group differences,cross-sectional,True,
lh-MeanThickness,lh,0.990287699567737,0.32493165474714786,0.045853861583045864,198.0,0.0,0,0.1033113797561314,0.0085827979585901,0.0830769851186776,198,baseline,0.1004970279266223,0.1062059488032525,0.045853861583045864,0.0487482813954251,0.05151751832809724,7.611975953091824e-19,sampled,cortical thickness,F,Group differences,cross-sectional,False,
rh-MeanThickness,rh,1.3789249060653124,0.2439799409428349,0.030755640738831833,198.0,0.0,0,0.0932746888094485,0.0077518741491588,0.0831080140615129,198,baseline,0.0907337509987502,0.0958880507425192,0.030755640738831833,0.036246130311115496,0.0383051592625117,5.80594442027517e-20,sampled,cortical thickness,F,Group differences,cross-sectional,False,
lh-bankssts,lh,0.39637212602085836,0.5471198784656855,0.10260140487472036,198.0,0.0,0,0.1708186971006415,0.0229082455813996,0.134108537122858,198,baseline,0.1661653480326651,0.1756046801594703,0.10260140487472036,0.10852076067755609,0.11468548463966413,2.4420299504800807e-11,sampled,cortical thickness,F,Group differences,cross-sectional,False,
rh-bankssts,rh,0.02882654076980187,0.8927900271679579,0.08026278148938809,198.0,0.0,0,0.1524478784293307,0.0216102563134539,0.1417550479291957,198,baseline,0.1482949771073745,0.1567191495249492,0.08026278148938809,0.11647357170374598,0.12309006991064522,3.0834977075166864e-16,sampled,cortical thickness,F,Group differences,cross-sectional,False,
lh-caudalanteriorcingulate,lh,0.7530386346593736,0.40580999266626055,0.10646525334913978,198.0,0.0,0,0.2185208476874954,0.040465521022327,0.1851792240903091,198,baseline,0.2125680228493519,0.2246433453577422,0.10646525334913978,0.11610615846272558,0.12270178507605349,1.1181913597246484e-06,sampled,cortical thickness,F,Group differences,cross-sectional,False,
rh-caudalanteriorcingulate,rh,0.09306939435680892,0.8067611835555211,0.13376617210025038,198.0,0.0,0,0.2244641881876472,0.0358549046579988,0.1597355237265061,198,baseline,0.2183494581339362,0.2307532058432901,0.13376617210025038,0.16604919375867586,0.17548192752557557,2.2986995207670344e-08,sampled,cortical thickness,F,Group differences,cross-sectional,False,
lh-caudalmiddlefrontal,lh,0.04338475374738049,0.8668249415547519,0.09583069753723229,198.0,0.0,0,0.1730423889259097,0.0194277295234588,0.1122715055198241,198,baseline,0.1683284632673246,0.1778906751844727,0.09583069753723229,0.13124472227784406,0.13870032320871534,3.5562019263411514e-13,sampled,cortical thickness,F,Group differences,cross-sectional,False,
rh-caudalmiddlefrontal,rh,0.15188815496718705,0.7235391466702884,0.11569837746099577,198.0,0.0,0,0.1649404837936765,0.0202747631738578,0.1229216909489574,198,baseline,0.1604472657820635,0.1695617715950141,0.11569837746099577,0.1184644576876335,0.1251940518814579,1.5725679055852764e-11,sampled,cortical thickness,F,Group differences,cross-sectional,False,
lh-cuneus,lh,0.052728393296479464,0.8531056356421808,0.10419728759099127,198.0,0.0,0,0.1970180519818301,0.0253568302882841,0.1287030809269326,198,baseline,0.1916509944868066,0.2025380862349479,0.10419728759099127,0.14872934620703593,0.15717819377045697,7.624095913022527e-12,sampled,cortical thickness,F,Group differences,cross-sectional,False,
rh-cuneus,rh,0.2585859023844587,0.6428844614619719,0.1290965089831443,198.0,0.0,0,0.2032276300375505,0.0250979733701402,0.1234968560402089,198,baseline,0.1976914146297892,0.208921643696211,0.1290965089831443,0.13835075504999517,0.14621002740956346,5.8947864379303345e-09,sampled,cortical thickness,F,Group differences,cross-sectional,False,
lh-eTIV,lh,5.582752669966903,0.019127772135261886,3.984343585182257e-05,198.0,1.0,26,0.0006775018545617,114.82821427547876,169487.675203119,198,baseline,0.0006590457213808,0.0006964840412503,3.984343585182257e-05,3.3019155149015126e-05,3.489486976514144e-05,1.0,sampled,cortical thickness,F,Group differences,cross-sectional,True,
rh-eTIV,rh,5.582752669966903,0.019127772135261886,3.984343585182257e-05,198.0,1.0,26,0.0006775018545617,114.82821427547876,169487.675203119,198,baseline,0.0006590457213808,0.0006964840412503,3.984343585182257e-05,3.3019155149015126e-05,3.489486976514144e-05,1.0,sampled,cortical thickness,F,Group differences,cross-sectional,True,
lh-entorhinal,lh,5.526979184441223,0.0241353593213446,0.01481860647010499,198.0,0.9615384615384616,25,0.3232811168835274,0.0904751915152451,0.2798653765720617,198,baseline,0.3144744703660329,0.332338778456325,0.01481860647010499,0.016191081566478006,0.017110846115511027,0.9382760488475411,sampled,cortical thickness,F,Group differences,cross-sectional,True,
rh-entorhinal,rh,5.425284923816262,0.02882076489300933,0.0226756421470555,198.0,0.7692307692307693,20,0.2930034707560335,0.0869979368598532,0.2969177690468085,198,baseline,0.2850216312343732,0.3012128159332199,0.0226756421470555,0.0154228677852207,0.01629899251938539,0.8446173020694885,sampled,cortical thickness,F,Group differences,cross-sectional,True,
lh-frontalpole,lh,2.6026160203296267,0.13355445667493934,0.08642024963874968,198.0,0.11538461538461539,3,0.3122952330720796,0.06998337337227,0.2240936330786624,198,baseline,0.303787857963761,0.3210450931295848,0.08642024963874968,0.06601727952771806,0.06976751406788081,0.15818617940461632,sampled,cortical thickness,F,Group differences,cross-sectional,False,
rh-frontalpole,rh,0.817753552601148,0.4188784464979988,0.16803909179171433,198.0,0.0,0,0.3029653322417012,0.0685454790920794,0.2262485895164893,198,baseline,0.2947121171642823,0.3114537879677564,0.16803909179171433,0.1558430640722927,0.16469601963044053,0.0018027543679974818,sampled,cortical thickness,F,Group differences,cross-sectional,False,
lh-fusiform,lh,1.881965150756391,0.1896806601353941,0.08545474512227724,198.0,0.0,0,0.2094702334566952,0.0234991115572109,0.1121835363880902,198,baseline,0.2037639604773959,0.2153391518225928,0.08545474512227724,0.0633477601260701,0.06694634764385757,0.018773279922616043,sampled,cortical thickness,F,Group differences,cross-sectional,False,
rh-fusiform,rh,1.4513593134365632,0.24254652231796453,0.0678435058615487,198.0,0.0,0,0.2164411357765828,0.0239880412448812,0.1108294001452774,198,baseline,0.2105449653073496,0.222505364263527,0.0678435058615487,0.08112252417055464,0.08573084027061248,3.659810777855371e-05,sampled,cortical thickness,F,Group differences,cross-sectional,False,
lh-inferiorparietal,lh,0.46747042194000815,0.511624111191982,0.10386874751350829,198.0,0.0,0,0.1434278205124737,0.0153968492927276,0.1073491128688566,198,baseline,0.1395206386510503,0.1474463684278287,0.10386874751350829,0.08792812769473125,0.09292304878041724,4.270833873685343e-10,sampled,cortical thickness,F,Group differences,cross-sectional,False,
rh-inferiorparietal,rh,0.029689842113003965,0.8959040551205593,0.08799435060001878,198.0,0.0,0,0.147671143868157,0.014622236156272,0.0990189130608145,198,baseline,0.1436483677239213,0.1518085808397929,0.08799435060001878,0.1127751115063504,0.11918151179226714,2.024720036691525e-13,sampled,cortical thickness,F,Group differences,cross-sectional,False,
lh-inferiortemporal,lh,1.2734549127718653,0.2713264209630966,0.06878373252380876,198.0,0.0,0,0.1720700939199546,0.0231395195707984,0.1344772879682553,198,baseline,0.1673826549875685,0.176891138503539,0.06878373252380876,0.07048038599918043,0.07448415561630246,2.403064149158995e-06,sampled,cortical thickness,F,Group differences,cross-sectional,False,
rh-inferiortemporal,rh,0.17670987044747968,0.6943230877737994,0.10137131094384262,198.0,0.0,0,0.1649550048370571,0.0219849185433251,0.1332782752790188,198,baseline,0.1604613912511608,0.1695766994876963,0.10137131094384262,0.1170074745361853,0.12365430208803226,1.4661431502622406e-14,sampled,cortical thickness,F,Group differences,cross-sectional,False,
lh-insula,lh,3.967683344087069,0.05861352036368596,0.03338123291691323,198.0,0.46153846153846156,12,0.2878783825463663,0.0406132753566876,0.1410778919815086,198,baseline,0.2800361578610708,0.2959441334580374,0.03338123291691323,0.03099165719297241,0.0327521960108916,0.46671003356742435,sampled,cortical thickness,F,Group differences,cross-sectional,False,
rh-insula,rh,3.0524336847667093,0.10228728624689153,0.06850316041360109,198.0,0.19230769230769232,5,0.316354333211001,0.0442297827598517,0.1398108959372197,198,baseline,0.3077363823274957,0.3252179207750889,0.06850316041360109,0.05351532975089641,0.05655536774543006,0.24611373485565272,sampled,cortical thickness,F,Group differences,cross-sectional,False,
lh-isthmuscingulate,lh,0.10489289100441666,0.7889862071597946,0.13492805737825714,198.0,0.0,0,0.223115296754404,0.0305233265785933,0.1368051721356971,198,baseline,0.2170373124597944,0.2293665212898716,0.13492805737825714,0.16407406517561024,0.17339459808409127,1.9291566152157173e-08,sampled,cortical thickness,F,Group differences,cross-sectional,False,
rh-isthmuscingulate,rh,0.25679266732486006,0.6696762769873837,0.1800708916645456,198.0,0.0,0,0.2196327768476729,0.0315758316890172,0.1437664821353908,198,baseline,0.2136496614464413,0.2257864284502091,0.1800708916645456,0.1496534687123462,0.1581548127761313,3.61748448238506e-05,sampled,cortical thickness,F,Group differences,cross-sectional,False,
lh-lateraloccipital,lh,1.6157889700608907,0.20926519302173135,0.03731141421813449,198.0,0.0,0,0.135391430450438,0.0158067823020489,0.1167487650397135,198,baseline,0.13170317151045,0.1391848155039759,0.03731141421813449,0.0467501339851472,0.04940586243204155,1.1406855278452082e-09,sampled,cortical thickness,F,Group differences,cross-sectional,False,
rh-lateraloccipital,rh,0.14943774224396006,0.7136096502628401,0.08478732182499764,198.0,0.0,0,0.1417215373640318,0.01618848310488,0.1142274025951157,198,baseline,0.1378608371304002,0.1456922787899298,0.08478732182499764,0.10191334177466863,0.107702718997738,1.591582717995619e-20,sampled,cortical thickness,F,Group differences,cross-sectional,False,
lh-lateralorbitofrontal,lh,7.040414154559304,0.011320963002683473,0.008118943233119652,198.0,1.0,26,0.235290077498228,0.0242020283044246,0.102860386471703,198,baseline,0.228880434517604,0.2418824139574716,0.008118943233119652,0.00563844707419212,0.005958749563506858,0.9984815519782373,sampled,cortical thickness,F,Group differences,cross-sectional,True,
rh-lateralorbitofrontal,rh,0.3487952925212744,0.6119651877521758,0.17884500112426063,198.0,0.0,0,0.2758718547164805,0.030999574401169,0.1123694710829705,198,baseline,0.2683567052637862,0.2836012077995501,0.17884500112426063,0.17949347797035967,0.1896899393458358,6.342240594884861e-05,sampled,cortical thickness,F,Group differences,cross-sectional,False,
lh-lingual,lh,0.05599509425001852,0.8477113553533584,0.1045830310273905,198.0,0.0,0,0.2274190371013105,0.0263470611292347,0.115852487395317,198,baseline,0.2212238126774176,0.2337908434509443,0.1045830310273905,0.17139759453235417,0.18113415416817147,5.796879324312987e-12,sampled,cortical thickness,F,Group differences,cross-sectional,False,
rh-lingual,rh,0.09259171604178351,0.8113621280019279,0.1380780569824909,198.0,0.0,0,0.2359538292339235,0.0281028006578953,0.1191029649704662,198,baseline,0.2295261046933,0.2425647626302485,0.1380780569824909,0.17459063341549652,0.18450857957304434,7.69014463351728e-08,sampled,cortical thickness,F,Group differences,cross-sectional,False,
lh-medialorbitofrontal,lh,0.16621151023572234,0.7364567054421018,0.16133561809471747,198.0,0.0,0,0.310921824997338,0.0305518871570613,0.0982622791350298,198,baseline,0.3024518635169947,0.3196332050295875,0.16133561809471747,0.22171166235526668,0.23430640633850702,2.331695625344486e-06,sampled,cortical thickness,F,Group differences,cross-sectional,False,
rh-medialorbitofrontal,rh,2.1001565715383483,0.17378926673533623,0.09928544116966052,198.0,0.0,0,0.2273246586296694,0.0277528416123505,0.122084607009406,198,baseline,0.2211320052122325,0.233693820691681,0.09928544116966052,0.06167520700924793,0.06517878203161247,0.0716638992044583,sampled,cortical thickness,F,Group differences,cross-sectional,False,
lh-middletemporal,lh,0.4512445157328847,0.5198239347731024,0.10875248886020841,198.0,0.0,0,0.1619804787263669,0.0199205968462337,0.1229814666734352,198,baseline,0.1575678955460396,0.1665188333690593,0.10875248886020841,0.10011291660375786,0.10580001732117247,1.5836837946805853e-09,sampled,cortical thickness,F,Group differences,cross-sectional,False,
rh-middletemporal,rh,0.08132075861049047,0.8048525400321557,0.10622456163204892,198.0,0.0,0,0.1445521681524137,0.0171891517713044,0.118913136973362,198,baseline,0.1406143574305015,0.1486022179399193,0.10622456163204892,0.10756655486397015,0.11367707338734855,8.564357369892097e-13,sampled,cortical thickness,F,Group differences,cross-sectional,False,
lh-paracentral,lh,8.761959799361591,0.004090714941418284,0.002145891692907499,198.0,1.0,26,0.1992806988584668,0.0285619234855335,0.1433250869208302,198,baseline,0.193852003580734,0.2048641277504825,0.002145891692907499,0.002078355133306031,0.0021964199682009064,0.9999999999999999,sampled,cortical thickness,F,Group differences,cross-sectional,True,
rh-paracentral,rh,3.6693112926145943,0.06075647246728488,0.022492362396612245,198.0,0.34615384615384615,9,0.1915104463161928,0.0279598431376649,0.1459964387086326,198,baseline,0.1862934239878458,0.1968761689637437,0.022492362396612245,0.023884384774685526,0.02524118174349966,0.34959966926814395,sampled,cortical thickness,F,Group differences,cross-sectional,False,
lh-parahippocampal,lh,0.6234400962369391,0.4487716743604555,0.10019861774084175,198.0,0.0,0,0.1427667535631283,0.0319809077660166,0.2240080898938095,198,baseline,0.1388775801242302,0.146766779763507,0.10019861774084175,0.08094230859405759,0.08554038721258801,9.33531650232845e-09,sampled,cortical thickness,F,Group differences,cross-sectional,False,
rh-parahippocampal,rh,3.2149262439048525,0.0836326249749246,0.03599738925595126,198.0,0.2692307692307692,7,0.1593007639693068,0.0296399923296067,0.1860630896617519,198,baseline,0.1549611801056754,0.1637640386023314,0.03599738925595126,0.024866334692653785,0.026278913155728504,0.174427884701004,sampled,cortical thickness,F,Group differences,cross-sectional,False,
lh-parsopercularis,lh,0.07528528315950324,0.8238100336471662,0.12226412300830986,198.0,0.0,0,0.1585720129850726,0.0184392964469269,0.1162834229055462,198,baseline,0.1542522813552471,0.1630148695378527,0.12226412300830986,0.11835752469048617,0.12508104435621348,1.5391447844016544e-09,sampled,cortical thickness,F,Group differences,cross-sectional,False,
rh-parsopercularis,rh,1.2491349648206933,0.27316267283087875,0.06155204230663751,198.0,0.0,0,0.1689094149946254,0.0201791827696122,0.1194674836228304,198,baseline,0.164308077540479,0.1736419039572632,0.06155204230663751,0.07003107943284016,0.07400932535349566,1.0598362166272336e-07,sampled,cortical thickness,F,Group differences,cross-sectional,False,
lh-parsorbitalis,lh,4.290291429936572,0.044958778212839286,0.022577251719264127,198.0,0.7307692307692307,19,0.2346186166761667,0.0357980218489565,0.1525796305344638,198,baseline,0.2282272652622362,0.2411921402058329,0.022577251719264127,0.021549102315576805,0.022773239214151177,0.6458219697671104,sampled,cortical thickness,F,Group differences,cross-sectional,True,
rh-parsorbitalis,rh,2.8259864033510715,0.10837349289823568,0.05337622732437316,198.0,0.15384615384615385,4,0.2544833944230488,0.036412573500585,0.143084280933684,198,baseline,0.2475508976510107,0.2616134875283977,0.05337622732437316,0.04815725515332645,0.050892917739356044,0.11963626748023676,sampled,cortical thickness,F,Group differences,cross-sectional,False,
lh-parstriangularis,lh,1.7174489064275429,0.20025949007106855,0.054848272339252345,198.0,0.0,0,0.1776335995289247,0.021651503211038,0.1218885575052058,198,baseline,0.1727946026343272,0.1826105219177153,0.054848272339252345,0.058306278922178954,0.06161847570893856,9.307974238258986e-05,sampled,cortical thickness,F,Group differences,cross-sectional,False,
rh-parstriangularis,rh,0.4634660155364717,0.5352405471132353,0.15331082341427468,198.0,0.0,0,0.214009742627133,0.0239994915447305,0.1121420513389647,198,baseline,0.2081798068338334,0.2200058485571198,0.15331082341427468,0.13146188614205795,0.13892982347076738,1.603352389721039e-05,sampled,cortical thickness,F,Group differences,cross-sectional,False,
lh-pericalcarine,lh,1.5448925370183146,0.23291389827198372,0.08421126150500038,198.0,0.0,0,0.2427822143863982,0.0383516949031265,0.1579674812673393,198,baseline,0.2361684747301909,0.2495844648704519,0.08421126150500038,0.08684778586991616,0.09178133612578926,0.0016023245840736233,sampled,cortical thickness,F,Group differences,cross-sectional,False,
rh-pericalcarine,rh,0.11544603553729063,0.7995065875077861,0.1605866147998996,198.0,0.0,0,0.275804706311696,0.0414006769610842,0.1501086675232292,198,baseline,0.2682913860789415,0.283532178036734,0.1605866147998996,0.20174853306900975,0.2132092343059472,4.122865956756234e-06,sampled,cortical thickness,F,Group differences,cross-sectional,False,
lh-postcentral,lh,0.7362672231593904,0.41059445190320176,0.10615803722444762,198.0,0.0,0,0.1933703439871452,0.0200029438392893,0.1034436999327004,198,baseline,0.1881026553486076,0.1987881770821788,0.10615803722444762,0.10360931300937588,0.10949503303767777,7.62614861445646e-07,sampled,cortical thickness,F,Group differences,cross-sectional,False,
rh-postcentral,rh,2.194142849137133,0.14707086595825986,0.042344928153440674,198.0,0.0,0,0.1867384005087614,0.0209784147400103,0.1123411932567459,198,baseline,0.1816513756296823,0.191970420401415,0.042344928153440674,0.04835103952259655,0.051097710390702884,0.001646149857116217,sampled,cortical thickness,F,Group differences,cross-sectional,False,
lh-posteriorcingulate,lh,0.05489358010190005,0.8521811780031805,0.10910602842936629,198.0,0.0,0,0.2156263418968833,0.0254205623137055,0.1178917292297347,198,baseline,0.2097523675947269,0.2216677415613925,0.10910602842936629,0.1625998171259752,0.1718366026277763,6.536526122362382e-11,sampled,cortical thickness,F,Group differences,cross-sectional,False,
rh-posteriorcingulate,rh,0.23339518368520043,0.6589933871211469,0.1233202788837716,198.0,0.0,0,0.2305960315665895,0.0256815625954235,0.1113703580280714,198,baseline,0.2243142612054842,0.2370568506645166,0.1233202788837716,0.15897964033576611,0.16801077495135588,6.80729971389273e-10,sampled,cortical thickness,F,Group differences,cross-sectional,False,
lh-precentral,lh,3.782877724005393,0.06213610211154626,0.03142067662858819,198.0,0.4230769230769231,11,0.2064935031598671,0.0282968294944956,0.1370349626573397,198,baseline,0.2008683206313643,0.2122790197611269,0.03142067662858819,0.024350091909434785,0.02573334423955479,0.4030857343452789,sampled,cortical thickness,F,Group differences,cross-sectional,False,
rh-precentral,rh,3.0412126826710573,0.08812020568969985,0.030220402074875564,198.0,0.07692307692307693,2,0.1867640449233004,0.0271037228968972,0.1451228094145645,198,baseline,0.1816763214531741,0.1919967833188792,0.030220402074875564,0.031769435094011464,0.03357415703443916,0.08567382014631376,sampled,cortical thickness,F,Group differences,cross-sectional,False,
lh-precuneus,lh,0.9894061653209434,0.3270371631413384,0.055790196632909565,198.0,0.0,0,0.1300768689865769,0.0140968365355777,0.108373123103328,198,baseline,0.1265333864092139,0.1337213511298195,0.055790196632909565,0.06140484718048399,0.06489306390915092,2.150871330600327e-13,sampled,cortical thickness,F,Group differences,cross-sectional,False,
rh-precuneus,rh,1.1187652326579416,0.2996003942633484,0.06250025023337345,198.0,0.0,0,0.1389102461928539,0.0133017367462373,0.0957577796512581,198,baseline,0.1351261296082798,0.1428022211128186,0.06250025023337345,0.061468770729884846,0.06496061875485189,3.998376767513939e-09,sampled,cortical thickness,F,Group differences,cross-sectional,False,
lh-rostralanteriorcingulate,lh,0.1647646203677737,0.7407089822902455,0.16657092271576573,198.0,0.0,0,0.2799230980366375,0.0481733188395677,0.172094833107565,198,baseline,0.2722975868398954,0.2877659584946406,0.16657092271576573,0.19975220282925543,0.21109949880817175,5.207194168494076e-06,sampled,cortical thickness,F,Group differences,cross-sectional,False,
rh-rostralanteriorcingulate,rh,0.518160967005668,0.4996816467794032,0.12943106541030008,198.0,0.0,0,0.2623093035628216,0.043211901131267,0.1647364410805888,198,baseline,0.2551636176749564,0.2696586622942327,0.12943106541030008,0.15677351048298163,0.16567932178271863,1.111037876009219e-06,sampled,cortical thickness,F,Group differences,cross-sectional,False,
lh-rostralmiddlefrontal,lh,1.7436936816977318,0.19580209972177373,0.05117797131657366,198.0,0.0,0,0.1761126443209645,0.0167000260550955,0.0948258208232897,198,baseline,0.1713150804522565,0.1810469527220471,0.05117797131657366,0.05705616962493761,0.060297351624371366,5.1332427199216685e-05,sampled,cortical thickness,F,Group differences,cross-sectional,False,
rh-rostralmiddlefrontal,rh,2.010667103984994,0.1645653202740118,0.044632529857713925,198.0,0.0,0,0.1684487265025716,0.0177575939958696,0.1054183926739185,198,baseline,0.1638599388711408,0.1731683079360233,0.044632529857713925,0.04778170845616253,0.05049603741249361,0.00035715485977762577,sampled,cortical thickness,F,Group differences,cross-sectional,False,
lh-superiorfrontal,lh,0.6865324821062604,0.4142629777037013,0.06099143414327443,198.0,0.0,0,0.1233684262137408,0.0144842963486267,0.1174068340916667,198,baseline,0.1200076913475734,0.126824951804177,0.06099143414327443,0.06776858158441486,0.07161830210022319,1.9556615624837547e-18,sampled,cortical thickness,F,Group differences,cross-sectional,False,
rh-superiorfrontal,rh,1.9189813335473755,0.17469264273422086,0.04617660113321592,198.0,0.0,0,0.1346793007918452,0.0150473900449196,0.1117275628582025,198,baseline,0.1310104412966449,0.1384527334599619,0.04617660113321592,0.03998600773879308,0.04225748739408963,0.0001548715566305448,sampled,cortical thickness,F,Group differences,cross-sectional,False,
lh-superiorparietal,lh,0.2567460065286044,0.623954696303422,0.08052594193058116,198.0,0.0,0,0.1107131851846228,0.0116114487483578,0.1048786441198932,198,baseline,0.1076971974395106,0.1138151373577529,0.08052594193058116,0.07543956070156081,0.07972504547557238,1.0214263058970941e-20,sampled,cortical thickness,F,Group differences,cross-sectional,False,
rh-superiorparietal,rh,0.23102055442436983,0.6369047448650412,0.05684657033594086,198.0,0.0,0,0.1104805586522755,0.0111087881798679,0.1005497104230942,198,baseline,0.1074709079913109,0.1135759931159175,0.05684657033594086,0.07625936490018309,0.08059142017882368,4.2097457387020534e-41,sampled,cortical thickness,F,Group differences,cross-sectional,False,
lh-superiortemporal,lh,0.8300087996803073,0.37088588602607764,0.063693663001692,198.0,0.0,0,0.1241350005146594,0.0168956877851795,0.1361073646846628,198,baseline,0.1207533830526798,0.127613003915662,0.063693663001692,0.0634636786978412,0.06706885118603054,1.0465882249810619e-13,sampled,cortical thickness,F,Group differences,cross-sectional,False,
rh-superiortemporal,rh,1.7469203809196192,0.19114913708043335,0.0320538507619385,198.0,0.0,0,0.1140813196589107,0.0156089630677289,0.136823128575282,198,baseline,0.1109735790455074,0.1172776399241022,0.0320538507619385,0.036900186102675314,0.03899636991168224,5.699009552020148e-10,sampled,cortical thickness,F,Group differences,cross-sectional,False,
lh-supramarginal,lh,0.513131677875469,0.48922341525618684,0.09342611218481324,198.0,0.0,0,0.1449302661052451,0.0153438602761511,0.1058706417126754,198,baseline,0.1409821554466966,0.1489909094075564,0.09342611218481324,0.08683860521244284,0.09177163394396654,2.20468920947584e-11,sampled,cortical thickness,F,Group differences,cross-sectional,False,
rh-supramarginal,rh,0.17847967635244505,0.691934139231948,0.10088936885415836,198.0,0.0,0,0.1380360798578665,0.0148051391253896,0.1072555750687377,198,baseline,0.1342757768321663,0.1419035624632259,0.10088936885415836,0.09782611862587781,0.10338331352432542,1.1430992818175613e-14,sampled,cortical thickness,F,Group differences,cross-sectional,False,
lh-temporalpole,lh,2.3446049797644855,0.16655149510060593,0.1317102055433338,198.0,0.038461538461538464,1,0.374971175118182,0.1024662729964699,0.2732643994946411,198,baseline,0.364756416442051,0.3854770841440976,0.1317102055433338,0.09009583519460763,0.09521389694281655,0.19606400021352155,sampled,cortical thickness,F,Group differences,cross-sectional,False,
rh-temporalpole,rh,0.3873525578922269,0.5941851150013249,0.18107227235617876,198.0,0.0,0,0.2771055250454299,0.0862567596981743,0.3112776610427851,198,baseline,0.2695567686236342,0.284869442994025,0.18107227235617876,0.17684272048414046,0.18688860064279678,0.0001053016113142885,sampled,cortical thickness,F,Group differences,cross-sectional,False,
lh-transversetemporal,lh,0.30625260374331176,0.6160445460321232,0.1452255979376153,198.0,0.0,0,0.1959993949343753,0.0359426479185095,0.1833814228382893,198,baseline,0.1906600871348056,0.2014908885449603,0.1452255979376153,0.13027628331520663,0.13767687026680295,4.93614248263288e-07,sampled,cortical thickness,F,Group differences,cross-sectional,False,
rh-transversetemporal,rh,0.06560634863571477,0.8243598528394227,0.09765798253606411,198.0,0.0,0,0.1934608292885966,0.036090339253221,0.1865511451901357,198,baseline,0.1881906756992057,0.1988811975927565,0.09765798253606411,0.14510219998938886,0.15334500075529042,1.9757140133994695e-14,sampled,cortical thickness,F,Group differences,cross-sectional,False,
lh-BrainSegVolNotVent,lh,13.853404846478462,0.00026049495427774065,2.958355339322291e-05,198.0,1.0,26,0.0254340503680745,2748.4335500323227,108061.18216555168,198,baseline,0.0247411899459779,0.0261466593285988,2.4236313947754945e-05,2.357608160296941e-05,2.491536483580891e-05,1.0,simulated,cortical area,F,Group differences,cross-sectional,True,
rh-BrainSegVolNotVent,rh,13.853404846478462,0.00026049495427774065,2.958355339322291e-05,198.0,1.0,26,0.0254340503680745,2748.4335500323227,108061.18216555168,198,baseline,0.0247411899459779,0.0261466593285988,2.4236313947754945e-05,2.357608160296941e-05,2.491536483580891e-05,1.0,simulated,cortical area,F,Group differences,cross-sectional,True,
lh-WhiteSurfArea,lh,6.0750662402185895,0.014859269179315333,0.002937205981412763,198.0,1.0,26,0.0462444083450562,384.4918641193472,8314.342812009421,198,baseline,0.044984643587895,0.0475400800640286,0.001821955350969263,0.001772322644607312,0.0018730027339061816,1.0,simulated,cortical area,F,Group differences,cross-sectional,True,
rh-WhiteSurfArea,rh,6.209807652517989,0.013717932165381107,0.002142080252016813,198.0,1.0,26,0.046405131487687,387.437263774902,8349.017691668507,198,baseline,0.0451409883990043,0.0477053063333711,0.00171207514774474,0.0016654357374911307,0.001760043916922977,1.0,simulated,cortical area,F,Group differences,cross-sectional,True,
lh-bankssts,lh,1.8796245649776884,0.1785161645819367,0.046962815114940264,198.0,0.0,0,0.1625170271542639,29.33760021414135,180.52016288910824,198,baseline,0.1580898276165398,0.1670704147630762,0.05058348786234434,0.049205520285641915,0.05200073152521468,0.00034820412706480325,simulated,cortical area,F,Group differences,cross-sectional,False,
rh-bankssts,rh,3.204421046093353,0.08141965470178783,0.031881231606670224,198.0,0.15384615384615385,4,0.1761685524851671,22.129180670341977,125.61368279509014,198,baseline,0.1713694655969759,0.1811044273162206,0.028416682087084158,0.027642570450891284,0.029212858157767925,0.1237538416395066,simulated,cortical area,F,Group differences,cross-sectional,False,
lh-caudalanteriorcingulate,lh,2.210467442227471,0.14238577419052478,0.030893445282288216,198.0,0.0,0,0.1607811468889614,22.427887894319326,139.49326975387515,198,baseline,0.1564012352474207,0.1652858987589296,0.04245009776809756,0.04129369553439887,0.04363946083087777,0.002872384938765394,simulated,cortical area,F,Group differences,cross-sectional,False,
rh-caudalanteriorcingulate,rh,18.623247620479777,2.9762974170686295e-05,1.883942985225757e-05,198.0,1.0,26,0.1353253806264933,22.15853663761996,163.7426514895896,198,baseline,0.1316389209795097,0.1391169151019399,1.4070310512369027e-05,1.368701484614407e-05,1.4464531220568106e-05,1.0,simulated,cortical area,F,Group differences,cross-sectional,True,
lh-caudalmiddlefrontal,lh,3.0002483030680938,0.08848399706602057,0.024117850165056035,198.0,0.038461538461538464,1,0.1199534945767537,43.10170810591202,359.32015368116544,198,baseline,0.116685787401465,0.1233143409163873,0.021405725544300574,0.020822602533168835,0.022005469258284092,0.020724654978679515,simulated,cortical area,F,Group differences,cross-sectional,False,
rh-caudalmiddlefrontal,rh,0.688734466611632,0.41526671710832763,0.06683607728410418,198.0,0.0,0,0.1401122940993749,51.32327074201448,366.3009807377312,198,baseline,0.1362954319863522,0.1440379478906468,0.07903448944309775,0.07688147531741726,0.08124887073717235,1.3912265225321685e-11,simulated,cortical area,F,Group differences,cross-sectional,False,
lh-cuneus,lh,1.9000179123757979,0.17790558589482106,0.054469068030119416,198.0,0.0,0,0.1279474329970771,29.708415792835016,232.192355070646,198,baseline,0.1244619593446458,0.1315322527922068,0.03942147169245841,0.038347573625841715,0.040525978979286885,5.678092412952188e-06,simulated,cortical area,F,Group differences,cross-sectional,False,
rh-cuneus,rh,1.0021239971197262,0.3262238646740089,0.06399768494899864,198.0,0.0,0,0.127183586261055,31.520840653342287,247.83733168714957,198,baseline,0.123718920901612,0.1307470046662889,0.0613291421036161,0.0596584473196633,0.06304745655105318,2.8586253107914274e-11,simulated,cortical area,F,Group differences,cross-sectional,False,
lh-eTIV,lh,5.582752669966903,0.019127772135261886,3.984343585182257e-05,198.0,1.0,26,0.0006775018545617,114.82821427547876,169487.675203119,198,baseline,0.0006590457213808,0.0006964840412503,3.394383443177297e-05,3.3019155149015126e-05,3.489486976514144e-05,1.0,simulated,cortical area,F,Group differences,cross-sectional,True,
rh-eTIV,rh,5.582752669966903,0.019127772135261886,3.984343585182257e-05,198.0,1.0,26,0.0006775018545617,114.82821427547876,169487.675203119,198,baseline,0.0006590457213808,0.0006964840412503,3.394383443177297e-05,3.3019155149015126e-05,3.489486976514144e-05,1.0,simulated,cortical area,F,Group differences,cross-sectional,True,
lh-entorhinal,lh,0.28575909159441726,0.6572344010828951,0.18192986000680553,198.0,0.0,0,0.3213799624258576,28.616420159053835,89.0423284110491,198,baseline,0.3126251061132636,0.3303843576221925,0.2218657564934617,0.21582181148791912,0.22808197152106108,0.0012173951006732256,simulated,cortical area,F,Group differences,cross-sectional,False,
rh-entorhinal,rh,0.0752456046693102,0.8208939159634266,0.11738246543228377,198.0,0.0,0,0.3186988986766939,23.43320517759158,73.52772562092706,198,baseline,0.3100170784292971,0.32762817606742,0.24454202092362504,0.237880341584884,0.2513935775106811,0.00657166346007498,simulated,cortical area,F,Group differences,cross-sectional,False,
lh-frontalpole,lh,2.0465439436250814,0.17829194198886766,0.09138143461599837,198.0,0.0,0,0.3773811419886781,13.101480073212343,34.71683827170517,198,baseline,0.3671007323195291,0.3879545732519734,0.10809823040196803,0.10515347781791966,0.11112691700463181,0.0855424372134227,simulated,cortical area,F,Group differences,cross-sectional,False,
rh-frontalpole,rh,6.104111178637671,0.020749706586385495,0.016189905953134912,198.0,0.9230769230769231,24,0.3955354638838704,16.524254030090777,41.77692151251023,198,baseline,0.3847605041548942,0.4066175413229629,0.015364349849933748,0.01494580267525223,0.015794826837171146,0.9471259703109662,simulated,cortical area,F,Group differences,cross-sectional,True,
lh-fusiform,lh,2.432881561014443,0.12865161968073424,0.045721394477977545,198.0,0.0,0,0.1458844731994507,53.13683147650845,364.2391154530935,198,baseline,0.1419103685556544,0.1499718513912383,0.03448852940024402,0.03354901183650832,0.03545482594877839,0.002187186182182069,simulated,cortical area,F,Group differences,cross-sectional,False,
rh-fusiform,rh,1.524173203249116,0.23224749375235956,0.07347682809061788,198.0,0.0,0,0.1441965272391274,53.58353346201665,371.60072082149895,198,baseline,0.1402684046915219,0.1482366127111633,0.053577040548308544,0.05211752425453003,0.05507815730401891,8.592990370730484e-07,simulated,cortical area,F,Group differences,cross-sectional,False,
lh-inferiorparietal,lh,2.590707202958304,0.11063270666061828,0.01824003005369426,198.0,0.0,0,0.090049878223483,57.65579279561111,640.2650834521145,198,baseline,0.0875967889304781,0.0925728877004448,0.019685013892316982,0.019148765562340866,0.02023654686031481,7.666514887224558e-05,simulated,cortical area,F,Group differences,cross-sectional,False,
rh-inferiorparietal,rh,2.3574026764003837,0.1290284516448156,0.02482264697176042,198.0,0.0,0,0.0913952920297826,68.60637241294963,750.6554319077304,198,baseline,0.0889055517132782,0.0939559971910773,0.02243186356353617,0.021820787064428724,0.02306035752125434,3.4172509429384837e-06,simulated,cortical area,F,Group differences,cross-sectional,False,
lh-inferiortemporal,lh,1.7478738685465236,0.20161621098380683,0.07243577897204717,198.0,0.0,0,0.1542295087532436,69.64737584379588,451.5826861332144,198,baseline,0.1500280732371507,0.1585506974087784,0.0512590043746987,0.04986263474841672,0.05269517459911626,2.4732813218005512e-05,simulated,cortical area,F,Group differences,cross-sectional,False,
rh-inferiortemporal,rh,1.0513825013115432,0.322166958857687,0.09070733876231626,198.0,0.0,0,0.1343041310673131,60.68253378658399,451.82924236462935,198,baseline,0.130645491739563,0.1380670522634641,0.0631873706116567,0.06146605498793206,0.06495774874011861,2.0078649715681297e-10,simulated,cortical area,F,Group differences,cross-sectional,False,
lh-insula,lh,4.879202964018885,0.04017314759310637,0.041193712754173925,198.0,0.7692307692307693,20,0.2958832113739292,77.8642539520674,263.158742905709,198,baseline,0.2878229235410024,0.3041732408675577,0.020920122793735393,0.020350228305857268,0.021506260933054227,0.725509274189573,simulated,cortical area,F,Group differences,cross-sectional,True,
rh-insula,rh,4.148218075601028,0.06553891065822352,0.0552598722777821,198.0,0.46153846153846156,12,0.3844394039308467,102.64590120122202,267.0015096051029,198,baseline,0.3739667169689447,0.3952105929493139,0.03892684953946369,0.03786642569770476,0.04001749854681263,0.40753102996753204,simulated,cortical area,F,Group differences,cross-sectional,False,
lh-isthmuscingulate,lh,1.4883102544465794,0.23069634225499375,0.04991991325143809,198.0,0.0,0,0.1210797939458732,24.29361864276104,200.64139400188523,198,baseline,0.1177814047421619,0.1244721968410318,0.045799777951196316,0.04455212557086494,0.04708299205534911,1.2112861750737993e-08,simulated,cortical area,F,Group differences,cross-sectional,False,
rh-isthmuscingulate,rh,0.09968236574347021,0.7758379891772852,0.10139221796007819,198.0,0.0,0,0.1552293689142533,24.02260978507083,154.7555720486154,198,baseline,0.1510006957571567,0.1595785715628287,0.11765652188784896,0.11445138758018243,0.12095301185103026,5.670400610345723e-11,simulated,cortical area,F,Group differences,cross-sectional,False,
lh-lateraloccipital,lh,2.5924215014444654,0.11079287600363882,0.018929520388230626,198.0,0.0,0,0.086667419070787,56.750415967724095,654.8068071736654,198,baseline,0.0843064728710899,0.0890956591081221,0.01892950065558181,0.018413833601986306,0.019459865720925475,3.84409457766742e-05,simulated,cortical area,F,Group differences,cross-sectional,False,
rh-lateraloccipital,rh,3.4474609726933867,0.06752474497546243,0.018602003779885013,198.0,0.23076923076923078,6,0.0886034393442928,58.94144006251761,665.2274505223729,198,baseline,0.0861897531443017,0.0910859226254169,0.012674470586008318,0.012329199623932377,0.01302958277532867,0.07318244166934045,simulated,cortical area,F,Group differences,cross-sectional,False,
lh-lateralorbitofrontal,lh,1.692358814682951,0.211651711422995,0.07606486393639893,198.0,0.0,0,0.1637792877687869,48.97632176103156,299.03855626831864,198,baseline,0.1593177024211145,0.1683680412832026,0.055959412270023656,0.05443499671510465,0.057527278104690244,3.4074960960376126e-05,simulated,cortical area,F,Group differences,cross-sectional,False,
rh-lateralorbitofrontal,rh,5.203392639408856,0.03044067706234303,0.02076085280337632,198.0,0.8461538461538461,22,0.3435772758377147,122.86659017865264,357.6097688040564,198,baseline,0.3342177325123413,0.3532035933864842,0.020723952901304847,0.020159402365825377,0.021304594770029408,0.8426224284030389,simulated,cortical area,F,Group differences,cross-sectional,True,
lh-lingual,lh,3.3226953541627564,0.07397918380537123,0.023919688411537327,198.0,0.23076923076923078,6,0.1145207535169832,45.1041852729603,393.8516285283733,198,baseline,0.1114010420879221,0.1177293858009169,0.017423487513611523,0.01694884644235577,0.017911657236722882,0.0710240666114035,simulated,cortical area,F,Group differences,cross-sectional,False,
rh-lingual,rh,2.179847152473754,0.144075467387154,0.028385236488980472,198.0,0.0,0,0.1193138800672271,48.75738965370322,408.6480938029255,198,baseline,0.1160635969188879,0.1226568057444347,0.03198482347583132,0.031113510492903243,0.032880971414512586,6.81082439470722e-05,simulated,cortical area,F,Group differences,cross-sectional,False,
lh-medialorbitofrontal,lh,0.5441590124772842,0.5252895197049982,0.20821769209857202,198.0,0.0,0,0.2843598979190329,70.52712863945244,248.0206567648085,198,baseline,0.2766135218582684,0.29232706824143,0.17245013800131453,0.16775234611692835,0.1772818306261606,0.00018111173840776768,simulated,cortical area,F,Group differences,cross-sectional,False,
rh-medialorbitofrontal,rh,4.578047438137437,0.035798181055933326,0.013036973943131214,198.0,0.8461538461538461,22,0.2345810581718633,59.95775060016726,255.59502147117027,198,baseline,0.2281907299060658,0.2411535293906973,0.019227782042039603,0.018703989370843537,0.019766504328733066,0.795680926100971,simulated,cortical area,F,Group differences,cross-sectional,True,
lh-middletemporal,lh,2.536136774915856,0.11968903650358195,0.03874441888326372,198.0,0.0,0,0.133509632099312,60.85571788565475,455.8151867303987,198,baseline,0.1298726360758078,0.1372502930940585,0.029986283440893588,0.02916941358724082,0.03082643646267202,0.002079249739424364,simulated,cortical area,F,Group differences,cross-sectional,False,
rh-middletemporal,rh,3.913699807970091,0.051636158984104626,0.015007829168708218,198.0,0.46153846153846156,12,0.1072743128265168,47.9306146720843,446.8042107116296,198,baseline,0.1043520049522507,0.1102799149798497,0.012192088410833383,0.011859958238866252,0.012533685259283835,0.4759121240866279,simulated,cortical area,F,Group differences,cross-sectional,False,
lh-paracentral,lh,0.02788114688649562,0.9022388207728462,0.08894157662556343,198.0,0.0,0,0.1514070532273575,24.720861996925144,163.27417692888804,198,baseline,0.1472825054935373,0.155649162575062,0.11897435421442792,0.11573332024277425,0.12230776708649706,1.9430772617196625e-07,simulated,cortical area,F,Group differences,cross-sectional,False,
rh-paracentral,rh,0.632140439899521,0.4378625720306838,0.07787439725395297,198.0,0.0,0,0.1358936543950591,28.381437979003486,208.85035512030052,198,baseline,0.1321917141463837,0.1397011107143981,0.07885873900487164,0.07671051257604042,0.08106819613880328,8.536693668548758e-13,simulated,cortical area,F,Group differences,cross-sectional,False,
lh-parahippocampal,lh,0.5332011985272083,0.5117426290035192,0.1666576319444027,198.0,0.0,0,0.2379283746062027,20.273261793434813,85.20741516008445,198,baseline,0.2314468605857171,0.2445946306391068,0.14508630562059646,0.14113394421932693,0.14915132082416713,1.036360523731473e-05,simulated,cortical area,F,Group differences,cross-sectional,False,
rh-parahippocampal,rh,0.8586237029997934,0.407536831023059,0.18389549076301903,198.0,0.0,0,0.2848842299195273,21.960830249971547,77.08685825177102,198,baseline,0.2771235702945675,0.2928660909292682,0.1475964229965663,0.14357568235724943,0.1517317664454694,0.0004947778233862929,simulated,cortical area,F,Group differences,cross-sectional,False,
lh-parsopercularis,lh,8.177610495017214,0.004941323885922607,0.001669915307697677,198.0,1.0,26,0.1197012302404864,31.929169619203574,266.740530193851,198,baseline,0.1164403951116069,0.1230550086603886,0.0017007767253316354,0.0016544451004920251,0.0017484289363158456,1.0,simulated,cortical area,F,Group differences,cross-sectional,True,
rh-parsopercularis,rh,6.171959595413376,0.015415460947782485,0.007428899839585061,198.0,1.0,26,0.1813978322798997,37.33780806932715,205.83381620412263,198,baseline,0.1764562922254449,0.1864802206070299,0.006817082952909221,0.006631375725634518,0.007008083376615956,0.9997301241993776,simulated,cortical area,F,Group differences,cross-sectional,True,
lh-parsorbitalis,lh,0.9177212910510673,0.35730840328461055,0.09959888043229169,198.0,0.0,0,0.1812212469046226,17.839265292309157,98.43914881403514,198,baseline,0.1762845172919135,0.1862986876784178,0.09115414963562339,0.08867097838769385,0.09370809849077133,7.017358652864235e-07,simulated,cortical area,F,Group differences,cross-sectional,False,
rh-parsorbitalis,rh,7.505952733736645,0.008524225115776588,0.00567324205560191,198.0,1.0,26,0.186131721787977,23.060387600850863,123.89283986272366,198,baseline,0.1810612237171913,0.1913467438102035,0.003659064912925913,0.0035593866775147317,0.0037615842681350234,0.9999999988694145,simulated,cortical area,F,Group differences,cross-sectional,True,
lh-parstriangularis,lh,8.503744834158775,0.0041896171943469895,0.0014725932729099346,198.0,1.0,26,0.1260441207856303,27.80385874288965,220.58830328292024,198,baseline,0.1226104961184421,0.1295756137485439,0.0015302821987531314,0.0014885950921062917,0.0015731575092593614,1.0,simulated,cortical area,F,Group differences,cross-sectional,True,
rh-parstriangularis,rh,8.474566492338012,0.004517936215578861,0.0022540943371027185,198.0,1.0,26,0.1690325985784775,42.94998075588448,254.09288573377688,198,baseline,0.164427905424839,0.173768538887809,0.0020812564523750602,0.0020245600079151593,0.00213956891050297,1.0,simulated,cortical area,F,Group differences,cross-sectional,True,
lh-pericalcarine,lh,4.971245929562811,0.028193047989798433,0.008334647123784017,198.0,1.0,26,0.1440878822847119,38.97643282115894,270.5045851402206,198,baseline,0.1401627193832456,0.1481249237520804,0.009738029772538143,0.009472751717295348,0.010010869024381159,0.9743244918098913,simulated,cortical area,F,Group differences,cross-sectional,True,
rh-pericalcarine,rh,3.1994746068652793,0.0785905151543175,0.022358484738361398,198.0,0.07692307692307693,2,0.1607582964148739,45.80598319377171,284.9369781548243,198,baseline,0.1563790072533901,0.1652624080622919,0.025994455728053895,0.02528632905112797,0.02672276607609877,0.12618497181460994,simulated,cortical area,F,Group differences,cross-sectional,False,
lh-postcentral,lh,2.290465491902501,0.135350633578059,0.02963917867551675,198.0,0.0,0,0.1216786992946906,61.86780999013875,508.45226279336407,198,baseline,0.1183639950406128,0.1250878822666319,0.0308741671319526,0.0300331100387506,0.03173919679999833,0.00020687159602993249,simulated,cortical area,F,Group differences,cross-sectional,False,
rh-postcentral,rh,0.02983241739981666,0.8888199675250632,0.0800055434403035,198.0,0.0,0,0.1750970423646856,86.46115511726259,493.7899232882787,198,baseline,0.1703271449663166,0.1800028957205081,0.13745491338307042,0.13371044217507944,0.14130611291784126,3.3390553015552537e-06,simulated,cortical area,F,Group differences,cross-sectional,False,
lh-posteriorcingulate,lh,9.145314802071907,0.003305425659591519,0.0017327398377347649,198.0,1.0,26,0.1600296749708746,27.37360953244016,171.05333456074413,198,baseline,0.1556702345143329,0.1645133721674949,0.0014269367839256748,0.001388064956273052,0.0014669165717931833,1.0,simulated,cortical area,F,Group differences,cross-sectional,True,
rh-posteriorcingulate,rh,8.080646811561582,0.005822008452721951,0.003887070878026811,198.0,1.0,26,0.141793127476066,27.26097748707653,192.25880670188369,198,baseline,0.1379304770239469,0.1457658747073541,0.00211120814149839,0.0020536957695842235,0.002170359783387567,1.0,simulated,cortical area,F,Group differences,cross-sectional,True,
lh-precentral,lh,0.2895080688333075,0.6046659196703204,0.08767539865728295,198.0,0.0,0,0.109083047641389,57.18122569403853,524.199011032604,198,baseline,0.1061114672073396,0.1121393267658546,0.07516432118132285,0.07311673605246478,0.07727026844534063,8.142189135598163e-23,simulated,cortical area,F,Group differences,cross-sectional,False,
rh-precentral,rh,0.03966661849170576,0.8696479942536597,0.08801900366862411,198.0,0.0,0,0.1542482773789897,90.93644142573636,589.5459124143376,198,baseline,0.1500463305783091,0.1585699918922109,0.12049135895255479,0.11720899957153971,0.12386727512841954,1.4983095335123645e-08,simulated,cortical area,F,Group differences,cross-sectional,False,
lh-precuneus,lh,3.572671772090103,0.062460192675092466,0.01663349303608054,198.0,0.34615384615384615,9,0.1118659619278976,55.41171197858647,495.3402359718826,198,baseline,0.1088185708722875,0.1150002124972663,0.015042731527800442,0.014632945702695663,0.015464197441500427,0.20958111042607852,simulated,cortical area,F,Group differences,cross-sectional,False,
rh-precuneus,rh,2.1363189553558994,0.14782616052998657,0.024642932456576505,198.0,0.0,0,0.0912551884615441,45.853508083615615,502.4756274865263,198,baseline,0.0887692647694477,0.093811968213528,0.02499815148109339,0.024317165576914886,0.025698547465381125,1.2768915882158659e-07,simulated,cortical area,F,Group differences,cross-sectional,False,
lh-rostralanteriorcingulate,lh,2.943209889501075,0.09452247814977272,0.03842770053291479,198.0,0.038461538461538464,1,0.2020922832616363,37.01469646596814,183.1573965545607,198,baseline,0.1965869963467813,0.2077544868753331,0.03709633431313786,0.03608577636116101,0.038135696107723646,0.09645741869611987,simulated,cortical area,F,Group differences,cross-sectional,False,
rh-rostralanteriorcingulate,rh,6.4766807838953735,0.013399317541960146,0.006595586512779967,198.0,1.0,26,0.1727681829842004,22.26143368432118,128.8514661658332,198,baseline,0.1680617270931814,0.1776087865650828,0.005597384329450733,0.005444903461755029,0.005754211345633406,0.9999857250012163,simulated,cortical area,F,Group differences,cross-sectional,True,
lh-rostralmiddlefrontal,lh,5.6007424910102195,0.023727450179571195,0.018413104223911306,198.0,0.8846153846153846,23,0.1596031156135336,122.54322707494894,767.799717467156,198,baseline,0.1552552952525763,0.1640748615080279,0.007926353583083702,0.007710428214934085,0.00814843345262266,0.9961481956183543,simulated,cortical area,F,Group differences,cross-sectional,True,
rh-rostralmiddlefrontal,rh,14.377216973406089,0.00023244306953724693,0.0001233576965533428,198.0,1.0,26,0.1770472915496215,151.18128229562717,853.9033891589085,198,baseline,0.1722242665347733,0.1820077868136076,0.000131955911150516,0.00012836124073920585,0.00013565304012994265,1.0,simulated,cortical area,F,Group differences,cross-sectional,True,
lh-superiorfrontal,lh,1.3113326613115521,0.2612355530574035,0.05291158136274318,198.0,0.0,0,0.1114963846088467,101.508338674775,910.4182080063676,198,baseline,0.1084590613754502,0.114620280393769,0.04606866482963977,0.04481368758074053,0.04735941258243184,2.0978044291974794e-11,simulated,cortical area,F,Group differences,cross-sectional,False,
rh-superiorfrontal,rh,2.160694767163151,0.14842245607090432,0.03781121305680683,198.0,0.0,0,0.141654624851114,134.86331277005297,952.0572513026028,198,baseline,0.1377957474113855,0.1456234915281777,0.038337017274485755,0.037292661319129665,0.03941114041390774,0.0004440511453281819,simulated,cortical area,F,Group differences,cross-sectional,False,
lh-superiorparietal,lh,0.7275114263767983,0.4084606641389982,0.08992139317964519,198.0,0.0,0,0.1199768354989493,84.21899400401878,701.9604547309161,198,baseline,0.1167084924830858,0.1233383358024644,0.06637509149994565,0.06456693773568799,0.06823478290866648,2.285591856195606e-15,simulated,cortical area,F,Group differences,cross-sectional,False,
rh-superiorparietal,rh,0.08354198677145673,0.794168264195694,0.09366495302876934,198.0,0.0,0,0.1665201115094589,102.07437033103402,612.9852388744997,198,baseline,0.1619838621477434,0.1711856571796089,0.12724177472663553,0.12377552422899243,0.1308068234511215,2.5160960867105713e-09,simulated,cortical area,F,Group differences,cross-sectional,False,
lh-superiortemporal,lh,3.925116931512801,0.05379070722587047,0.022978873698804074,198.0,0.4230769230769231,11,0.1138527849722163,53.225762948893845,467.49636350030966,198,baseline,0.11075126997515,0.1170427021728871,0.012867159028611514,0.012516638953879793,0.013227669945574597,0.41106375144055635,simulated,cortical area,F,Group differences,cross-sectional,False,
rh-superiortemporal,rh,4.74027252716773,0.0315264196900969,0.007780658861860358,198.0,0.9615384615384616,25,0.1091983715557246,42.90577966330327,392.9159295329616,198,baseline,0.1062236495309805,0.1122578818153625,0.00826535903732263,0.008040198668899056,0.00849693713151953,0.9769972260813538,simulated,cortical area,F,Group differences,cross-sectional,True,
lh-supramarginal,lh,1.9681758168272434,0.16418213047629113,0.0240719112316606,198.0,0.0,0,0.0949808615046219,65.36188829384018,688.1585117087989,198,baseline,0.0923934450750391,0.0976420268324798,0.028288258184231564,0.027517645001421058,0.02908083608543018,2.8686307433789456e-08,simulated,cortical area,F,Group differences,cross-sectional,False,
rh-supramarginal,rh,1.3867145619923176,0.24657913976229365,0.048607520168382296,198.0,0.0,0,0.1410647642857712,77.06652077723909,546.3201329363617,198,baseline,0.1372219555033887,0.145017104301991,0.05613362320451051,0.054604461891056985,0.057706370065641235,3.4859739121690936e-07,simulated,cortical area,F,Group differences,cross-sectional,False,
lh-temporalpole,lh,0.3216001713221387,0.6300199667561288,0.1804748899275774,198.0,0.0,0,0.3966183294570134,26.70812584240957,67.3396155920834,198,baseline,0.3858138708992142,0.4077307465273994,0.26892683600061545,0.26160087893093936,0.27646160416715326,0.011927175497798306,simulated,cortical area,F,Group differences,cross-sectional,False,
rh-temporalpole,rh,3.082588643921574,0.09820270987140814,0.06057715165727348,198.0,0.3076923076923077,8,0.3554778762416623,23.62934020927624,66.4720416896281,198,baseline,0.3457941433004096,0.3654376237538371,0.06090195079660223,0.059242893323459576,0.06260829623600361,0.23173095139913044,simulated,cortical area,F,Group differences,cross-sectional,False,
lh-transversetemporal,lh,3.7560037581678603,0.0585484489933057,0.0218679198958787,198.0,0.38461538461538464,10,0.183877294581802,13.495776196128,73.3955555895135,198,baseline,0.1788682103779802,0.1890291522631265,0.022587739516195224,0.021972416730051663,0.023220600792487812,0.3929788204711285,simulated,cortical area,F,Group differences,cross-sectional,False,
rh-transversetemporal,rh,4.852684359819049,0.03675252682069894,0.026078062227226976,198.0,0.6923076923076923,18,0.2317023016633212,10.308611678954383,44.49076079500272,198,baseline,0.225390394900224,0.2381941161384015,0.016596746432429806,0.01614462698734772,0.01706175259747793,0.8050675113472798,simulated,cortical area,F,Group differences,cross-sectional,True,
lh-BrainSegVolNotVent,lh,13.853404846478462,0.00026049495427774065,2.958355339322291e-05,198.0,1.0,26,0.0254340503680745,2748.4335500323227,108061.18216555168,198,baseline,0.0247411899459779,0.0261466593285988,2.958355339322291e-05,2.357608160296941e-05,2.491536483580891e-05,1.0,sampled,cortical area,F,Group differences,cross-sectional,True,
rh-BrainSegVolNotVent,rh,13.853404846478462,0.00026049495427774065,2.958355339322291e-05,198.0,1.0,26,0.0254340503680745,2748.4335500323227,108061.18216555168,198,baseline,0.0247411899459779,0.0261466593285988,2.958355339322291e-05,2.357608160296941e-05,2.491536483580891e-05,1.0,sampled,cortical area,F,Group differences,cross-sectional,True,
lh-WhiteSurfArea,lh,6.0750662402185895,0.014859269179315333,0.002937205981412763,198.0,1.0,26,0.0462444083450562,384.4918641193472,8314.342812009421,198,baseline,0.044984643587895,0.0475400800640286,0.002937205981412763,0.001772322644607312,0.0018730027339061816,0.9999999999999972,sampled,cortical area,F,Group differences,cross-sectional,True,
rh-WhiteSurfArea,rh,6.209807652517989,0.013717932165381107,0.002142080252016813,198.0,1.0,26,0.046405131487687,387.437263774902,8349.017691668507,198,baseline,0.0451409883990043,0.0477053063333711,0.002142080252016813,0.0016654357374911307,0.001760043916922977,1.0,sampled,cortical area,F,Group differences,cross-sectional,True,
lh-bankssts,lh,1.8796245649776884,0.1785161645819367,0.046962815114940264,198.0,0.0,0,0.1625170271542639,29.33760021414135,180.52016288910824,198,baseline,0.1580898276165398,0.1670704147630762,0.046962815114940264,0.049205520285641915,0.05200073152521468,0.00012080463063928478,sampled,cortical area,F,Group differences,cross-sectional,False,
rh-bankssts,rh,3.204421046093353,0.08141965470178783,0.031881231606670224,198.0,0.15384615384615385,4,0.1761685524851671,22.129180670341977,125.61368279509014,198,baseline,0.1713694655969759,0.1811044273162206,0.031881231606670224,0.027642570450891284,0.029212858157767925,0.15801440748707762,sampled,cortical area,F,Group differences,cross-sectional,False,
lh-caudalanteriorcingulate,lh,2.210467442227471,0.14238577419052478,0.030893445282288216,198.0,0.0,0,0.1607811468889614,22.427887894319326,139.49326975387515,198,baseline,0.1564012352474207,0.1652858987589296,0.030893445282288216,0.04129369553439887,0.04363946083087777,5.378792336292145e-05,sampled,cortical area,F,Group differences,cross-sectional,False,
rh-caudalanteriorcingulate,rh,18.623247620479777,2.9762974170686295e-05,1.883942985225757e-05,198.0,1.0,26,0.1353253806264933,22.15853663761996,163.7426514895896,198,baseline,0.1316389209795097,0.1391169151019399,1.883942985225757e-05,1.368701484614407e-05,1.4464531220568106e-05,1.0,sampled,cortical area,F,Group differences,cross-sectional,True,
lh-caudalmiddlefrontal,lh,3.0002483030680938,0.08848399706602057,0.024117850165056035,198.0,0.038461538461538464,1,0.1199534945767537,43.10170810591202,359.32015368116544,198,baseline,0.116685787401465,0.1233143409163873,0.024117850165056035,0.020822602533168835,0.022005469258284092,0.036781109550634856,sampled,cortical area,F,Group differences,cross-sectional,False,
rh-caudalmiddlefrontal,rh,0.688734466611632,0.41526671710832763,0.06683607728410418,198.0,0.0,0,0.1401122940993749,51.32327074201448,366.3009807377312,198,baseline,0.1362954319863522,0.1440379478906468,0.06683607728410418,0.07688147531741726,0.08124887073717235,1.1681936085440469e-15,sampled,cortical area,F,Group differences,cross-sectional,False,
lh-cuneus,lh,1.9000179123757979,0.17790558589482106,0.054469068030119416,198.0,0.0,0,0.1279474329970771,29.708415792835016,232.192355070646,198,baseline,0.1244619593446458,0.1315322527922068,0.054469068030119416,0.038347573625841715,0.040525978979286885,0.0009266165222675019,sampled,cortical area,F,Group differences,cross-sectional,False,
rh-cuneus,rh,1.0021239971197262,0.3262238646740089,0.06399768494899864,198.0,0.0,0,0.127183586261055,31.520840653342287,247.83733168714957,198,baseline,0.123718920901612,0.1307470046662889,0.06399768494899864,0.0596584473196633,0.06304745655105318,1.8310290692615107e-10,sampled,cortical area,F,Group differences,cross-sectional,False,
lh-eTIV,lh,5.582752669966903,0.019127772135261886,3.984343585182257e-05,198.0,1.0,26,0.0006775018545617,114.82821427547876,169487.675203119,198,baseline,0.0006590457213808,0.0006964840412503,3.984343585182257e-05,3.3019155149015126e-05,3.489486976514144e-05,1.0,sampled,cortical area,F,Group differences,cross-sectional,True,
rh-eTIV,rh,5.582752669966903,0.019127772135261886,3.984343585182257e-05,198.0,1.0,26,0.0006775018545617,114.82821427547876,169487.675203119,198,baseline,0.0006590457213808,0.0006964840412503,3.984343585182257e-05,3.3019155149015126e-05,3.489486976514144e-05,1.0,sampled,cortical area,F,Group differences,cross-sectional,True,
lh-entorhinal,lh,0.28575909159441726,0.6572344010828951,0.18192986000680553,198.0,0.0,0,0.3213799624258576,28.616420159053835,89.0423284110491,198,baseline,0.3126251061132636,0.3303843576221925,0.18192986000680553,0.21582181148791912,0.22808197152106108,4.956079607763594e-05,sampled,cortical area,F,Group differences,cross-sectional,False,
rh-entorhinal,rh,0.0752456046693102,0.8208939159634266,0.11738246543228377,198.0,0.0,0,0.3186988986766939,23.43320517759158,73.52772562092706,198,baseline,0.3100170784292971,0.32762817606742,0.11738246543228377,0.237880341584884,0.2513935775106811,2.4402382294500696e-10,sampled,cortical area,F,Group differences,cross-sectional,False,
lh-frontalpole,lh,2.0465439436250814,0.17829194198886766,0.09138143461599837,198.0,0.0,0,0.3773811419886781,13.101480073212343,34.71683827170517,198,baseline,0.3671007323195291,0.3879545732519734,0.09138143461599837,0.10515347781791966,0.11112691700463181,0.04330651651957527,sampled,cortical area,F,Group differences,cross-sectional,False,
rh-frontalpole,rh,6.104111178637671,0.020749706586385495,0.016189905953134912,198.0,0.9230769230769231,24,0.3955354638838704,16.524254030090777,41.77692151251023,198,baseline,0.3847605041548942,0.4066175413229629,0.016189905953134912,0.01494580267525223,0.015794826837171146,0.9403833926885599,sampled,cortical area,F,Group differences,cross-sectional,True,
lh-fusiform,lh,2.432881561014443,0.12865161968073424,0.045721394477977545,198.0,0.0,0,0.1458844731994507,53.13683147650845,364.2391154530935,198,baseline,0.1419103685556544,0.1499718513912383,0.045721394477977545,0.03354901183650832,0.03545482594877839,0.018321080818148046,sampled,cortical area,F,Group differences,cross-sectional,False,
rh-fusiform,rh,1.524173203249116,0.23224749375235956,0.07347682809061788,198.0,0.0,0,0.1441965272391274,53.58353346201665,371.60072082149895,198,baseline,0.1402684046915219,0.1482366127111633,0.07347682809061788,0.05211752425453003,0.05507815730401891,0.0003203580667241366,sampled,cortical area,F,Group differences,cross-sectional,False,
lh-inferiorparietal,lh,2.590707202958304,0.11063270666061828,0.01824003005369426,198.0,0.0,0,0.090049878223483,57.65579279561111,640.2650834521145,198,baseline,0.0875967889304781,0.0925728877004448,0.01824003005369426,0.019148765562340866,0.02023654686031481,2.1056700058681766e-05,sampled,cortical area,F,Group differences,cross-sectional,False,
rh-inferiorparietal,rh,2.3574026764003837,0.1290284516448156,0.02482264697176042,198.0,0.0,0,0.0913952920297826,68.60637241294963,750.6554319077304,198,baseline,0.0889055517132782,0.0939559971910773,0.02482264697176042,0.021820787064428724,0.02306035752125434,2.5411686882603267e-05,sampled,cortical area,F,Group differences,cross-sectional,False,
lh-inferiortemporal,lh,1.7478738685465236,0.20161621098380683,0.07243577897204717,198.0,0.0,0,0.1542295087532436,69.64737584379588,451.5826861332144,198,baseline,0.1500280732371507,0.1585506974087784,0.07243577897204717,0.04986263474841672,0.05269517459911626,0.0026547339482998872,sampled,cortical area,F,Group differences,cross-sectional,False,
rh-inferiortemporal,rh,1.0513825013115432,0.322166958857687,0.09070733876231626,198.0,0.0,0,0.1343041310673131,60.68253378658399,451.82924236462935,198,baseline,0.130645491739563,0.1380670522634641,0.09070733876231626,0.06146605498793206,0.06495774874011861,9.954840073377813e-06,sampled,cortical area,F,Group differences,cross-sectional,False,
lh-insula,lh,4.879202964018885,0.04017314759310637,0.041193712754173925,198.0,0.7692307692307693,20,0.2958832113739292,77.8642539520674,263.158742905709,198,baseline,0.2878229235410024,0.3041732408675577,0.041193712754173925,0.020350228305857268,0.021506260933054227,0.7087314930519854,sampled,cortical area,F,Group differences,cross-sectional,True,
rh-insula,rh,4.148218075601028,0.06553891065822352,0.0552598722777821,198.0,0.46153846153846156,12,0.3844394039308467,102.64590120122202,267.0015096051029,198,baseline,0.3739667169689447,0.3952105929493139,0.0552598722777821,0.03786642569770476,0.04001749854681263,0.49307419872728364,sampled,cortical area,F,Group differences,cross-sectional,False,
lh-isthmuscingulate,lh,1.4883102544465794,0.23069634225499375,0.04991991325143809,198.0,0.0,0,0.1210797939458732,24.29361864276104,200.64139400188523,198,baseline,0.1177814047421619,0.1244721968410318,0.04991991325143809,0.04455212557086494,0.04708299205534911,1.6868227683973988e-07,sampled,cortical area,F,Group differences,cross-sectional,False,
rh-isthmuscingulate,rh,0.09968236574347021,0.7758379891772852,0.10139221796007819,198.0,0.0,0,0.1552293689142533,24.02260978507083,154.7555720486154,198,baseline,0.1510006957571567,0.1595785715628287,0.10139221796007819,0.11445138758018243,0.12095301185103026,1.899983183911124e-14,sampled,cortical area,F,Group differences,cross-sectional,False,
lh-lateraloccipital,lh,2.5924215014444654,0.11079287600363882,0.018929520388230626,198.0,0.0,0,0.086667419070787,56.750415967724095,654.8068071736654,198,baseline,0.0843064728710899,0.0890956591081221,0.018929520388230626,0.018413833601986306,0.019459865720925475,3.84416295478462e-05,sampled,cortical area,F,Group differences,cross-sectional,False,
rh-lateraloccipital,rh,3.4474609726933867,0.06752474497546243,0.018602003779885013,198.0,0.23076923076923078,6,0.0886034393442928,58.94144006251761,665.2274505223729,198,baseline,0.0861897531443017,0.0910859226254169,0.018602003779885013,0.012329199623932377,0.01302958277532867,0.1734974550160997,sampled,cortical area,F,Group differences,cross-sectional,False,
lh-lateralorbitofrontal,lh,1.692358814682951,0.211651711422995,0.07606486393639893,198.0,0.0,0,0.1637792877687869,48.97632176103156,299.03855626831864,198,baseline,0.1593177024211145,0.1683680412832026,0.07606486393639893,0.05443499671510465,0.057527278104690244,0.002181436927803683,sampled,cortical area,F,Group differences,cross-sectional,False,
rh-lateralorbitofrontal,rh,5.203392639408856,0.03044067706234303,0.02076085280337632,198.0,0.8461538461538461,22,0.3435772758377147,122.86659017865264,357.6097688040564,198,baseline,0.3342177325123413,0.3532035933864842,0.02076085280337632,0.020159402365825377,0.021304594770029408,0.842371493284131,sampled,cortical area,F,Group differences,cross-sectional,True,
lh-lingual,lh,3.3226953541627564,0.07397918380537123,0.023919688411537327,198.0,0.23076923076923078,6,0.1145207535169832,45.1041852729603,393.8516285283733,198,baseline,0.1114010420879221,0.1177293858009169,0.023919688411537327,0.01694884644235577,0.017911657236722882,0.15437740362752841,sampled,cortical area,F,Group differences,cross-sectional,False,
rh-lingual,rh,2.179847152473754,0.144075467387154,0.028385236488980472,198.0,0.0,0,0.1193138800672271,48.75738965370322,408.6480938029255,198,baseline,0.1160635969188879,0.1226568057444347,0.028385236488980472,0.031113510492903243,0.032880971414512586,7.797118179439225e-06,sampled,cortical area,F,Group differences,cross-sectional,False,
lh-medialorbitofrontal,lh,0.5441590124772842,0.5252895197049982,0.20821769209857202,198.0,0.0,0,0.2843598979190329,70.52712863945244,248.0206567648085,198,baseline,0.2766135218582684,0.29232706824143,0.20821769209857202,0.16775234611692835,0.1772818306261606,0.002389531363752704,sampled,cortical area,F,Group differences,cross-sectional,False,
rh-medialorbitofrontal,rh,4.578047438137437,0.035798181055933326,0.013036973943131214,198.0,0.8461538461538461,22,0.2345810581718633,59.95775060016726,255.59502147117027,198,baseline,0.2281907299060658,0.2411535293906973,0.013036973943131214,0.018703989370843537,0.019766504328733066,0.8614531755745001,sampled,cortical area,F,Group differences,cross-sectional,True,
lh-middletemporal,lh,2.536136774915856,0.11968903650358195,0.03874441888326372,198.0,0.0,0,0.133509632099312,60.85571788565475,455.8151867303987,198,baseline,0.1298726360758078,0.1372502930940585,0.03874441888326372,0.02916941358724082,0.03082643646267202,0.015060841760533603,sampled,cortical area,F,Group differences,cross-sectional,False,
rh-middletemporal,rh,3.913699807970091,0.051636158984104626,0.015007829168708218,198.0,0.46153846153846156,12,0.1072743128265168,47.9306146720843,446.8042107116296,198,baseline,0.1043520049522507,0.1102799149798497,0.015007829168708218,0.011859958238866252,0.012533685259283835,0.4930263130355756,sampled,cortical area,F,Group differences,cross-sectional,False,
lh-paracentral,lh,0.02788114688649562,0.9022388207728462,0.08894157662556343,198.0,0.0,0,0.1514070532273575,24.720861996925144,163.27417692888804,198,baseline,0.1472825054935373,0.155649162575062,0.08894157662556343,0.11573332024277425,0.12230776708649706,1.191305916456227e-12,sampled,cortical area,F,Group differences,cross-sectional,False,
rh-paracentral,rh,0.632140439899521,0.4378625720306838,0.07787439725395297,198.0,0.0,0,0.1358936543950591,28.381437979003486,208.85035512030052,198,baseline,0.1321917141463837,0.1397011107143981,0.07787439725395297,0.07671051257604042,0.08106819613880328,4.3586089948057494e-13,sampled,cortical area,F,Group differences,cross-sectional,False,
lh-parahippocampal,lh,0.5332011985272083,0.5117426290035192,0.1666576319444027,198.0,0.0,0,0.2379283746062027,20.273261793434813,85.20741516008445,198,baseline,0.2314468605857171,0.2445946306391068,0.1666576319444027,0.14113394421932693,0.14915132082416713,0.00014337605561654464,sampled,cortical area,F,Group differences,cross-sectional,False,
rh-parahippocampal,rh,0.8586237029997934,0.407536831023059,0.18389549076301903,198.0,0.0,0,0.2848842299195273,21.960830249971547,77.08685825177102,198,baseline,0.2771235702945675,0.2928660909292682,0.18389549076301903,0.14357568235724943,0.1517317664454694,0.005957664583424035,sampled,cortical area,F,Group differences,cross-sectional,False,
lh-parsopercularis,lh,8.177610495017214,0.004941323885922607,0.001669915307697677,198.0,1.0,26,0.1197012302404864,31.929169619203574,266.740530193851,198,baseline,0.1164403951116069,0.1230550086603886,0.001669915307697677,0.0016544451004920251,0.0017484289363158456,1.0,sampled,cortical area,F,Group differences,cross-sectional,True,
rh-parsopercularis,rh,6.171959595413376,0.015415460947782485,0.007428899839585061,198.0,1.0,26,0.1813978322798997,37.33780806932715,205.83381620412263,198,baseline,0.1764562922254449,0.1864802206070299,0.007428899839585061,0.006631375725634518,0.007008083376615956,0.9993040358046898,sampled,cortical area,F,Group differences,cross-sectional,True,
lh-parsorbitalis,lh,0.9177212910510673,0.35730840328461055,0.09959888043229169,198.0,0.0,0,0.1812212469046226,17.839265292309157,98.43914881403514,198,baseline,0.1762845172919135,0.1862986876784178,0.09959888043229169,0.08867097838769385,0.09370809849077133,5.809104015805711e-06,sampled,cortical area,F,Group differences,cross-sectional,False,
rh-parsorbitalis,rh,7.505952733736645,0.008524225115776588,0.00567324205560191,198.0,1.0,26,0.186131721787977,23.060387600850863,123.89283986272366,198,baseline,0.1810612237171913,0.1913467438102035,0.00567324205560191,0.0035593866775147317,0.0037615842681350234,0.9999618052499151,sampled,cortical area,F,Group differences,cross-sectional,True,
lh-parstriangularis,lh,8.503744834158775,0.0041896171943469895,0.0014725932729099346,198.0,1.0,26,0.1260441207856303,27.80385874288965,220.58830328292024,198,baseline,0.1226104961184421,0.1295756137485439,0.0014725932729099346,0.0014885950921062917,0.0015731575092593614,1.0,sampled,cortical area,F,Group differences,cross-sectional,True,
rh-parstriangularis,rh,8.474566492338012,0.004517936215578861,0.0022540943371027185,198.0,1.0,26,0.1690325985784775,42.94998075588448,254.09288573377688,198,baseline,0.164427905424839,0.173768538887809,0.0022540943371027185,0.0020245600079151593,0.00213956891050297,0.9999999999999997,sampled,cortical area,F,Group differences,cross-sectional,True,
lh-pericalcarine,lh,4.971245929562811,0.028193047989798433,0.008334647123784017,198.0,1.0,26,0.1440878822847119,38.97643282115894,270.5045851402206,198,baseline,0.1401627193832456,0.1481249237520804,0.008334647123784017,0.009472751717295348,0.010010869024381159,0.9876060849202902,sampled,cortical area,F,Group differences,cross-sectional,True,
rh-pericalcarine,rh,3.1994746068652793,0.0785905151543175,0.022358484738361398,198.0,0.07692307692307693,2,0.1607582964148739,45.80598319377171,284.9369781548243,198,baseline,0.1563790072533901,0.1652624080622919,0.022358484738361398,0.02528632905112797,0.02672276607609877,0.08608622357699217,sampled,cortical area,F,Group differences,cross-sectional,False,
lh-postcentral,lh,2.290465491902501,0.135350633578059,0.02963917867551675,198.0,0.0,0,0.1216786992946906,61.86780999013875,508.45226279336407,198,baseline,0.1183639950406128,0.1250878822666319,0.02963917867551675,0.0300331100387506,0.03173919679999833,0.00011406150229978115,sampled,cortical area,F,Group differences,cross-sectional,False,
rh-postcentral,rh,0.02983241739981666,0.8888199675250632,0.0800055434403035,198.0,0.0,0,0.1750970423646856,86.46115511726259,493.7899232882787,198,baseline,0.1703271449663166,0.1800028957205081,0.0800055434403035,0.13371044217507944,0.14130611291784126,1.0634183817241136e-16,sampled,cortical area,F,Group differences,cross-sectional,False,
lh-posteriorcingulate,lh,9.145314802071907,0.003305425659591519,0.0017327398377347649,198.0,1.0,26,0.1600296749708746,27.37360953244016,171.05333456074413,198,baseline,0.1556702345143329,0.1645133721674949,0.0017327398377347649,0.001388064956273052,0.0014669165717931833,1.0,sampled,cortical area,F,Group differences,cross-sectional,True,
rh-posteriorcingulate,rh,8.080646811561582,0.005822008452721951,0.003887070878026811,198.0,1.0,26,0.141793127476066,27.26097748707653,192.25880670188369,198,baseline,0.1379304770239469,0.1457658747073541,0.003887070878026811,0.0020536957695842235,0.002170359783387567,0.9999998788387541,sampled,cortical area,F,Group differences,cross-sectional,True,
lh-precentral,lh,0.2895080688333075,0.6046659196703204,0.08767539865728295,198.0,0.0,0,0.109083047641389,57.18122569403853,524.199011032604,198,baseline,0.1061114672073396,0.1121393267658546,0.08767539865728295,0.07311673605246478,0.07727026844534063,4.268740511087192e-17,sampled,cortical area,F,Group differences,cross-sectional,False,
rh-precentral,rh,0.03966661849170576,0.8696479942536597,0.08801900366862411,198.0,0.0,0,0.1542482773789897,90.93644142573636,589.5459124143376,198,baseline,0.1500463305783091,0.1585699918922109,0.08801900366862411,0.11720899957153971,0.12386727512841954,2.835234392792285e-15,sampled,cortical area,F,Group differences,cross-sectional,False,
lh-precuneus,lh,3.572671772090103,0.062460192675092466,0.01663349303608054,198.0,0.34615384615384615,9,0.1118659619278976,55.41171197858647,495.3402359718826,198,baseline,0.1088185708722875,0.1150002124972663,0.01663349303608054,0.014632945702695663,0.015464197441500427,0.23741586477039245,sampled,cortical area,F,Group differences,cross-sectional,False,
rh-precuneus,rh,2.1363189553558994,0.14782616052998657,0.024642932456576505,198.0,0.0,0,0.0912551884615441,45.853508083615615,502.4756274865263,198,baseline,0.0887692647694477,0.093811968213528,0.024642932456576505,0.024317165576914886,0.025698547465381125,8.477135753462693e-08,sampled,cortical area,F,Group differences,cross-sectional,False,
lh-rostralanteriorcingulate,lh,2.943209889501075,0.09452247814977272,0.03842770053291479,198.0,0.038461538461538464,1,0.2020922832616363,37.01469646596814,183.1573965545607,198,baseline,0.1965869963467813,0.2077544868753331,0.03842770053291479,0.03608577636116101,0.038135696107723646,0.10622274209884063,sampled,cortical area,F,Group differences,cross-sectional,False,
rh-rostralanteriorcingulate,rh,6.4766807838953735,0.013399317541960146,0.006595586512779967,198.0,1.0,26,0.1727681829842004,22.26143368432118,128.8514661658332,198,baseline,0.1680617270931814,0.1776087865650828,0.006595586512779967,0.005444903461755029,0.005754211345633406,0.9998339157627181,sampled,cortical area,F,Group differences,cross-sectional,True,
lh-rostralmiddlefrontal,lh,5.6007424910102195,0.023727450179571195,0.018413104223911306,198.0,0.8846153846153846,23,0.1596031156135336,122.54322707494894,767.799717467156,198,baseline,0.1552552952525763,0.1640748615080279,0.018413104223911306,0.007710428214934085,0.00814843345262266,0.9088932492559425,sampled,cortical area,F,Group differences,cross-sectional,True,
rh-rostralmiddlefrontal,rh,14.377216973406089,0.00023244306953724693,0.0001233576965533428,198.0,1.0,26,0.1770472915496215,151.18128229562717,853.9033891589085,198,baseline,0.1722242665347733,0.1820077868136076,0.0001233576965533428,0.00012836124073920585,0.00013565304012994265,1.0,sampled,cortical area,F,Group differences,cross-sectional,True,
lh-superiorfrontal,lh,1.3113326613115521,0.2612355530574035,0.05291158136274318,198.0,0.0,0,0.1114963846088467,101.508338674775,910.4182080063676,198,baseline,0.1084590613754502,0.114620280393769,0.05291158136274318,0.04481368758074053,0.04735941258243184,5.400364838200373e-09,sampled,cortical area,F,Group differences,cross-sectional,False,
rh-superiorfrontal,rh,2.160694767163151,0.14842245607090432,0.03781121305680683,198.0,0.0,0,0.141654624851114,134.86331277005297,952.0572513026028,198,baseline,0.1377957474113855,0.1456234915281777,0.03781121305680683,0.037292661319129665,0.03941114041390774,0.00037189990984431634,sampled,cortical area,F,Group differences,cross-sectional,False,
lh-superiorparietal,lh,0.7275114263767983,0.4084606641389982,0.08992139317964519,198.0,0.0,0,0.1199768354989493,84.21899400401878,701.9604547309161,198,baseline,0.1167084924830858,0.1233383358024644,0.08992139317964519,0.06456693773568799,0.06823478290866648,5.658950625112085e-09,sampled,cortical area,F,Group differences,cross-sectional,False,
rh-superiorparietal,rh,0.08354198677145673,0.794168264195694,0.09366495302876934,198.0,0.0,0,0.1665201115094589,102.07437033103402,612.9852388744997,198,baseline,0.1619838621477434,0.1711856571796089,0.09366495302876934,0.12377552422899243,0.1308068234511215,1.967946117709095e-16,sampled,cortical area,F,Group differences,cross-sectional,False,
lh-superiortemporal,lh,3.925116931512801,0.05379070722587047,0.022978873698804074,198.0,0.4230769230769231,11,0.1138527849722163,53.225762948893845,467.49636350030966,198,baseline,0.11075126997515,0.1170427021728871,0.022978873698804074,0.012516638953879793,0.013227669945574597,0.4876175264679882,sampled,cortical area,F,Group differences,cross-sectional,False,
rh-superiortemporal,rh,4.74027252716773,0.0315264196900969,0.007780658861860358,198.0,0.9615384615384616,25,0.1091983715557246,42.90577966330327,392.9159295329616,198,baseline,0.1062236495309805,0.1122578818153625,0.007780658861860358,0.008040198668899056,0.00849693713151953,0.9825779426292602,sampled,cortical area,F,Group differences,cross-sectional,True,
lh-supramarginal,lh,1.9681758168272434,0.16418213047629113,0.0240719112316606,198.0,0.0,0,0.0949808615046219,65.36188829384018,688.1585117087989,198,baseline,0.0923934450750391,0.0976420268324798,0.0240719112316606,0.027517645001421058,0.02908083608543018,7.723753045966188e-11,sampled,cortical area,F,Group differences,cross-sectional,False,
rh-supramarginal,rh,1.3867145619923176,0.24657913976229365,0.048607520168382296,198.0,0.0,0,0.1410647642857712,77.06652077723909,546.3201329363617,198,baseline,0.1372219555033887,0.145017104301991,0.048607520168382296,0.054604461891056985,0.057706370065641235,4.096153955679687e-09,sampled,cortical area,F,Group differences,cross-sectional,False,
lh-temporalpole,lh,0.3216001713221387,0.6300199667561288,0.1804748899275774,198.0,0.0,0,0.3966183294570134,26.70812584240957,67.3396155920834,198,baseline,0.3858138708992142,0.4077307465273994,0.1804748899275774,0.26160087893093936,0.27646160416715326,5.813709660280397e-05,sampled,cortical area,F,Group differences,cross-sectional,False,
rh-temporalpole,rh,3.082588643921574,0.09820270987140814,0.06057715165727348,198.0,0.3076923076923077,8,0.3554778762416623,23.62934020927624,66.4720416896281,198,baseline,0.3457941433004096,0.3654376237538371,0.06057715165727348,0.059242893323459576,0.06260829623600361,0.22977756535361565,sampled,cortical area,F,Group differences,cross-sectional,False,
lh-transversetemporal,lh,3.7560037581678603,0.0585484489933057,0.0218679198958787,198.0,0.38461538461538464,10,0.183877294581802,13.495776196128,73.3955555895135,198,baseline,0.1788682103779802,0.1890291522631265,0.0218679198958787,0.021972416730051663,0.023220600792487812,0.3863988996707866,sampled,cortical area,F,Group differences,cross-sectional,False,
rh-transversetemporal,rh,4.852684359819049,0.03675252682069894,0.026078062227226976,198.0,0.6923076923076923,18,0.2317023016633212,10.308611678954383,44.49076079500272,198,baseline,0.225390394900224,0.2381941161384015,0.026078062227226976,0.01614462698734772,0.01706175259747793,0.7514974818298368,sampled,cortical area,F,Group differences,cross-sectional,True,
3rd-Ventricle,,0.2692638317099045,0.605960355055066,0.03016037861511207,198.0,0.0,0,0.042698586051353,27.810826380155696,651.3289771869246,198,baseline,0.041535414636406,0.0438949112367473,0.02972212983946705,0.028912455913051027,0.030554881829140654,1.2146011041558852e-138,simulated,subcortical volume,F,Group differences,cross-sectional,False,
4th-Ventricle,,0.3308203905500276,0.5690926361972495,0.043761749202127144,198.0,0.0,0,0.0689969367538333,43.07544017365169,624.309457785581,198,baseline,0.0671173601220813,0.0709300867896304,0.046567425020780165,0.04529886082086213,0.04787214699223637,5.816101496703e-53,simulated,subcortical volume,F,Group differences,cross-sectional,False,
5th-Ventricle,,0.8687321679221244,0.44194456375744384,0.23560548056376826,198.0,0.0,0,0.8326280869813893,0.3187449894482552,0.3828179645054175,198,baseline,0.8099460902310979,0.8559565866493747,0.42920221074314374,0.4175101199987782,0.441227560100646,0.37194131406557907,simulated,subcortical volume,F,Group differences,cross-sectional,False,
Brain-Stem,,12.433004969600375,0.0005499403669190324,0.00016081156649438725,198.0,1.0,26,0.0823789739494527,213.08390010964297,2586.6296931592037,198,baseline,0.0801348512149099,0.0846870607128911,0.00015330833160897512,0.0001491319902943864,0.0001576037108052324,1.0,simulated,subcortical volume,F,Group differences,cross-sectional,True,
BrainSegVol,,10.970893663889743,0.0011093123014215907,0.00011020933099685654,198.0,1.0,26,0.0243321794042749,2747.264181017734,112906.62194176747,198,baseline,0.0236693355454085,0.0250139162421612,9.061958211807775e-05,8.815097326467376e-05,9.315855350807591e-05,1.0,simulated,subcortical volume,F,Group differences,cross-sectional,True,
BrainSegVol-to-eTIV,,2.03448012004053,0.15615418562117525,0.014803682408285217,198.0,0.0,0,0.052234224730883,0.0017622622575734,0.0337376933735075,198,baseline,0.0508112886876189,0.0536977185924817,0.01505218485949387,0.014642141511922472,0.015473915635800268,1.3233985446045168e-21,simulated,subcortical volume,F,Group differences,cross-sectional,False,
BrainSegVolNotVent,,13.853404846478462,0.00026049495427774065,2.958355339322291e-05,198.0,1.0,26,0.0254340503680745,2748.4335500323227,108061.18216555168,198,baseline,0.0247411899459779,0.0261466593285988,2.4236313947754945e-05,2.357608160296941e-05,2.491536483580891e-05,1.0,simulated,subcortical volume,F,Group differences,cross-sectional,True,
CC_Anterior,,0.13400661391176233,0.742947168890369,0.11619070218633208,198.0,0.0,0,0.2098065334018322,33.43131650346159,159.3435436037267,198,baseline,0.204091099124251,0.2156848741896744,0.15630557943170187,0.15204758873915206,0.1606849352508122,1.0366934967735762e-06,simulated,subcortical volume,F,Group differences,cross-sectional,False,
CC_Central,,2.667725880845781,0.11469243450503966,0.04842825832433842,198.0,0.038461538461538464,1,0.2595298037301629,31.20898633610884,120.25203228126084,198,baseline,0.252459835449183,0.266801286682535,0.05460736886005096,0.05311978492865118,0.056137353262738686,0.09444584204941145,simulated,subcortical volume,F,Group differences,cross-sectional,False,
CC_Mid_Anterior,,6.786571958225125,0.012794187427158859,0.009156800772057746,198.0,1.0,26,0.2521795268437279,31.08619810817194,123.27011037432712,198,baseline,0.2453097907661275,0.2592450703921983,0.0070273420263582695,0.006835907036958726,0.007224233470079627,0.99964380742523,simulated,subcortical volume,F,Group differences,cross-sectional,True,
CC_Mid_Posterior,,1.581715174094767,0.2222882679638223,0.06670019141056235,198.0,0.0,0,0.2734385093897913,29.514418674819087,107.93804698790896,198,baseline,0.2659896477931702,0.2810996852199753,0.09872409014432086,0.09603470273733682,0.10149013291919716,0.011316397147740341,simulated,subcortical volume,F,Group differences,cross-sectional,False,
CC_Posterior,,2.869292617669302,0.11346133104227935,0.06335182400493694,198.0,0.2692307692307692,7,0.283278922690593,48.563619311069885,171.433931087463,198,baseline,0.27556199396292,0.2912158063452065,0.0539379162537764,0.05246856918235939,0.055449143992898006,0.09668947435459108,simulated,subcortical volume,F,Group differences,cross-sectional,False,
CSF,,0.041680393004019496,0.8693662581914396,0.09353631153058495,198.0,0.0,0,0.141066659858929,43.32776606517941,307.1439141502924,198,baseline,0.1372237994383843,0.1450190529851489,0.11008307679500491,0.10708425411634821,0.11316737464733102,4.298951709187819e-10,simulated,subcortical volume,F,Group differences,cross-sectional,False,
CerebralWhiteMatterVol,,9.845939313163878,0.0019831043511905856,0.0002509619596365103,198.0,1.0,26,0.0341236698651202,1857.034531227392,54420.71554928421,198,baseline,0.0331940916043211,0.0350797438116585,0.0002174454054994579,0.00021152187726636033,0.00022353777152615505,1.0,simulated,subcortical volume,F,Group differences,cross-sectional,True,
CortexVol,,7.654848658525548,0.006244964975513427,0.0006613897941759896,198.0,1.0,26,0.0274752674432413,1230.0984046718395,44771.11668568783,198,baseline,0.0267268013073939,0.0282450670421849,0.0005025673024781464,0.0004888766402246803,0.000516648188449104,1.0,simulated,subcortical volume,F,Group differences,cross-sectional,True,
EstimatedTotalIntraCranialVol,,5.582752669966903,0.019127772135261886,3.984343585182257e-05,198.0,1.0,26,0.0006775018545617,114.82821427547876,169487.675203119,198,baseline,0.0006590457213808,0.0006964840412503,3.394383443177297e-05,3.3019155149015126e-05,3.489486976514144e-05,1.0,simulated,subcortical volume,F,Group differences,cross-sectional,True,
Left-Accumbens-area,,4.2139233924419255,0.049265915427321255,0.02720670652141942,198.0,0.5769230769230769,15,0.2830703851954289,25.323827070222176,89.46123789226084,198,baseline,0.2753591373315913,0.2910014260650551,0.02775061127164451,0.02699464437054704,0.028528125429476928,0.5818964631512453,simulated,subcortical volume,F,Group differences,cross-sectional,True,
Left-Amygdala,,2.6125485125282486,0.12195749140173874,0.056254954122777645,198.0,0.038461538461538464,1,0.2324591275684218,52.01604232997413,223.7642499740681,198,baseline,0.2261266037699538,0.2389721467243817,0.050268310168922734,0.04889892848972935,0.051676723211217926,0.04713145151524958,simulated,subcortical volume,F,Group differences,cross-sectional,False,
Left-Caudate,,0.2571587417490887,0.617276129261106,0.05189913583538039,198.0,0.0,0,0.0920334246195093,40.08039109817606,435.4982036567588,198,baseline,0.0895263006457002,0.0946120089229329,0.06445407368840404,0.06269825123561659,0.06625994219098061,2.870272648317126e-31,simulated,subcortical volume,F,Group differences,cross-sectional,False,
Left-Cerebellum-Cortex,,15.860851938074562,0.00010127062983822075,3.287354719735408e-05,198.0,1.0,26,0.0573382887069712,335.79304284924046,5856.349228790543,198,baseline,0.0557763105579589,0.0589447877789792,2.137761549753263e-05,2.0795258244846206e-05,2.1976571626726535e-05,1.0,simulated,subcortical volume,F,Group differences,cross-sectional,True,
Left-Cerebellum-White-Matter,,9.462825928851665,0.0030783946603961526,0.0019642577648299035,198.0,1.0,26,0.1897064967267342,395.9818921535679,2087.339648277656,198,baseline,0.1845386166016897,0.1950216764751724,0.001452451245024273,0.001412884366444625,0.0014931458947930016,1.0,simulated,subcortical volume,F,Group differences,cross-sectional,True,
Left-Hippocampus,,4.860175034225199,0.03313884339586316,0.019204189533899314,198.0,0.8846153846153846,23,0.160584483739935,70.34512782932454,438.0568171408625,198,baseline,0.1562099294878181,0.1650837255192895,0.011460419995881689,0.01114822153276478,0.011781517023773416,0.9174351500726861,simulated,subcortical volume,F,Group differences,cross-sectional,True,
Left-Inf-Lat-Vent,,2.341554369208438,0.13027253803532934,0.02509157990972619,198.0,0.0,0,0.0948660396808894,33.26882125819711,350.6926332131795,198,baseline,0.0922817511643251,0.0975239879411049,0.023467700485991873,0.022828406286717562,0.0241252164304523,6.133355750191361e-06,simulated,subcortical volume,F,Group differences,cross-sectional,False,
Left-Lateral-Ventricle,,1.3957650549967497,0.23891937490414725,0.00398222393368988,198.0,0.0,0,0.0103724130284974,83.87571746265817,8086.4228248736445,198,baseline,0.0100898534532397,0.0106630263739692,0.004108874686794905,0.003996942980730162,0.004223996772231841,0.0,simulated,subcortical volume,F,Group differences,cross-sectional,False,
Left-Pallidum,,10.106694434383284,0.00242533712036547,0.002234832838311547,198.0,1.0,26,0.2206523984858535,55.911586860856886,253.3921554650197,198,baseline,0.2146415071123176,0.2268346177567397,0.001241151301402849,0.001207340539761237,0.0012759257681490609,1.0,simulated,subcortical volume,F,Group differences,cross-sectional,True,
Left-Putamen,,2.3353973550578293,0.13293245735297327,0.03274844730572347,198.0,0.0,0,0.1449720843561877,82.85201358453308,571.5032238963374,198,baseline,0.1410228345078295,0.1490338993185336,0.03597263037833998,0.03499268375139034,0.03698050833604863,0.0018552882868418572,simulated,subcortical volume,F,Group differences,cross-sectional,False,
Left-Thalamus,,11.06792841581932,0.0013278245121647494,0.000952655511315258,198.0,1.0,26,0.1609975503433589,143.6251333814874,892.0951472564552,198,baseline,0.1566117435578444,0.1655083653860605,0.0005725316780306667,0.0005569350847093791,0.0005885728196516172,1.0,simulated,subcortical volume,F,Group differences,cross-sectional,True,
Left-VentralDC,,10.612594493398603,0.0015877432005409115,0.0010198939503773745,198.0,1.0,26,0.1517509755676571,66.21750474969465,436.356369387372,198,baseline,0.1476170588904551,0.1560027209008957,0.0006703898934747963,0.0006521275004292402,0.0006891728178703038,1.0,simulated,subcortical volume,F,Group differences,cross-sectional,True,
Left-choroid-plexus,,0.03759682248918505,0.8701202534866603,0.08137168588040748,198.0,0.0,0,0.1881249607739505,43.700346250266286,232.29424777276785,198,baseline,0.1830001639821521,0.1933958291887616,0.14710710019783726,0.14309968942128162,0.15122873384409716,5.606263444235459e-06,simulated,subcortical volume,F,Group differences,cross-sectional,False,
Left-vessel,,0.7205738097019311,0.42101114132434436,0.12015328516608885,198.0,0.0,0,0.2124284593808171,7.835024888034179,36.88312249155117,198,baseline,0.2066416000366729,0.2183802610574843,0.11793127820059691,0.1147186591324589,0.12123546626170566,5.259042103654047e-06,simulated,subcortical volume,F,Group differences,cross-sectional,False,
MaskVol,,9.65606499513839,0.0021781778703860656,0.0001835140908304687,198.0,1.0,26,0.0157485488438405,2388.8593065283158,151687.58278719976,198,baseline,0.0153195355313148,0.0161897902843097,0.00010990792057409901,0.0001069138694049497,0.00011298731091501016,1.0,simulated,subcortical volume,F,Group differences,cross-sectional,True,
MaskVol-to-eTIV,,0.7211310103806022,0.39775772799939413,0.023154581420959795,198.0,0.0,0,0.0352825291722001,0.0015248774972922,0.0432190529723624,198,baseline,0.0343213819030427,0.0362710719357086,0.019581901017815692,0.019048461632098026,0.020130544978468994,1.8566108647036398e-151,simulated,subcortical volume,F,Group differences,cross-sectional,False,
Optic-Chiasm,,1.896604739914705,0.24790619323510696,0.15739823948794235,198.0,0.038461538461538464,1,0.4153342142447734,14.393034383768375,34.654102383402424,198,baseline,0.4040199078394511,0.4269710113101224,0.12818487830290487,0.12469293629594734,0.13177635081948944,0.024643045629754393,simulated,subcortical volume,F,Group differences,cross-sectional,False,
Right-Accumbens-area,,10.588253245591448,0.0019220609387627092,0.001666560619131574,198.0,1.0,26,0.2333571902736778,21.98030570066392,94.19167960878232,198,baseline,0.22700020194455,0.2398953712706193,0.0010429404881967064,0.0010145292765958735,0.0010721615020119288,1.0,simulated,subcortical volume,F,Group differences,cross-sectional,True,
Right-Amygdala,,9.125989349582397,0.003842698372505786,0.003027608355627247,198.0,1.0,26,0.200753778503017,45.85842167264524,228.4311758144869,198,baseline,0.1952849543991816,0.2063784800094641,0.0018067563207049616,0.0017575376579723953,0.0018573778585640821,1.0,simulated,subcortical volume,F,Group differences,cross-sectional,True,
Right-Caudate,,1.2876749617045558,0.26726301154454074,0.07434118440358956,198.0,0.0,0,0.1434684675759418,63.97455352951436,445.9136882859004,198,baseline,0.1395601784295543,0.147488154337105,0.05998335927758495,0.058349325569764396,0.06166396770152712,1.1375018361698364e-07,simulated,subcortical volume,F,Group differences,cross-sectional,False,
Right-Cerebellum-Cortex,,15.525861455017589,0.00011754456820235652,3.267007711714452e-05,198.0,1.0,26,0.0632313654990188,384.8691564613361,6086.681086577329,198,baseline,0.0615088513907512,0.0650029762723208,2.7554191850002262e-05,2.6803575698841057e-05,2.8326202745953126e-05,1.0,simulated,subcortical volume,F,Group differences,cross-sectional,True,
Right-Cerebellum-White-Matter,,13.626655492145535,0.0003863715077149193,0.0003246721604038937,198.0,1.0,26,0.221226277867761,446.759085702671,2019.4666294106485,198,baseline,0.2151997531874955,0.2274245760401154,0.00023451098521814126,0.00022812256584123838,0.0002410814931391917,1.0,simulated,subcortical volume,F,Group differences,cross-sectional,True,
Right-Hippocampus,,12.169144261313816,0.000685688262124719,0.0003927647208320856,198.0,1.0,26,0.1252826203758287,55.87681508274933,446.006117329981,198,baseline,0.1218697400842993,0.1287927776880059,0.0002641544043962867,0.00025695845528554543,0.00027155545899870405,1.0,simulated,subcortical volume,F,Group differences,cross-sectional,True,
Right-Inf-Lat-Vent,,3.2416956436796056,0.07614125954774806,0.020674920373215278,198.0,0.11538461538461539,3,0.0956035298708829,30.151697402548603,315.38267931393216,198,baseline,0.0929991510518721,0.0982821410656323,0.015139594927983575,0.014727170403365134,0.01556377475181264,0.02936366889290545,simulated,subcortical volume,F,Group differences,cross-sectional,False,
Right-Lateral-Ventricle,,1.6770085838064712,0.19691580732065653,0.004345230753346534,198.0,0.0,0,0.0116987617184588,88.17159316282225,7536.831271954305,198,baseline,0.0113800704811231,0.0120265365835301,0.004027874151427806,0.0039181490174313065,0.004140726771070901,0.0,simulated,subcortical volume,F,Group differences,cross-sectional,False,
Right-Pallidum,,18.42008880896465,4.8984376877487637e-05,6.188323741025868e-05,198.0,1.0,26,0.2169901555772219,52.62570708312095,242.52578161036732,198,baseline,0.2110790290123096,0.2230697664520979,2.4769079563704952e-05,2.4094333910806713e-05,2.5463057431390193e-05,1.0,simulated,subcortical volume,F,Group differences,cross-sectional,True,
Right-Putamen,,2.9468191979975655,0.09792767339711446,0.04565133606913729,198.0,0.11538461538461539,3,0.1687009195816769,92.81020202751692,550.1463907704584,198,baseline,0.1641052618449852,0.1734275669383831,0.030911675869341987,0.030069596983730046,0.03177775645385501,0.03860829567382422,simulated,subcortical volume,F,Group differences,cross-sectional,False,
Right-Thalamus,,8.448453776380251,0.004889018748986714,0.003086839020248986,198.0,1.0,26,0.1501798666558923,128.73277899781544,857.1906598690841,198,baseline,0.1460887492642155,0.1543875927994116,0.0018725448278264442,0.0018215339907388841,0.0019250096222253547,1.0,simulated,subcortical volume,F,Group differences,cross-sectional,True,
Right-VentralDC,,13.661815899071858,0.000349128626779702,0.0001954912860640533,198.0,1.0,26,0.1485238024848013,66.63265858170368,448.6328619853528,198,baseline,0.1444777986831346,0.1526851291697034,0.00015486158106420216,0.00015064292698158805,0.00015920047906551436,1.0,simulated,subcortical volume,F,Group differences,cross-sectional,True,
Right-choroid-plexus,,0.14779398530512577,0.7398057135697491,0.13773029939924092,198.0,0.0,0,0.1987759464784223,45.6106530141377,229.45760703038007,198,baseline,0.1933610013876252,0.2043452332631581,0.14706605140332712,0.14305975885547195,0.15118653494811424,1.7745224112011858e-07,simulated,subcortical volume,F,Group differences,cross-sectional,False,
Right-vessel,,0.36755786232114923,0.5788335858834798,0.14413345759076332,198.0,0.0,0,0.2412284337032781,9.78247996262268,40.55276491433664,198,baseline,0.2346570212865144,0.247987150498381,0.15983699106167493,0.1554827995942925,0.16431528965766906,1.2509554125067724e-05,simulated,subcortical volume,F,Group differences,cross-sectional,False,
SubCortGrayVol,,12.520555018416074,0.0005199615331652832,0.00012606425532401142,198.0,1.0,26,0.0656428721492246,349.7809343958331,5328.544028370408,198,baseline,0.0638546651021066,0.0674820483013173,0.00011720937196029752,0.00011401641866521301,0.00012049333371658834,1.0,simulated,subcortical volume,F,Group differences,cross-sectional,True,
SupraTentorialVol,,8.513336887795322,0.0039612315256304965,0.00039426029469393024,198.0,1.0,26,0.0258710626740845,2662.8859605577395,102929.12951060162,198,baseline,0.0251662974029205,0.0265959158065207,0.0003126482814808865,0.00030413128882184287,0.0003214080332173016,1.0,simulated,subcortical volume,F,Group differences,cross-sectional,True,
SupraTentorialVolNotVent,,11.148911098438939,0.001014900105642464,0.00011781236376878841,198.0,1.0,26,0.0271662234205039,2661.2648954716,97962.26933269584,198,baseline,0.0264261760920797,0.027927364251512,9.295535883370103e-05,9.042312003470506e-05,9.555977380792004e-05,1.0,simulated,subcortical volume,F,Group differences,cross-sectional,True,
SurfaceHoles,,1.1452521033432808,0.3233950266811393,0.1643087855694931,198.0,0.0,0,0.3396417826253236,7.470379737775947,21.994878486481475,198,baseline,0.3303894478431761,0.3491578358753815,0.15247146180809895,0.14831791804069921,0.15674339366072568,0.009290214642397291,simulated,subcortical volume,F,Group differences,cross-sectional,False,
TotalGrayVol,,12.24709190189149,0.0005819149261489479,6.783817525745662e-05,198.0,1.0,26,0.023753862810053,1360.445466760949,57272.59930899257,198,baseline,0.0231067731340155,0.0244193964250511,4.827003821034247e-05,4.695509235763556e-05,4.9622463846674334e-05,1.0,simulated,subcortical volume,F,Group differences,cross-sectional,True,
WM-hypointensities,,4.838513527341501,0.030524587071755174,0.00988797522048945,198.0,0.9230769230769231,24,0.0967288702051201,178.07119606970963,1840.9312100110085,198,baseline,0.094093835483188,0.0994390110852406,0.006976981087461433,0.006786918003081985,0.007172461522877042,0.9925607348799741,simulated,subcortical volume,F,Group differences,cross-sectional,True,
lhCerebralWhiteMatterVol,,9.682505829959448,0.002179105511011874,0.0004042203390853425,198.0,1.0,26,0.0434565593577755,1183.8891620972438,27243.04868110581,198,baseline,0.0422727396505814,0.0446741213718375,0.00029946213624400546,0.00029130435330667156,0.000307852439736252,1.0,simulated,subcortical volume,F,Group differences,cross-sectional,True,
lhCortexVol,,7.533573289592965,0.006717180603546454,0.0011213294318481234,198.0,1.0,26,0.0395230092601421,886.1378737108154,22420.809809248523,198,baseline,0.0384463451629095,0.0406303614175089,0.0007666413917959947,0.0007457569683310136,0.0007881210821086479,1.0,simulated,subcortical volume,F,Group differences,cross-sectional,True,
lhSurfaceHoles,,1.51096065821935,0.30887504356327294,0.22688471393295082,198.0,0.038461538461538464,1,0.4582881784885029,5.552543394764074,12.11583378187306,198,baseline,0.4458037437958674,0.4711284559027209,0.1714052813795429,0.1667359529050154,0.17620769930451374,0.02966439301825366,simulated,subcortical volume,F,Group differences,cross-sectional,False,
non-WM-hypointensities,,1.1092811361739852,0.4673780562237759,0.294152555515265,198.0,0.07692307692307693,2,0.8894595964481599,0.6506782069365232,0.7315432983519972,198,baseline,0.8652294269504023,0.9143803962924858,0.40653662900511484,0.3954619815819196,0.41792693610987824,0.28521782471348095,simulated,subcortical volume,F,Group differences,cross-sectional,False,
rhCerebralWhiteMatterVol,,9.926545447295236,0.0019295371768779852,0.00040246669478762037,198.0,1.0,26,0.0459186558961444,1251.5387653109856,27255.56183834357,198,baseline,0.0446677651081696,0.0472052007119831,0.0002815324543143902,0.0002738631019183987,0.0002894204055734108,1.0,simulated,subcortical volume,F,Group differences,cross-sectional,True,
rhCortexVol,,7.6845723929368726,0.006152978897136194,0.0007168389387148721,198.0,1.0,26,0.0354085892211059,794.5756665533686,22440.19555796779,198,baseline,0.0344440078933763,0.03640066392385,0.0006384337094151167,0.000621041849173255,0.000656321288288558,1.0,simulated,subcortical volume,F,Group differences,cross-sectional,True,
rhSurfaceHoles,,0.819559156362631,0.4537206684834914,0.23185981981285117,198.0,0.0,0,0.3832180769997184,4.463029518010438,11.646187343123996,198,baseline,0.372778660754858,0.393955046988882,0.20246177209783056,0.1969464197711634,0.20813432801686904,0.00591335820798074,simulated,subcortical volume,F,Group differences,cross-sectional,False,
3rd-Ventricle,,0.2692638317099045,0.605960355055066,0.03016037861511207,198.0,0.0,0,0.042698586051353,27.810826380155696,651.3289771869246,198,baseline,0.041535414636406,0.0438949112367473,0.03016037861511207,0.028912455913051027,0.030554881829140654,1.0865776297370491e-134,sampled,subcortical volume,F,Group differences,cross-sectional,False,
4th-Ventricle,,0.3308203905500276,0.5690926361972495,0.043761749202127144,198.0,0.0,0,0.0689969367538333,43.07544017365169,624.309457785581,198,baseline,0.0671173601220813,0.0709300867896304,0.043761749202127144,0.04529886082086213,0.04787214699223637,9.04506417171737e-60,sampled,subcortical volume,F,Group differences,cross-sectional,False,
5th-Ventricle,,0.8687321679221244,0.44194456375744384,0.23560548056376826,198.0,0.0,0,0.8326280869813893,0.3187449894482552,0.3828179645054175,198,baseline,0.8099460902310979,0.8559565866493747,0.23560548056376826,0.4175101199987782,0.441227560100646,0.024313552503754568,sampled,subcortical volume,F,Group differences,cross-sectional,False,
Brain-Stem,,12.433004969600375,0.0005499403669190324,0.00016081156649438725,198.0,1.0,26,0.0823789739494527,213.08390010964297,2586.6296931592037,198,baseline,0.0801348512149099,0.0846870607128911,0.00016081156649438725,0.0001491319902943864,0.0001576037108052324,1.0,sampled,subcortical volume,F,Group differences,cross-sectional,True,
BrainSegVol,,10.970893663889743,0.0011093123014215907,0.00011020933099685654,198.0,1.0,26,0.0243321794042749,2747.264181017734,112906.62194176747,198,baseline,0.0236693355454085,0.0250139162421612,0.00011020933099685654,8.815097326467376e-05,9.315855350807591e-05,1.0,sampled,subcortical volume,F,Group differences,cross-sectional,True,
BrainSegVol-to-eTIV,,2.03448012004053,0.15615418562117525,0.014803682408285217,198.0,0.0,0,0.052234224730883,0.0017622622575734,0.0337376933735075,198,baseline,0.0508112886876189,0.0536977185924817,0.014803682408285217,0.014642141511922472,0.015473915635800268,2.8113765316746665e-22,sampled,subcortical volume,F,Group differences,cross-sectional,False,
BrainSegVolNotVent,,13.853404846478462,0.00026049495427774065,2.958355339322291e-05,198.0,1.0,26,0.0254340503680745,2748.4335500323227,108061.18216555168,198,baseline,0.0247411899459779,0.0261466593285988,2.958355339322291e-05,2.357608160296941e-05,2.491536483580891e-05,1.0,sampled,subcortical volume,F,Group differences,cross-sectional,True,
CC_Anterior,,0.13400661391176233,0.742947168890369,0.11619070218633208,198.0,0.0,0,0.2098065334018322,33.43131650346159,159.3435436037267,198,baseline,0.204091099124251,0.2156848741896744,0.11619070218633208,0.15204758873915206,0.1606849352508122,1.988300215749066e-11,sampled,subcortical volume,F,Group differences,cross-sectional,False,
CC_Central,,2.667725880845781,0.11469243450503966,0.04842825832433842,198.0,0.038461538461538464,1,0.2595298037301629,31.20898633610884,120.25203228126084,198,baseline,0.252459835449183,0.266801286682535,0.04842825832433842,0.05311978492865118,0.056137353262738686,0.06357013890015009,sampled,subcortical volume,F,Group differences,cross-sectional,False,
CC_Mid_Anterior,,6.786571958225125,0.012794187427158859,0.009156800772057746,198.0,1.0,26,0.2521795268437279,31.08619810817194,123.27011037432712,198,baseline,0.2453097907661275,0.2592450703921983,0.009156800772057746,0.006835907036958726,0.007224233470079627,0.9963000469016932,sampled,subcortical volume,F,Group differences,cross-sectional,True,
CC_Mid_Posterior,,1.581715174094767,0.2222882679638223,0.06670019141056235,198.0,0.0,0,0.2734385093897913,29.514418674819087,107.93804698790896,198,baseline,0.2659896477931702,0.2810996852199753,0.06670019141056235,0.09603470273733682,0.10149013291919716,0.00019091446817872185,sampled,subcortical volume,F,Group differences,cross-sectional,False,
CC_Posterior,,2.869292617669302,0.11346133104227935,0.06335182400493694,198.0,0.2692307692307692,7,0.283278922690593,48.563619311069885,171.433931087463,198,baseline,0.27556199396292,0.2912158063452065,0.06335182400493694,0.05246856918235939,0.055449143992898006,0.14729375561176744,sampled,subcortical volume,F,Group differences,cross-sectional,False,
CSF,,0.041680393004019496,0.8693662581914396,0.09353631153058495,198.0,0.0,0,0.141066659858929,43.32776606517941,307.1439141502924,198,baseline,0.1372237994383843,0.1450190529851489,0.09353631153058495,0.10708425411634821,0.11316737464733102,1.205076683105081e-13,sampled,subcortical volume,F,Group differences,cross-sectional,False,
CerebralWhiteMatterVol,,9.845939313163878,0.0019831043511905856,0.0002509619596365103,198.0,1.0,26,0.0341236698651202,1857.034531227392,54420.71554928421,198,baseline,0.0331940916043211,0.0350797438116585,0.0002509619596365103,0.00021152187726636033,0.00022353777152615505,1.0,sampled,subcortical volume,F,Group differences,cross-sectional,True,
CortexVol,,7.654848658525548,0.006244964975513427,0.0006613897941759896,198.0,1.0,26,0.0274752674432413,1230.0984046718395,44771.11668568783,198,baseline,0.0267268013073939,0.0282450670421849,0.0006613897941759896,0.0004888766402246803,0.000516648188449104,1.0,sampled,subcortical volume,F,Group differences,cross-sectional,True,
EstimatedTotalIntraCranialVol,,5.582752669966903,0.019127772135261886,3.984343585182257e-05,198.0,1.0,26,0.0006775018545617,114.82821427547876,169487.675203119,198,baseline,0.0006590457213808,0.0006964840412503,3.984343585182257e-05,3.3019155149015126e-05,3.489486976514144e-05,1.0,sampled,subcortical volume,F,Group differences,cross-sectional,True,
Left-Accumbens-area,,4.2139233924419255,0.049265915427321255,0.02720670652141942,198.0,0.5769230769230769,15,0.2830703851954289,25.323827070222176,89.46123789226084,198,baseline,0.2753591373315913,0.2910014260650551,0.02720670652141942,0.02699464437054704,0.028528125429476928,0.5806805907820967,sampled,subcortical volume,F,Group differences,cross-sectional,True,
Left-Amygdala,,2.6125485125282486,0.12195749140173874,0.056254954122777645,198.0,0.038461538461538464,1,0.2324591275684218,52.01604232997413,223.7642499740681,198,baseline,0.2261266037699538,0.2389721467243817,0.056254954122777645,0.04889892848972935,0.051676723211217926,0.07228532600127029,sampled,subcortical volume,F,Group differences,cross-sectional,False,
Left-Caudate,,0.2571587417490887,0.617276129261106,0.05189913583538039,198.0,0.0,0,0.0920334246195093,40.08039109817606,435.4982036567588,198,baseline,0.0895263006457002,0.0946120089229329,0.05189913583538039,0.06269825123561659,0.06625994219098061,1.7549843699380481e-47,sampled,subcortical volume,F,Group differences,cross-sectional,False,
Left-Cerebellum-Cortex,,15.860851938074562,0.00010127062983822075,3.287354719735408e-05,198.0,1.0,26,0.0573382887069712,335.79304284924046,5856.349228790543,198,baseline,0.0557763105579589,0.0589447877789792,3.287354719735408e-05,2.0795258244846206e-05,2.1976571626726535e-05,1.0,sampled,subcortical volume,F,Group differences,cross-sectional,True,
Left-Cerebellum-White-Matter,,9.462825928851665,0.0030783946603961526,0.0019642577648299035,198.0,1.0,26,0.1897064967267342,395.9818921535679,2087.339648277656,198,baseline,0.1845386166016897,0.1950216764751724,0.0019642577648299035,0.001412884366444625,0.0014931458947930016,0.9999999999999997,sampled,subcortical volume,F,Group differences,cross-sectional,True,
Left-Hippocampus,,4.860175034225199,0.03313884339586316,0.019204189533899314,198.0,0.8846153846153846,23,0.160584483739935,70.34512782932454,438.0568171408625,198,baseline,0.1562099294878181,0.1650837255192895,0.019204189533899314,0.01114822153276478,0.011781517023773416,0.8269657059115575,sampled,subcortical volume,F,Group differences,cross-sectional,True,
Left-Inf-Lat-Vent,,2.341554369208438,0.13027253803532934,0.02509157990972619,198.0,0.0,0,0.0948660396808894,33.26882125819711,350.6926332131795,198,baseline,0.0922817511643251,0.0975239879411049,0.02509157990972619,0.022828406286717562,0.0241252164304523,2.247786316828515e-05,sampled,subcortical volume,F,Group differences,cross-sectional,False,
Left-Lateral-Ventricle,,1.3957650549967497,0.23891937490414725,0.00398222393368988,198.0,0.0,0,0.0103724130284974,83.87571746265817,8086.4228248736445,198,baseline,0.0100898534532397,0.0106630263739692,0.00398222393368988,0.003996942980730162,0.004223996772231841,0.0,sampled,subcortical volume,F,Group differences,cross-sectional,False,
Left-Pallidum,,10.106694434383284,0.00242533712036547,0.002234832838311547,198.0,1.0,26,0.2206523984858535,55.911586860856886,253.3921554650197,198,baseline,0.2146415071123176,0.2268346177567397,0.002234832838311547,0.001207340539761237,0.0012759257681490609,0.9999999999659689,sampled,subcortical volume,F,Group differences,cross-sectional,True,
Left-Putamen,,2.3353973550578293,0.13293245735297327,0.03274844730572347,198.0,0.0,0,0.1449720843561877,82.85201358453308,571.5032238963374,198,baseline,0.1410228345078295,0.1490338993185336,0.03274844730572347,0.03499268375139034,0.03698050833604863,0.0006694979611737429,sampled,subcortical volume,F,Group differences,cross-sectional,False,
Left-Thalamus,,11.06792841581932,0.0013278245121647494,0.000952655511315258,198.0,1.0,26,0.1609975503433589,143.6251333814874,892.0951472564552,198,baseline,0.1566117435578444,0.1655083653860605,0.000952655511315258,0.0005569350847093791,0.0005885728196516172,1.0,sampled,subcortical volume,F,Group differences,cross-sectional,True,
Left-VentralDC,,10.612594493398603,0.0015877432005409115,0.0010198939503773745,198.0,1.0,26,0.1517509755676571,66.21750474969465,436.356369387372,198,baseline,0.1476170588904551,0.1560027209008957,0.0010198939503773745,0.0006521275004292402,0.0006891728178703038,1.0,sampled,subcortical volume,F,Group differences,cross-sectional,True,
Left-choroid-plexus,,0.03759682248918505,0.8701202534866603,0.08137168588040748,198.0,0.0,0,0.1881249607739505,43.700346250266286,232.29424777276785,198,baseline,0.1830001639821521,0.1933958291887616,0.08137168588040748,0.14309968942128162,0.15122873384409716,1.1220558012379812e-17,sampled,subcortical volume,F,Group differences,cross-sectional,False,
Left-vessel,,0.7205738097019311,0.42101114132434436,0.12015328516608885,198.0,0.0,0,0.2124284593808171,7.835024888034179,36.88312249155117,198,baseline,0.2066416000366729,0.2183802610574843,0.12015328516608885,0.1147186591324589,0.12123546626170566,7.928973117868784e-06,sampled,subcortical volume,F,Group differences,cross-sectional,False,
MaskVol,,9.65606499513839,0.0021781778703860656,0.0001835140908304687,198.0,1.0,26,0.0157485488438405,2388.8593065283158,151687.58278719976,198,baseline,0.0153195355313148,0.0161897902843097,0.0001835140908304687,0.0001069138694049497,0.00011298731091501016,1.0,sampled,subcortical volume,F,Group differences,cross-sectional,True,
MaskVol-to-eTIV,,0.7211310103806022,0.39775772799939413,0.023154581420959795,198.0,0.0,0,0.0352825291722001,0.0015248774972922,0.0432190529723624,198,baseline,0.0343213819030427,0.0362710719357086,0.023154581420959795,0.019048461632098026,0.020130544978468994,7.348999465575351e-109,sampled,subcortical volume,F,Group differences,cross-sectional,False,
Optic-Chiasm,,1.896604739914705,0.24790619323510696,0.15739823948794235,198.0,0.038461538461538464,1,0.4153342142447734,14.393034383768375,34.654102383402424,198,baseline,0.4040199078394511,0.4269710113101224,0.15739823948794235,0.12469293629594734,0.13177635081948944,0.06921173750319552,sampled,subcortical volume,F,Group differences,cross-sectional,False,
Right-Accumbens-area,,10.588253245591448,0.0019220609387627092,0.001666560619131574,198.0,1.0,26,0.2333571902736778,21.98030570066392,94.19167960878232,198,baseline,0.22700020194455,0.2398953712706193,0.001666560619131574,0.0010145292765958735,0.0010721615020119288,0.9999999999999983,sampled,subcortical volume,F,Group differences,cross-sectional,True,
Right-Amygdala,,9.125989349582397,0.003842698372505786,0.003027608355627247,198.0,1.0,26,0.200753778503017,45.85842167264524,228.4311758144869,198,baseline,0.1952849543991816,0.2063784800094641,0.003027608355627247,0.0017575376579723953,0.0018573778585640821,0.9999999959494688,sampled,subcortical volume,F,Group differences,cross-sectional,True,
Right-Caudate,,1.2876749617045558,0.26726301154454074,0.07434118440358956,198.0,0.0,0,0.1434684675759418,63.97455352951436,445.9136882859004,198,baseline,0.1395601784295543,0.147488154337105,0.07434118440358956,0.058349325569764396,0.06166396770152712,1.871687282289117e-05,sampled,subcortical volume,F,Group differences,cross-sectional,False,
Right-Cerebellum-Cortex,,15.525861455017589,0.00011754456820235652,3.267007711714452e-05,198.0,1.0,26,0.0632313654990188,384.8691564613361,6086.681086577329,198,baseline,0.0615088513907512,0.0650029762723208,3.267007711714452e-05,2.6803575698841057e-05,2.8326202745953126e-05,1.0,sampled,subcortical volume,F,Group differences,cross-sectional,True,
Right-Cerebellum-White-Matter,,13.626655492145535,0.0003863715077149193,0.0003246721604038937,198.0,1.0,26,0.221226277867761,446.759085702671,2019.4666294106485,198,baseline,0.2151997531874955,0.2274245760401154,0.0003246721604038937,0.00022812256584123838,0.0002410814931391917,1.0,sampled,subcortical volume,F,Group differences,cross-sectional,True,
Right-Hippocampus,,12.169144261313816,0.000685688262124719,0.0003927647208320856,198.0,1.0,26,0.1252826203758287,55.87681508274933,446.006117329981,198,baseline,0.1218697400842993,0.1287927776880059,0.0003927647208320856,0.00025695845528554543,0.00027155545899870405,1.0,sampled,subcortical volume,F,Group differences,cross-sectional,True,
Right-Inf-Lat-Vent,,3.2416956436796056,0.07614125954774806,0.020674920373215278,198.0,0.11538461538461539,3,0.0956035298708829,30.151697402548603,315.38267931393216,198,baseline,0.0929991510518721,0.0982821410656323,0.020674920373215278,0.014727170403365134,0.01556377475181264,0.08992763684050262,sampled,subcortical volume,F,Group differences,cross-sectional,False,
Right-Lateral-Ventricle,,1.6770085838064712,0.19691580732065653,0.004345230753346534,198.0,0.0,0,0.0116987617184588,88.17159316282225,7536.831271954305,198,baseline,0.0113800704811231,0.0120265365835301,0.004345230753346534,0.0039181490174313065,0.004140726771070901,0.0,sampled,subcortical volume,F,Group differences,cross-sectional,False,
Right-Pallidum,,18.42008880896465,4.8984376877487637e-05,6.188323741025868e-05,198.0,1.0,26,0.2169901555772219,52.62570708312095,242.52578161036732,198,baseline,0.2110790290123096,0.2230697664520979,6.188323741025868e-05,2.4094333910806713e-05,2.5463057431390193e-05,1.0,sampled,subcortical volume,F,Group differences,cross-sectional,True,
Right-Putamen,,2.9468191979975655,0.09792767339711446,0.04565133606913729,198.0,0.11538461538461539,3,0.1687009195816769,92.81020202751692,550.1463907704584,198,baseline,0.1641052618449852,0.1734275669383831,0.04565133606913729,0.030069596983730046,0.03177775645385501,0.13472807337199869,sampled,subcortical volume,F,Group differences,cross-sectional,False,
Right-Thalamus,,8.448453776380251,0.004889018748986714,0.003086839020248986,198.0,1.0,26,0.1501798666558923,128.73277899781544,857.1906598690841,198,baseline,0.1460887492642155,0.1543875927994116,0.003086839020248986,0.0018215339907388841,0.0019250096222253547,0.9999999994960748,sampled,subcortical volume,F,Group differences,cross-sectional,True,
Right-VentralDC,,13.661815899071858,0.000349128626779702,0.0001954912860640533,198.0,1.0,26,0.1485238024848013,66.63265858170368,448.6328619853528,198,baseline,0.1444777986831346,0.1526851291697034,0.0001954912860640533,0.00015064292698158805,0.00015920047906551436,1.0,sampled,subcortical volume,F,Group differences,cross-sectional,True,
Right-choroid-plexus,,0.14779398530512577,0.7398057135697491,0.13773029939924092,198.0,0.0,0,0.1987759464784223,45.6106530141377,229.45760703038007,198,baseline,0.1933610013876252,0.2043452332631581,0.13773029939924092,0.14305975885547195,0.15118653494811424,2.10393503415267e-08,sampled,subcortical volume,F,Group differences,cross-sectional,False,
Right-vessel,,0.36755786232114923,0.5788335858834798,0.14413345759076332,198.0,0.0,0,0.2412284337032781,9.78247996262268,40.55276491433664,198,baseline,0.2346570212865144,0.247987150498381,0.14413345759076332,0.1554827995942925,0.16431528965766906,1.0663377770728023e-06,sampled,subcortical volume,F,Group differences,cross-sectional,False,
SubCortGrayVol,,12.520555018416074,0.0005199615331652832,0.00012606425532401142,198.0,1.0,26,0.0656428721492246,349.7809343958331,5328.544028370408,198,baseline,0.0638546651021066,0.0674820483013173,0.00012606425532401142,0.00011401641866521301,0.00012049333371658834,1.0,sampled,subcortical volume,F,Group differences,cross-sectional,True,
SupraTentorialVol,,8.513336887795322,0.0039612315256304965,0.00039426029469393024,198.0,1.0,26,0.0258710626740845,2662.8859605577395,102929.12951060162,198,baseline,0.0251662974029205,0.0265959158065207,0.00039426029469393024,0.00030413128882184287,0.0003214080332173016,1.0,sampled,subcortical volume,F,Group differences,cross-sectional,True,
SupraTentorialVolNotVent,,11.148911098438939,0.001014900105642464,0.00011781236376878841,198.0,1.0,26,0.0271662234205039,2661.2648954716,97962.26933269584,198,baseline,0.0264261760920797,0.027927364251512,0.00011781236376878841,9.042312003470506e-05,9.555977380792004e-05,1.0,sampled,subcortical volume,F,Group differences,cross-sectional,True,
SurfaceHoles,,1.1452521033432808,0.3233950266811393,0.1643087855694931,198.0,0.0,0,0.3396417826253236,7.470379737775947,21.994878486481475,198,baseline,0.3303894478431761,0.3491578358753815,0.1643087855694931,0.14831791804069921,0.15674339366072568,0.016283978843088,sampled,subcortical volume,F,Group differences,cross-sectional,False,
TotalGrayVol,,12.24709190189149,0.0005819149261489479,6.783817525745662e-05,198.0,1.0,26,0.023753862810053,1360.445466760949,57272.59930899257,198,baseline,0.0231067731340155,0.0244193964250511,6.783817525745662e-05,4.695509235763556e-05,4.9622463846674334e-05,1.0,sampled,subcortical volume,F,Group differences,cross-sectional,True,
WM-hypointensities,,4.838513527341501,0.030524587071755174,0.00988797522048945,198.0,0.9230769230769231,24,0.0967288702051201,178.07119606970963,1840.9312100110085,198,baseline,0.094093835483188,0.0994390110852406,0.00988797522048945,0.006786918003081985,0.007172461522877042,0.9613741002134433,sampled,subcortical volume,F,Group differences,cross-sectional,True,
lhCerebralWhiteMatterVol,,9.682505829959448,0.002179105511011874,0.0004042203390853425,198.0,1.0,26,0.0434565593577755,1183.8891620972438,27243.04868110581,198,baseline,0.0422727396505814,0.0446741213718375,0.0004042203390853425,0.00029130435330667156,0.000307852439736252,1.0,sampled,subcortical volume,F,Group differences,cross-sectional,True,
lhCortexVol,,7.533573289592965,0.006717180603546454,0.0011213294318481234,198.0,1.0,26,0.0395230092601421,886.1378737108154,22420.809809248523,198,baseline,0.0384463451629095,0.0406303614175089,0.0011213294318481234,0.0007457569683310136,0.0007881210821086479,1.0,sampled,subcortical volume,F,Group differences,cross-sectional,True,
lhSurfaceHoles,,1.51096065821935,0.30887504356327294,0.22688471393295082,198.0,0.038461538461538464,1,0.4582881784885029,5.552543394764074,12.11583378187306,198,baseline,0.4458037437958674,0.4711284559027209,0.22688471393295082,0.1667359529050154,0.17620769930451374,0.11302291865924738,sampled,subcortical volume,F,Group differences,cross-sectional,False,
non-WM-hypointensities,,1.1092811361739852,0.4673780562237759,0.294152555515265,198.0,0.07692307692307693,2,0.8894595964481599,0.6506782069365232,0.7315432983519972,198,baseline,0.8652294269504023,0.9143803962924858,0.294152555515265,0.3954619815819196,0.41792693610987824,0.07219995425918992,sampled,subcortical volume,F,Group differences,cross-sectional,False,
rhCerebralWhiteMatterVol,,9.926545447295236,0.0019295371768779852,0.00040246669478762037,198.0,1.0,26,0.0459186558961444,1251.5387653109856,27255.56183834357,198,baseline,0.0446677651081696,0.0472052007119831,0.00040246669478762037,0.0002738631019183987,0.0002894204055734108,1.0,sampled,subcortical volume,F,Group differences,cross-sectional,True,
rhCortexVol,,7.6845723929368726,0.006152978897136194,0.0007168389387148721,198.0,1.0,26,0.0354085892211059,794.5756665533686,22440.19555796779,198,baseline,0.0344440078933763,0.03640066392385,0.0007168389387148721,0.000621041849173255,0.000656321288288558,1.0,sampled,subcortical volume,F,Group differences,cross-sectional,True,
rhSurfaceHoles,,0.819559156362631,0.4537206684834914,0.23185981981285117,198.0,0.0,0,0.3832180769997184,4.463029518010438,11.646187343123996,198,baseline,0.372778660754858,0.393955046988882,0.23185981981285117,0.1969464197711634,0.20813432801686904,0.01853138728396278,sampled,subcortical volume,F,Group differences,cross-sectional,False,
lh-BrainSegVolNotVent,lh,13.853404846478462,0.00026049495427774065,2.958355339322291e-05,198.0,1.0,26,0.0254340503680745,2748.4335500323227,108061.18216555168,198,baseline,0.0247411899459779,0.0261466593285988,2.4236313947754945e-05,2.357608160296941e-05,2.491536483580891e-05,1.0,simulated,cortical volume,F,Group differences,cross-sectional,True,
rh-BrainSegVolNotVent,rh,13.853404846478462,0.00026049495427774065,2.958355339322291e-05,198.0,1.0,26,0.0254340503680745,2748.4335500323227,108061.18216555168,198,baseline,0.0247411899459779,0.0261466593285988,2.4236313947754945e-05,2.357608160296941e-05,2.491536483580891e-05,1.0,simulated,cortical volume,F,Group differences,cross-sectional,True,
lh-bankssts,lh,2.338784022127328,0.13309936779893217,0.03645347680956978,198.0,0.0,0,0.1741807583646439,81.50348956448927,467.92476005795857,198,baseline,0.1694358218714333,0.1790609393568686,0.04314768427033821,0.041972278768524676,0.044356592249678826,0.00851643406060702,simulated,cortical volume,F,Group differences,cross-sectional,False,
rh-bankssts,rh,1.734169180092509,0.20579752274442983,0.07837247556066833,198.0,0.0,0,0.1787403088564449,62.112330128578776,347.50040730020334,198,baseline,0.1738711635945717,0.1837482389287179,0.05981224313401373,0.05818287087813442,0.06148805724106836,0.00019059972786229144,simulated,cortical volume,F,Group differences,cross-sectional,False,
lh-caudalanteriorcingulate,lh,1.3231372066169544,0.2557156208600777,0.041532824274205335,198.0,0.0,0,0.1479180237533074,59.082949209859926,399.4303581853989,198,baseline,0.1438885222429205,0.1520623777836023,0.06075845078062435,0.05910330245605231,0.062460775649344234,7.739987923890756e-07,simulated,cortical volume,F,Group differences,cross-sectional,False,
rh-caudalanteriorcingulate,rh,21.129480212397688,8.442868673615194e-06,3.8407875143517024e-06,198.0,1.0,26,0.1231442691714339,58.06105941202434,471.48811554677616,198,baseline,0.1197896406682209,0.1265945143498004,4.076260185405109e-06,3.965216945662984e-06,4.190468480643616e-06,1.0,simulated,cortical volume,F,Group differences,cross-sectional,True,
lh-caudalmiddlefrontal,lh,2.837071292186207,0.09780515117776144,0.026601466681117496,198.0,0.0,0,0.1251635401171438,126.47532084646706,1010.4805339326088,198,baseline,0.1217539037445775,0.1286703610492269,0.024215305729707107,0.023555645679251936,0.02489376801137676,0.010582849240107082,simulated,cortical volume,F,Group differences,cross-sectional,False,
rh-caudalmiddlefrontal,rh,0.21938952953191235,0.6599418640977736,0.10510273812327792,198.0,0.0,0,0.1332242021285834,135.3976447317759,1016.3141724136182,198,baseline,0.1295949816314754,0.1369568659718027,0.095086948584666,0.09249664218915195,0.09775108625089476,6.225790207211036e-16,simulated,cortical volume,F,Group differences,cross-sectional,False,
lh-cuneus,lh,0.658552079146652,0.43195229991426987,0.09492503109665154,198.0,0.0,0,0.1170819346541779,64.51694482371408,551.0409869317261,198,baseline,0.1138924529361497,0.1203623258833632,0.06704942944108547,0.06522290573323748,0.06892801439025009,9.307206873526224e-17,simulated,cortical volume,F,Group differences,cross-sectional,False,
rh-cuneus,rh,1.5586476423271118,0.22008029439579602,0.04919737170711689,198.0,0.0,0,0.1224049013713863,76.52914269368031,625.2130579435271,198,baseline,0.1190704143194409,0.1258344310085075,0.04470509376428892,0.04348726216896137,0.04595763710427931,4.589539790562488e-08,simulated,cortical volume,F,Group differences,cross-sectional,False,
lh-eTIV,lh,5.582752669966903,0.019127772135261886,3.984343585182257e-05,198.0,1.0,26,0.0006775018545617,114.82821427547876,169487.675203119,198,baseline,0.0006590457213808,0.0006964840412503,3.394383443177297e-05,3.3019155149015126e-05,3.489486976514144e-05,1.0,simulated,cortical volume,F,Group differences,cross-sectional,True,
rh-eTIV,rh,5.582752669966903,0.019127772135261886,3.984343585182257e-05,198.0,1.0,26,0.0006775018545617,114.82821427547876,169487.675203119,198,baseline,0.0006590457213808,0.0006964840412503,3.394383443177297e-05,3.3019155149015126e-05,3.489486976514144e-05,1.0,simulated,cortical volume,F,Group differences,cross-sectional,True,
lh-entorhinal,lh,1.9291286880535954,0.20485442140425408,0.12220696074190018,198.0,0.038461538461538464,1,0.3637805212166657,135.59204688304243,372.7303661822083,198,baseline,0.3538706121839667,0.3739728914971223,0.11047100157516983,0.10746161126284728,0.11356616826947565,0.042162906911899986,simulated,cortical volume,F,Group differences,cross-sectional,False,
rh-entorhinal,rh,1.4580250880688248,0.2806535778050803,0.17557113789786472,198.0,0.0,0,0.3389892195252126,123.55064292637805,364.4677641944565,198,baseline,0.3297546615084031,0.3484869893203856,0.13017821942920946,0.12663197591878836,0.1338255412001373,0.0097323203742249,simulated,cortical volume,F,Group differences,cross-sectional,False,
lh-frontalpole,lh,2.6025081520624913,0.13859883637287038,0.10258572803996487,198.0,0.15384615384615385,4,0.3591808000050567,56.61336750232563,157.6180227382104,198,baseline,0.3493961940496923,0.3692442957058112,0.07805910395742618,0.07593266074709454,0.0802461569877364,0.10272709528323269,simulated,cortical volume,F,Group differences,cross-sectional,False,
rh-frontalpole,rh,3.9196336092090998,0.06647907636748283,0.057364739296634305,198.0,0.5769230769230769,15,0.3778968950366788,69.8161404919627,184.74917737862415,198,baseline,0.3676024355064435,0.3884847766229901,0.04282385791728445,0.0416572739150125,0.04402369295867376,0.4199853743619771,simulated,cortical volume,F,Group differences,cross-sectional,False,
lh-fusiform,lh,2.476428136289438,0.12704243706987167,0.05129894121598845,198.0,0.0,0,0.1570814574934679,197.54387595998244,1257.588763894663,198,baseline,0.1528023307571661,0.1614825517950885,0.03634152340935264,0.03535152760118817,0.037359736979186396,0.004300877991648952,simulated,cortical volume,F,Group differences,cross-sectional,False,
rh-fusiform,rh,1.4802054124109059,0.23534842879005785,0.06512630739029997,198.0,0.0,0,0.156776669851862,200.1480391892401,1276.6442824583503,198,baseline,0.1525058459729878,0.1611692246404549,0.05954273867353604,0.05792070811005495,0.06121100182859291,6.403829797067299e-06,simulated,cortical volume,F,Group differences,cross-sectional,False,
lh-inferiorparietal,lh,2.3661611901781563,0.1281758133651665,0.02517458327852109,198.0,0.0,0,0.0916726387815729,156.10730204368966,1702.8778064919054,198,baseline,0.0891753431372803,0.0942411146194857,0.022402284168084343,0.02179201345461157,0.023029949372932214,4.322683203746982e-06,simulated,cortical volume,F,Group differences,cross-sectional,False,
rh-inferiorparietal,rh,1.9635272856262609,0.1667068411036673,0.03386581151310699,198.0,0.0,0,0.0931063525084376,185.3137029692044,1990.3443532750423,198,baseline,0.0905700004227373,0.0957149980100023,0.027794185781626096,0.027037031847675346,0.028572920806202662,7.276515901229942e-09,simulated,cortical volume,F,Group differences,cross-sectional,False,
lh-inferiortemporal,lh,1.6122104999511637,0.2138252638512356,0.05669073933174565,198.0,0.0,0,0.1317339377064384,211.06583778240352,1602.2130777928437,198,baseline,0.1281453141736998,0.1354248474536564,0.04684453853533615,0.04556842536135052,0.0481570246485904,5.399748791206975e-07,simulated,cortical volume,F,Group differences,cross-sectional,False,
rh-inferiortemporal,rh,0.5464068952291048,0.47807285018659756,0.10632478661324583,198.0,0.0,0,0.1143040116045029,176.71507059998075,1546.0093492730853,198,baseline,0.1111902045395046,0.1175065712328146,0.06924165340859671,0.06735541034022693,0.0711816598938563,6.487515813242717e-19,simulated,cortical volume,F,Group differences,cross-sectional,False,
lh-insula,lh,10.634063747422102,0.00178632162327568,0.0013710281856885603,198.0,1.0,26,0.2065107121011975,154.73237218105652,749.2704402918926,198,baseline,0.2008850607761726,0.2122967108610446,0.0009030080228317735,0.0008784087745484095,0.0009283084212812074,1.0,simulated,cortical volume,F,Group differences,cross-sectional,True,
rh-insula,rh,8.085321545385112,0.008040981187883047,0.00812474465111937,198.0,1.0,26,0.2778051048648454,206.1979497364716,742.2395993651328,198,baseline,0.2702372908740839,0.2855886235785842,0.004127013366328742,0.0040145875363248006,0.004242643659675217,0.9999999303420387,simulated,cortical volume,F,Group differences,cross-sectional,True,
lh-isthmuscingulate,lh,2.808275086625847,0.09968203353914486,0.028987246412912462,198.0,0.0,0,0.126383228385466,59.49544980087592,470.7543125850223,198,baseline,0.1229403659354096,0.1299242224349439,0.02480263529722692,0.024126975537477613,0.02549755332646877,0.009361125048757246,simulated,cortical volume,F,Group differences,cross-sectional,False,
rh-isthmuscingulate,rh,0.8955164868070239,0.35337950269271257,0.06655222443199306,198.0,0.0,0,0.1411713067668144,55.793820761088185,395.2206864051202,198,baseline,0.1373255956127168,0.1451266318807897,0.07180219818671452,0.069846202164722,0.07381394578777381,4.479154323439279e-10,simulated,cortical volume,F,Group differences,cross-sectional,False,
lh-lateraloccipital,lh,0.4364587406494251,0.516258637888277,0.06580475743175565,198.0,0.0,0,0.0950445382047058,164.37498065622475,1729.452146973409,198,baseline,0.0924553871294548,0.0977074876206818,0.060837202081915995,0.05917990845767429,0.06254173339758953,2.2231531615589837e-27,simulated,cortical volume,F,Group differences,cross-sectional,False,
rh-lateraloccipital,rh,2.4319826756267298,0.1229832306971391,0.02400413831602313,198.0,0.0,0,0.0888939795987103,161.50901278913574,1816.872340716748,198,baseline,0.0864723786607834,0.0913846032108354,0.021024794009656057,0.020452048126038968,0.02161386481779069,5.795964845117684e-06,simulated,cortical volume,F,Group differences,cross-sectional,False,
lh-lateralorbitofrontal,lh,4.692292818211668,0.03378646528332225,0.012784770707904462,198.0,0.8846153846153846,23,0.1261469608276379,103.84426437315275,823.2006834872645,198,baseline,0.1227105346485441,0.1296813351536996,0.009775748399657117,0.009509442834303728,0.010049644448639193,0.938736210623374,simulated,cortical volume,F,Group differences,cross-sectional,True,
rh-lateralorbitofrontal,rh,6.787978475796776,0.011713874466084333,0.006327922745748142,198.0,1.0,26,0.2683952989180537,233.42805305238264,869.7173683494835,198,baseline,0.261083821689459,0.2759151745258995,0.007474108195527173,0.007270502647680618,0.007683517094030664,0.9992961972040727,simulated,cortical volume,F,Group differences,cross-sectional,True,
lh-lingual,lh,2.558481112310276,0.1141356399955699,0.02346690308388786,198.0,0.0,0,0.097284827985421,92.7368801260261,953.2512113802932,198,baseline,0.0946346481671809,0.1000105456411703,0.021609294192529424,0.02102062567615977,0.022214741474788947,0.0001220274267958236,simulated,cortical volume,F,Group differences,cross-sectional,False,
rh-lingual,rh,1.9064256919569214,0.17156219921112764,0.028669326285219142,198.0,0.0,0,0.1044500550912397,101.69557157216472,973.6287020943277,198,baseline,0.1016046840940441,0.1073765274425999,0.032079292759113275,0.031205406295888395,0.032978087529769246,1.4858108765837245e-07,simulated,cortical volume,F,Group differences,cross-sectional,False,
lh-medialorbitofrontal,lh,0.8500759618028997,0.3954458057715612,0.1451072221396989,198.0,0.0,0,0.2305152714970621,158.35526100154894,686.9621260800811,198,baseline,0.2242357011573868,0.2369738278665459,0.11994015445448285,0.11667281068347354,0.12330062703175737,2.785445884235958e-05,simulated,cortical volume,F,Group differences,cross-sectional,False,
rh-medialorbitofrontal,rh,5.8327558047604375,0.020245906951598763,0.012688082776874308,198.0,0.9615384615384616,25,0.2103189891746084,141.25572144967737,671.6260952186575,198,baseline,0.2045895948585004,0.2162116879027028,0.009326012694856072,0.009071958582407388,0.009587308088870856,0.9930872202941936,simulated,cortical volume,F,Group differences,cross-sectional,True,
lh-middletemporal,lh,1.2983528400070876,0.26474365335834044,0.061992171694654416,198.0,0.0,0,0.125183856478654,199.75725003933883,1595.710945950933,198,baseline,0.1217736666589329,0.1286912466327465,0.05206038654218466,0.05064218610331916,0.053519009820877504,1.5980501481198465e-09,simulated,cortical volume,F,Group differences,cross-sectional,False,
rh-middletemporal,rh,2.19183910627591,0.14362055676517108,0.02735509483315078,198.0,0.0,0,0.0939715628182081,152.38945699918548,1621.6550244459495,198,baseline,0.0914116411487509,0.0966044497052603,0.025041529095831263,0.024359361522511516,0.025743140430269724,5.058623652494397e-07,simulated,cortical volume,F,Group differences,cross-sectional,False,
lh-paracentral,lh,2.8042352327744697,0.10180648183063332,0.0380256051308703,198.0,0.0,0,0.1579696789669853,69.97383943394992,442.9574073425445,198,baseline,0.1536663557894502,0.1623956593788321,0.03106357746998894,0.030217360564454187,0.031933914020035294,0.026671485288427346,simulated,cortical volume,F,Group differences,cross-sectional,False,
rh-paracentral,rh,3.379489482478286,0.07005359839465454,0.01882548951823763,198.0,0.15384615384615385,4,0.1446638423832821,83.14032632660195,574.7139365089195,198,baseline,0.1407229894933463,0.1487170210494533,0.02140041537585025,0.02081743702140906,0.02200001031000653,0.1748548281995951,simulated,cortical volume,F,Group differences,cross-sectional,False,
lh-parahippocampal,lh,0.08926066995352834,0.8155351223877503,0.1386821589833364,198.0,0.0,0,0.2045386895192526,66.16677423323591,323.49270638603474,198,baseline,0.1989667589496221,0.2102694363258357,0.15584431713202052,0.15159889189353837,0.16021074934505367,2.8203665918841704e-06,simulated,cortical volume,F,Group differences,cross-sectional,False,
rh-parahippocampal,rh,0.20136017851988,0.7271392542031297,0.18661848404732462,198.0,0.0,0,0.2569307522482654,69.13190538297307,269.06824028667745,198,baseline,0.2499315858993702,0.2641294152074371,0.1850480409225087,0.18000706389029145,0.1902327004706541,4.980339717086194e-05,simulated,cortical volume,F,Group differences,cross-sectional,False,
lh-parsopercularis,lh,7.046235147442447,0.00915728774734228,0.0033420588154561485,198.0,1.0,26,0.1253979197651749,91.94295569420804,733.209576892376,198,baseline,0.1219818985510472,0.1289113075253855,0.003080451767566779,0.0029965357934676005,0.0031667595911443586,0.9999999999995941,simulated,cortical volume,F,Group differences,cross-sectional,True,
rh-parsopercularis,rh,5.854688968795399,0.0178811691362697,0.007690815728626922,198.0,1.0,26,0.1773960971051967,107.55438681321245,606.2951134118365,198,baseline,0.1725635701210999,0.1823663651722082,0.007782372650893739,0.007570369532169888,0.008000418475483573,0.9986420354254721,simulated,cortical volume,F,Group differences,cross-sectional,True,
lh-parsorbitalis,lh,2.7915592094564943,0.10525353057759558,0.04129926757628209,198.0,0.07692307692307693,2,0.1896818826185401,59.739809838707046,314.9473687945561,198,baseline,0.1845146730175036,0.1949963727310846,0.03753457509081274,0.03651207882441858,0.038586215476520226,0.04576933265441072,simulated,cortical volume,F,Group differences,cross-sectional,False,
rh-parsorbitalis,rh,9.63064989259988,0.002965601168290163,0.00230097635467009,198.0,1.0,26,0.1943779260459706,73.58622373265477,378.5729441070975,198,baseline,0.1890827894107328,0.1998239894854909,0.0013731705689738341,0.0013357634110001246,0.0014116439398140243,1.0,simulated,cortical volume,F,Group differences,cross-sectional,True,
lh-parstriangularis,lh,10.852851347185801,0.001292845152837377,0.0006071276773987938,198.0,1.0,26,0.124060284753811,77.30774584727953,623.146609736479,198,baseline,0.1206807026575262,0.1275361947752731,0.0004887539046443759,0.000475439539383138,0.0005024477680637077,1.0,simulated,cortical volume,F,Group differences,cross-sectional,True,
rh-parstriangularis,rh,8.136411863030558,0.005469109678250752,0.003156038291784356,198.0,1.0,26,0.1649345915004672,119.27428241010064,723.1611108683818,198,baseline,0.1604415340034675,0.1695557142120578,0.0023905400856938973,0.0023254183064710422,0.002457518025145347,0.9999999999999997,simulated,cortical volume,F,Group differences,cross-sectional,True,
lh-pericalcarine,lh,0.7271236204568194,0.40342804528854204,0.06924012917046218,198.0,0.0,0,0.1354313413268199,63.103631419818456,465.94555441593207,198,baseline,0.1317419951566718,0.1392258445997417,0.07493957681016149,0.07289811404394773,0.077039227206382,4.5669301954352275e-12,simulated,cortical volume,F,Group differences,cross-sectional,False,
rh-pericalcarine,rh,1.7356647316980938,0.1975732595606223,0.05421731767609056,198.0,0.0,0,0.1404774020149742,72.6746880263017,517.340774984968,198,baseline,0.1366505938327705,0.1444132853673443,0.04697323739783995,0.045693618280172266,0.04828932938437441,8.07685422291208e-06,simulated,cortical volume,F,Group differences,cross-sectional,False,
lh-postcentral,lh,3.8222565456561957,0.053933070397857365,0.014835872019742622,198.0,0.46153846153846156,12,0.1039777943113013,129.98089062228314,1250.0831690382909,198,baseline,0.101145288382728,0.106891034902143,0.012362249589943532,0.012025483980652164,0.012708613999172256,0.4003816555883971,simulated,cortical volume,F,Group differences,cross-sectional,False,
rh-postcentral,rh,0.43604634676646964,0.5191310926834529,0.07505654328945817,198.0,0.0,0,0.1364704136924596,165.73562189112022,1214.4436102070492,198,baseline,0.1327527616839795,0.140294029602483,0.08737161839631415,0.08499148878560454,0.0898195886277043,4.505753087269898e-14,simulated,cortical volume,F,Group differences,cross-sectional,False,
lh-posteriorcingulate,lh,11.743142270482075,0.0008303204608811957,0.0003683597120812636,198.0,1.0,26,0.1462960350912535,63.29736102694893,432.66627825878254,198,baseline,0.1423107189045867,0.1503949443875119,0.000377465769380743,0.00036718305433868886,0.0003880415717267804,1.0,simulated,cortical volume,F,Group differences,cross-sectional,True,
rh-posteriorcingulate,rh,11.677504711996223,0.0009060107484741857,0.0005262337346250026,198.0,1.0,26,0.132675310945911,67.35949196461593,507.7017832811186,198,baseline,0.129061043040742,0.1363925960048051,0.00035315081813158054,0.00034353047762845934,0.0003630453663366489,1.0,simulated,cortical volume,F,Group differences,cross-sectional,True,
lh-precentral,lh,3.0262953669497747,0.08556455657364889,0.018008266388265474,198.0,0.0,0,0.1068969662200469,159.70084586795454,1493.9698619623214,198,baseline,0.1039849378146524,0.1098919959097297,0.018831418228519355,0.018318423082497818,0.019359035229147312,0.016399928041355837,simulated,cortical volume,F,Group differences,cross-sectional,False,
rh-precentral,rh,1.5989106426997788,0.21557696433758344,0.05656420074842768,198.0,0.0,0,0.1539680336965444,238.8950058558024,1551.5883402566562,198,baseline,0.1497737211402448,0.1582818963672022,0.055115166097192546,0.05361374903253348,0.056659377917695375,1.582989566486116e-05,simulated,cortical volume,F,Group differences,cross-sectional,False,
lh-precuneus,lh,4.974596558523401,0.02850026166958849,0.009648151362752062,198.0,1.0,26,0.1205596743827299,145.03639641805876,1203.0257808894269,198,baseline,0.1172754539903107,0.1239375046142398,0.008134528170326052,0.00791293182447925,0.008362440656930549,0.9884605905365376,simulated,cortical volume,F,Group differences,cross-sectional,True,
rh-precuneus,rh,2.3386180794828983,0.13190020949067624,0.030294847068667554,198.0,0.0,0,0.1002712584633309,120.98382535878918,1206.5653429794424,198,baseline,0.0975397239472922,0.1030806496625285,0.024841028545916456,0.024164322898386482,0.0255370222737845,1.2182346872197206e-05,simulated,cortical volume,F,Group differences,cross-sectional,False,
lh-rostralanteriorcingulate,lh,4.781826823344122,0.031785397416254246,0.011012765603924403,198.0,0.9230769230769231,24,0.1584856014386832,87.1200294193564,549.7031189490258,198,baseline,0.1541682237847145,0.162926036920444,0.011753828503352924,0.01143363716692676,0.01208314622470449,0.9255981002815821,simulated,cortical volume,F,Group differences,cross-sectional,True,
rh-rostralanteriorcingulate,rh,10.140782331458464,0.0020141583580149582,0.001224038381369711,198.0,1.0,26,0.153741837472793,63.38764460629128,412.2992520985621,198,baseline,0.1495536868297081,0.1580493625977768,0.0008508059965976714,0.0008276288072238186,0.0008746438033201253,1.0,simulated,cortical volume,F,Group differences,cross-sectional,True,
lh-rostralmiddlefrontal,lh,7.169741209017151,0.010581889211843352,0.009710644711241155,198.0,1.0,26,0.1556296671667517,313.0644899317948,2011.599045549312,198,baseline,0.1513900893046562,0.1599900853361539,0.0036007761359642316,0.00350268577138073,0.0037016623614059743,0.9999999998383802,simulated,cortical volume,F,Group differences,cross-sectional,True,
rh-rostralmiddlefrontal,rh,16.105950540851566,9.59781237659516e-05,4.895716702088177e-05,198.0,1.0,26,0.1764470731150288,394.837530482926,2237.7108529622637,198,baseline,0.1716403989209081,0.1813907515123117,5.869933907514353e-05,5.71002839400068e-05,6.0343971935283925e-05,1.0,simulated,cortical volume,F,Group differences,cross-sectional,True,
lh-superiorfrontal,lh,2.464394454355161,0.12250049826715699,0.03176824862521942,198.0,0.0,0,0.1091370636031664,271.21813773457006,2485.114852647558,198,baseline,0.1061640116959723,0.1121948561420436,0.02540062398108028,0.02470867414224771,0.02611229640406747,0.00017381335772429825,simulated,cortical volume,F,Group differences,cross-sectional,False,
rh-superiorfrontal,rh,2.100286281879831,0.1519427123403567,0.029230428400404403,198.0,0.0,0,0.1354507801937126,355.4848306322435,2624.4576083198112,198,baseline,0.1317609044806358,0.1392458281030777,0.03777569917656131,0.03674663434034002,0.038834095355452194,0.00021618573487155315,simulated,cortical volume,F,Group differences,cross-sectional,False,
lh-superiorparietal,lh,0.994347930199316,0.3336983248380906,0.0869031398081922,198.0,0.0,0,0.1306042692151913,224.3119423018032,1717.4931849449235,198,baseline,0.1270464194906487,0.1342635280111201,0.0632239699788779,0.06150165733530564,0.06499537354515457,3.3599504741418246e-11,simulated,cortical volume,F,Group differences,cross-sectional,False,
rh-superiorparietal,rh,0.0293063259903052,0.8953791826326802,0.08583670305294762,198.0,0.0,0,0.1656211911327158,262.6947257326247,1586.1178387620805,198,baseline,0.1611094296658754,0.1702615509317208,0.13005054036245917,0.1265077750150047,0.13369428483265347,1.3134499553549943e-06,simulated,cortical volume,F,Group differences,cross-sectional,False,
lh-superiortemporal,lh,5.848101640904769,0.0185420691610858,0.00914249455086697,198.0,1.0,26,0.1174554648262895,174.54947684799822,1486.0907247367984,198,baseline,0.1142558076045972,0.1207463215906067,0.005169369402445496,0.005028548282163081,0.005314204334480812,0.9999940259105753,simulated,cortical volume,F,Group differences,cross-sectional,True,
rh-superiortemporal,rh,6.167294358970337,0.014606716481003014,0.004969744754675026,198.0,1.0,26,0.1095651687790874,139.86629754451636,1276.5580439758562,198,baseline,0.1065804546659686,0.1126349559306981,0.004126923234531689,0.004014499859848624,0.00424255100257349,0.9999999894703967,simulated,cortical volume,F,Group differences,cross-sectional,True,
lh-supramarginal,lh,2.1099203992023674,0.14949289895212947,0.020060278339237344,198.0,0.0,0,0.098303667228574,178.33054388598967,1814.0782425882285,198,baseline,0.095625732751605,0.101057930631599,0.027284767119347256,0.02654149048862832,0.02804922929716349,7.814626060629552e-07,simulated,cortical volume,F,Group differences,cross-sectional,False,
rh-supramarginal,rh,1.4553708410044985,0.23562095148006368,0.04812645309715158,198.0,0.0,0,0.1430471928483772,211.0791813153793,1475.591216523295,198,baseline,0.139150379836594,0.1470550763717013,0.0550055893582755,0.05350715732291688,0.0565467310674556,1.0098327808272305e-06,simulated,cortical volume,F,Group differences,cross-sectional,False,
lh-temporalpole,lh,0.5539923247899368,0.5771761822470036,0.24236167683213686,198.0,0.0,0,0.410241069452235,163.32994582853203,398.1316303767797,198,baseline,0.3990655076982635,0.4217351672398878,0.247567827845762,0.24082372113776934,0.2545041612219778,0.007917166610799612,simulated,cortical volume,F,Group differences,cross-sectional,False,
rh-temporalpole,rh,1.0438741881192988,0.37053799350979044,0.19116410221732416,198.0,0.0,0,0.366074970656963,151.53368941838983,413.9416828920192,198,baseline,0.3561025574935936,0.3763316266177168,0.17287849291186858,0.16816903201842415,0.17772218714649085,0.007912977144121666,simulated,cortical volume,F,Group differences,cross-sectional,False,
lh-transversetemporal,lh,2.6714602067327275,0.10734551931318456,0.02698386534774829,198.0,0.0,0,0.1559208368155868,31.87000219057162,204.39860920106145,198,baseline,0.1516733270699387,0.1602894129503068,0.032746434372734924,0.031854374004319085,0.03366392105777049,0.019638303655915117,simulated,cortical volume,F,Group differences,cross-sectional,False,
rh-transversetemporal,rh,3.378159782579092,0.07597324551174969,0.03959534338902698,198.0,0.23076923076923078,6,0.1820984539206673,25.391933665246828,139.44068781775067,198,baseline,0.1771378279165219,0.187200472202599,0.026955897432722375,0.02622157968926644,0.027711145368915953,0.16583689537179958,simulated,cortical volume,F,Group differences,cross-sectional,False,
lh-BrainSegVolNotVent,lh,13.853404846478462,0.00026049495427774065,2.958355339322291e-05,198.0,1.0,26,0.0254340503680745,2748.4335500323227,108061.18216555168,198,baseline,0.0247411899459779,0.0261466593285988,2.958355339322291e-05,2.357608160296941e-05,2.491536483580891e-05,1.0,sampled,cortical volume,F,Group differences,cross-sectional,True,
rh-BrainSegVolNotVent,rh,13.853404846478462,0.00026049495427774065,2.958355339322291e-05,198.0,1.0,26,0.0254340503680745,2748.4335500323227,108061.18216555168,198,baseline,0.0247411899459779,0.0261466593285988,2.958355339322291e-05,2.357608160296941e-05,2.491536483580891e-05,1.0,sampled,cortical volume,F,Group differences,cross-sectional,True,
lh-bankssts,lh,2.338784022127328,0.13309936779893217,0.03645347680956978,198.0,0.0,0,0.1741807583646439,81.50348956448927,467.92476005795857,198,baseline,0.1694358218714333,0.1790609393568686,0.03645347680956978,0.041972278768524676,0.044356592249678826,0.002068307594947413,sampled,cortical volume,F,Group differences,cross-sectional,False,
rh-bankssts,rh,1.734169180092509,0.20579752274442983,0.07837247556066833,198.0,0.0,0,0.1787403088564449,62.112330128578776,347.50040730020334,198,baseline,0.1738711635945717,0.1837482389287179,0.07837247556066833,0.05818287087813442,0.06148805724106836,0.004197415007328528,sampled,cortical volume,F,Group differences,cross-sectional,False,
lh-caudalanteriorcingulate,lh,1.3231372066169544,0.2557156208600777,0.041532824274205335,198.0,0.0,0,0.1479180237533074,59.082949209859926,399.4303581853989,198,baseline,0.1438885222429205,0.1520623777836023,0.041532824274205335,0.05910330245605231,0.062460775649344234,5.132313998033517e-13,sampled,cortical volume,F,Group differences,cross-sectional,False,
rh-caudalanteriorcingulate,rh,21.129480212397688,8.442868673615194e-06,3.8407875143517024e-06,198.0,1.0,26,0.1231442691714339,58.06105941202434,471.48811554677616,198,baseline,0.1197896406682209,0.1265945143498004,3.8407875143517024e-06,3.965216945662984e-06,4.190468480643616e-06,1.0,sampled,cortical volume,F,Group differences,cross-sectional,True,
lh-caudalmiddlefrontal,lh,2.837071292186207,0.09780515117776144,0.026601466681117496,198.0,0.0,0,0.1251635401171438,126.47532084646706,1010.4805339326088,198,baseline,0.1217539037445775,0.1286703610492269,0.026601466681117496,0.023555645679251936,0.02489376801137676,0.018696811092423812,sampled,cortical volume,F,Group differences,cross-sectional,False,
rh-caudalmiddlefrontal,rh,0.21938952953191235,0.6599418640977736,0.10510273812327792,198.0,0.0,0,0.1332242021285834,135.3976447317759,1016.3141724136182,198,baseline,0.1295949816314754,0.1369568659718027,0.10510273812327792,0.09249664218915195,0.09775108625089476,3.0622474692918906e-13,sampled,cortical volume,F,Group differences,cross-sectional,False,
lh-cuneus,lh,0.658552079146652,0.43195229991426987,0.09492503109665154,198.0,0.0,0,0.1170819346541779,64.51694482371408,551.0409869317261,198,baseline,0.1138924529361497,0.1203623258833632,0.09492503109665154,0.06522290573323748,0.06892801439025009,5.159460249380303e-09,sampled,cortical volume,F,Group differences,cross-sectional,False,
rh-cuneus,rh,1.5586476423271118,0.22008029439579602,0.04919737170711689,198.0,0.0,0,0.1224049013713863,76.52914269368031,625.2130579435271,198,baseline,0.1190704143194409,0.1258344310085075,0.04919737170711689,0.04348726216896137,0.04595763710427931,6.638271080093821e-07,sampled,cortical volume,F,Group differences,cross-sectional,False,
lh-eTIV,lh,5.582752669966903,0.019127772135261886,3.984343585182257e-05,198.0,1.0,26,0.0006775018545617,114.82821427547876,169487.675203119,198,baseline,0.0006590457213808,0.0006964840412503,3.984343585182257e-05,3.3019155149015126e-05,3.489486976514144e-05,1.0,sampled,cortical volume,F,Group differences,cross-sectional,True,
rh-eTIV,rh,5.582752669966903,0.019127772135261886,3.984343585182257e-05,198.0,1.0,26,0.0006775018545617,114.82821427547876,169487.675203119,198,baseline,0.0006590457213808,0.0006964840412503,3.984343585182257e-05,3.3019155149015126e-05,3.489486976514144e-05,1.0,sampled,cortical volume,F,Group differences,cross-sectional,True,
lh-entorhinal,lh,1.9291286880535954,0.20485442140425408,0.12220696074190018,198.0,0.038461538461538464,1,0.3637805212166657,135.59204688304243,372.7303661822083,198,baseline,0.3538706121839667,0.3739728914971223,0.12220696074190018,0.10746161126284728,0.11356616826947565,0.06600446479618695,sampled,cortical volume,F,Group differences,cross-sectional,False,
rh-entorhinal,rh,1.4580250880688248,0.2806535778050803,0.17557113789786472,198.0,0.0,0,0.3389892195252126,123.55064292637805,364.4677641944565,198,baseline,0.3297546615084031,0.3484869893203856,0.17557113789786472,0.12663197591878836,0.1338255412001373,0.059153996677214486,sampled,cortical volume,F,Group differences,cross-sectional,False,
lh-frontalpole,lh,2.6025081520624913,0.13859883637287038,0.10258572803996487,198.0,0.15384615384615385,4,0.3591808000050567,56.61336750232563,157.6180227382104,198,baseline,0.3493961940496923,0.3692442957058112,0.10258572803996487,0.07593266074709454,0.0802461569877364,0.20271076159693766,sampled,cortical volume,F,Group differences,cross-sectional,False,
rh-frontalpole,rh,3.9196336092090998,0.06647907636748283,0.057364739296634305,198.0,0.5769230769230769,15,0.3778968950366788,69.8161404919627,184.74917737862415,198,baseline,0.3676024355064435,0.3884847766229901,0.057364739296634305,0.0416572739150125,0.04402369295867376,0.49308697144722174,sampled,cortical volume,F,Group differences,cross-sectional,False,
lh-fusiform,lh,2.476428136289438,0.12704243706987167,0.05129894121598845,198.0,0.0,0,0.1570814574934679,197.54387595998244,1257.588763894663,198,baseline,0.1528023307571661,0.1614825517950885,0.05129894121598845,0.03535152760118817,0.037359736979186396,0.03731825889796418,sampled,cortical volume,F,Group differences,cross-sectional,False,
rh-fusiform,rh,1.4802054124109059,0.23534842879005785,0.06512630739029997,198.0,0.0,0,0.156776669851862,200.1480391892401,1276.6442824583503,198,baseline,0.1525058459729878,0.1611692246404549,0.06512630739029997,0.05792070811005495,0.06121100182859291,3.6501272886613746e-05,sampled,cortical volume,F,Group differences,cross-sectional,False,
lh-inferiorparietal,lh,2.3661611901781563,0.1281758133651665,0.02517458327852109,198.0,0.0,0,0.0916726387815729,156.10730204368966,1702.8778064919054,198,baseline,0.0891753431372803,0.0942411146194857,0.02517458327852109,0.02179201345461157,0.023029949372932214,4.0260315956789084e-05,sampled,cortical volume,F,Group differences,cross-sectional,False,
rh-inferiorparietal,rh,1.9635272856262609,0.1667068411036673,0.03386581151310699,198.0,0.0,0,0.0931063525084376,185.3137029692044,1990.3443532750423,198,baseline,0.0905700004227373,0.0957149980100023,0.03386581151310699,0.027037031847675346,0.028572920806202662,1.8946690247549297e-06,sampled,cortical volume,F,Group differences,cross-sectional,False,
lh-inferiortemporal,lh,1.6122104999511637,0.2138252638512356,0.05669073933174565,198.0,0.0,0,0.1317339377064384,211.06583778240352,1602.2130777928437,198,baseline,0.1281453141736998,0.1354248474536564,0.05669073933174565,0.04556842536135052,0.0481570246485904,3.3143538521734704e-05,sampled,cortical volume,F,Group differences,cross-sectional,False,
rh-inferiortemporal,rh,0.5464068952291048,0.47807285018659756,0.10632478661324583,198.0,0.0,0,0.1143040116045029,176.71507059998075,1546.0093492730853,198,baseline,0.1111902045395046,0.1175065712328146,0.10632478661324583,0.06735541034022693,0.0711816598938563,9.534464304901462e-09,sampled,cortical volume,F,Group differences,cross-sectional,False,
lh-insula,lh,10.634063747422102,0.00178632162327568,0.0013710281856885603,198.0,1.0,26,0.2065107121011975,154.73237218105652,749.2704402918926,198,baseline,0.2008850607761726,0.2122967108610446,0.0013710281856885603,0.0008784087745484095,0.0009283084212812074,1.0,sampled,cortical volume,F,Group differences,cross-sectional,True,
rh-insula,rh,8.085321545385112,0.008040981187883047,0.00812474465111937,198.0,1.0,26,0.2778051048648454,206.1979497364716,742.2395993651328,198,baseline,0.2702372908740839,0.2855886235785842,0.00812474465111937,0.0040145875363248006,0.004242643659675217,0.9979490339664768,sampled,cortical volume,F,Group differences,cross-sectional,True,
lh-isthmuscingulate,lh,2.808275086625847,0.09968203353914486,0.028987246412912462,198.0,0.0,0,0.126383228385466,59.49544980087592,470.7543125850223,198,baseline,0.1229403659354096,0.1299242224349439,0.028987246412912462,0.024126975537477613,0.02549755332646877,0.023663418060209503,sampled,cortical volume,F,Group differences,cross-sectional,False,
rh-isthmuscingulate,rh,0.8955164868070239,0.35337950269271257,0.06655222443199306,198.0,0.0,0,0.1411713067668144,55.793820761088185,395.2206864051202,198,baseline,0.1373255956127168,0.1451266318807897,0.06655222443199306,0.069846202164722,0.07381394578777381,1.6688571981557274e-11,sampled,cortical volume,F,Group differences,cross-sectional,False,
lh-lateraloccipital,lh,0.4364587406494251,0.516258637888277,0.06580475743175565,198.0,0.0,0,0.0950445382047058,164.37498065622475,1729.452146973409,198,baseline,0.0924553871294548,0.0977074876206818,0.06580475743175565,0.05917990845767429,0.06254173339758953,1.3251303881557173e-23,sampled,cortical volume,F,Group differences,cross-sectional,False,
rh-lateraloccipital,rh,2.4319826756267298,0.1229832306971391,0.02400413831602313,198.0,0.0,0,0.0888939795987103,161.50901278913574,1816.872340716748,198,baseline,0.0864723786607834,0.0913846032108354,0.02400413831602313,0.020452048126038968,0.02161386481779069,6.578664872923755e-05,sampled,cortical volume,F,Group differences,cross-sectional,False,
lh-lateralorbitofrontal,lh,4.692292818211668,0.03378646528332225,0.012784770707904462,198.0,0.8846153846153846,23,0.1261469608276379,103.84426437315275,823.2006834872645,198,baseline,0.1227105346485441,0.1296813351536996,0.012784770707904462,0.009509442834303728,0.010049644448639193,0.8903535307132942,sampled,cortical volume,F,Group differences,cross-sectional,True,
rh-lateralorbitofrontal,rh,6.787978475796776,0.011713874466084333,0.006327922745748142,198.0,1.0,26,0.2683952989180537,233.42805305238264,869.7173683494835,198,baseline,0.261083821689459,0.2759151745258995,0.006327922745748142,0.007270502647680618,0.007683517094030664,0.9998979417896074,sampled,cortical volume,F,Group differences,cross-sectional,True,
lh-lingual,lh,2.558481112310276,0.1141356399955699,0.02346690308388786,198.0,0.0,0,0.097284827985421,92.7368801260261,953.2512113802932,198,baseline,0.0946346481671809,0.1000105456411703,0.02346690308388786,0.02102062567615977,0.022214741474788947,0.0003808678235484364,sampled,cortical volume,F,Group differences,cross-sectional,False,
rh-lingual,rh,1.9064256919569214,0.17156219921112764,0.028669326285219142,198.0,0.0,0,0.1044500550912397,101.69557157216472,973.6287020943277,198,baseline,0.1016046840940441,0.1073765274425999,0.028669326285219142,0.031205406295888395,0.032978087529769246,4.385345326918572e-09,sampled,cortical volume,F,Group differences,cross-sectional,False,
lh-medialorbitofrontal,lh,0.8500759618028997,0.3954458057715612,0.1451072221396989,198.0,0.0,0,0.2305152714970621,158.35526100154894,686.9621260800811,198,baseline,0.2242357011573868,0.2369738278665459,0.1451072221396989,0.11667281068347354,0.12330062703175737,0.0005914831844253476,sampled,cortical volume,F,Group differences,cross-sectional,False,
rh-medialorbitofrontal,rh,5.8327558047604375,0.020245906951598763,0.012688082776874308,198.0,0.9615384615384616,25,0.2103189891746084,141.25572144967737,671.6260952186575,198,baseline,0.2045895948585004,0.2162116879027028,0.012688082776874308,0.009071958582407388,0.009587308088870856,0.9707970722387265,sampled,cortical volume,F,Group differences,cross-sectional,True,
lh-middletemporal,lh,1.2983528400070876,0.26474365335834044,0.061992171694654416,198.0,0.0,0,0.125183856478654,199.75725003933883,1595.710945950933,198,baseline,0.1217736666589329,0.1286912466327465,0.061992171694654416,0.05064218610331916,0.053519009820877504,4.002133358970545e-07,sampled,cortical volume,F,Group differences,cross-sectional,False,
rh-middletemporal,rh,2.19183910627591,0.14362055676517108,0.02735509483315078,198.0,0.0,0,0.0939715628182081,152.38945699918548,1621.6550244459495,198,baseline,0.0914116411487509,0.0966044497052603,0.02735509483315078,0.024359361522511516,0.025743140430269724,4.0328107070030185e-06,sampled,cortical volume,F,Group differences,cross-sectional,False,
lh-paracentral,lh,2.8042352327744697,0.10180648183063332,0.0380256051308703,198.0,0.0,0,0.1579696789669853,69.97383943394992,442.9574073425445,198,baseline,0.1536663557894502,0.1623956593788321,0.0380256051308703,0.030217360564454187,0.031933914020035294,0.06266239145107431,sampled,cortical volume,F,Group differences,cross-sectional,False,
rh-paracentral,rh,3.379489482478286,0.07005359839465454,0.01882548951823763,198.0,0.15384615384615385,4,0.1446638423832821,83.14032632660195,574.7139365089195,198,baseline,0.1407229894933463,0.1487170210494533,0.01882548951823763,0.02081743702140906,0.02200001031000653,0.1379637326294038,sampled,cortical volume,F,Group differences,cross-sectional,False,
lh-parahippocampal,lh,0.08926066995352834,0.8155351223877503,0.1386821589833364,198.0,0.0,0,0.2045386895192526,66.16677423323591,323.49270638603474,198,baseline,0.1989667589496221,0.2102694363258357,0.1386821589833364,0.15159889189353837,0.16021074934505367,1.0116701618031841e-07,sampled,cortical volume,F,Group differences,cross-sectional,False,
rh-parahippocampal,rh,0.20136017851988,0.7271392542031297,0.18661848404732462,198.0,0.0,0,0.2569307522482654,69.13190538297307,269.06824028667745,198,baseline,0.2499315858993702,0.2641294152074371,0.18661848404732462,0.18000706389029145,0.1902327004706541,5.87123737428666e-05,sampled,cortical volume,F,Group differences,cross-sectional,False,
lh-parsopercularis,lh,7.046235147442447,0.00915728774734228,0.0033420588154561485,198.0,1.0,26,0.1253979197651749,91.94295569420804,733.209576892376,198,baseline,0.1219818985510472,0.1289113075253855,0.0033420588154561485,0.0029965357934676005,0.0031667595911443586,0.9999999999811428,sampled,cortical volume,F,Group differences,cross-sectional,True,
rh-parsopercularis,rh,5.854688968795399,0.0178811691362697,0.007690815728626922,198.0,1.0,26,0.1773960971051967,107.55438681321245,606.2951134118365,198,baseline,0.1725635701210999,0.1823663651722082,0.007690815728626922,0.007570369532169888,0.008000418475483573,0.9987811768120585,sampled,cortical volume,F,Group differences,cross-sectional,True,
lh-parsorbitalis,lh,2.7915592094564943,0.10525353057759558,0.04129926757628209,198.0,0.07692307692307693,2,0.1896818826185401,59.739809838707046,314.9473687945561,198,baseline,0.1845146730175036,0.1949963727310846,0.04129926757628209,0.03651207882441858,0.038586215476520226,0.06575497299278593,sampled,cortical volume,F,Group differences,cross-sectional,False,
rh-parsorbitalis,rh,9.63064989259988,0.002965601168290163,0.00230097635467009,198.0,1.0,26,0.1943779260459706,73.58622373265477,378.5729441070975,198,baseline,0.1890827894107328,0.1998239894854909,0.00230097635467009,0.0013357634110001246,0.0014116439398140243,0.9999999999958601,sampled,cortical volume,F,Group differences,cross-sectional,True,
lh-parstriangularis,lh,10.852851347185801,0.001292845152837377,0.0006071276773987938,198.0,1.0,26,0.124060284753811,77.30774584727953,623.146609736479,198,baseline,0.1206807026575262,0.1275361947752731,0.0006071276773987938,0.000475439539383138,0.0005024477680637077,1.0,sampled,cortical volume,F,Group differences,cross-sectional,True,
rh-parstriangularis,rh,8.136411863030558,0.005469109678250752,0.003156038291784356,198.0,1.0,26,0.1649345915004672,119.27428241010064,723.1611108683818,198,baseline,0.1604415340034675,0.1695557142120578,0.003156038291784356,0.0023254183064710422,0.002457518025145347,0.9999999996822708,sampled,cortical volume,F,Group differences,cross-sectional,True,
lh-pericalcarine,lh,0.7271236204568194,0.40342804528854204,0.06924012917046218,198.0,0.0,0,0.1354313413268199,63.103631419818456,465.94555441593207,198,baseline,0.1317419951566718,0.1392258445997417,0.06924012917046218,0.07289811404394773,0.077039227206382,6.663106234086292e-14,sampled,cortical volume,F,Group differences,cross-sectional,False,
rh-pericalcarine,rh,1.7356647316980938,0.1975732595606223,0.05421731767609056,198.0,0.0,0,0.1404774020149742,72.6746880263017,517.340774984968,198,baseline,0.1366505938327705,0.1444132853673443,0.05421731767609056,0.045693618280172266,0.04828932938437441,0.00010585995294533892,sampled,cortical volume,F,Group differences,cross-sectional,False,
lh-postcentral,lh,3.8222565456561957,0.053933070397857365,0.014835872019742622,198.0,0.46153846153846156,12,0.1039777943113013,129.98089062228314,1250.0831690382909,198,baseline,0.101145288382728,0.106891034902143,0.014835872019742622,0.012025483980652164,0.012708613999172256,0.42730568161099797,sampled,cortical volume,F,Group differences,cross-sectional,False,
rh-postcentral,rh,0.43604634676646964,0.5191310926834529,0.07505654328945817,198.0,0.0,0,0.1364704136924596,165.73562189112022,1214.4436102070492,198,baseline,0.1327527616839795,0.140294029602483,0.07505654328945817,0.08499148878560454,0.0898195886277043,1.2957641190302588e-18,sampled,cortical volume,F,Group differences,cross-sectional,False,
lh-posteriorcingulate,lh,11.743142270482075,0.0008303204608811957,0.0003683597120812636,198.0,1.0,26,0.1462960350912535,63.29736102694893,432.66627825878254,198,baseline,0.1423107189045867,0.1503949443875119,0.0003683597120812636,0.00036718305433868886,0.0003880415717267804,1.0,sampled,cortical volume,F,Group differences,cross-sectional,True,
rh-posteriorcingulate,rh,11.677504711996223,0.0009060107484741857,0.0005262337346250026,198.0,1.0,26,0.132675310945911,67.35949196461593,507.7017832811186,198,baseline,0.129061043040742,0.1363925960048051,0.0005262337346250026,0.00034353047762845934,0.0003630453663366489,1.0,sampled,cortical volume,F,Group differences,cross-sectional,True,
lh-precentral,lh,3.0262953669497747,0.08556455657364889,0.018008266388265474,198.0,0.0,0,0.1068969662200469,159.70084586795454,1493.9698619623214,198,baseline,0.1039849378146524,0.1098919959097297,0.018008266388265474,0.018318423082497818,0.019359035229147312,0.012579275104114995,sampled,cortical volume,F,Group differences,cross-sectional,False,
rh-precentral,rh,1.5989106426997788,0.21557696433758344,0.05656420074842768,198.0,0.0,0,0.1539680336965444,238.8950058558024,1551.5883402566562,198,baseline,0.1497737211402448,0.1582818963672022,0.05656420074842768,0.05361374903253348,0.056659377917695375,2.5807525866038904e-05,sampled,cortical volume,F,Group differences,cross-sectional,False,
lh-precuneus,lh,4.974596558523401,0.02850026166958849,0.009648151362752062,198.0,1.0,26,0.1205596743827299,145.03639641805876,1203.0257808894269,198,baseline,0.1172754539903107,0.1239375046142398,0.009648151362752062,0.00791293182447925,0.008362440656930549,0.9740918409701079,sampled,cortical volume,F,Group differences,cross-sectional,True,
rh-precuneus,rh,2.3386180794828983,0.13190020949067624,0.030294847068667554,198.0,0.0,0,0.1002712584633309,120.98382535878918,1206.5653429794424,198,baseline,0.0975397239472922,0.1030806496625285,0.030294847068667554,0.024164322898386482,0.0255370222737845,0.0003002728454330081,sampled,cortical volume,F,Group differences,cross-sectional,False,
lh-rostralanteriorcingulate,lh,4.781826823344122,0.031785397416254246,0.011012765603924403,198.0,0.9230769230769231,24,0.1584856014386832,87.1200294193564,549.7031189490258,198,baseline,0.1541682237847145,0.162926036920444,0.011012765603924403,0.01143363716692676,0.01208314622470449,0.9365464604677524,sampled,cortical volume,F,Group differences,cross-sectional,True,
rh-rostralanteriorcingulate,rh,10.140782331458464,0.0020141583580149582,0.001224038381369711,198.0,1.0,26,0.153741837472793,63.38764460629128,412.2992520985621,198,baseline,0.1495536868297081,0.1580493625977768,0.001224038381369711,0.0008276288072238186,0.0008746438033201253,1.0,sampled,cortical volume,F,Group differences,cross-sectional,True,
lh-rostralmiddlefrontal,lh,7.169741209017151,0.010581889211843352,0.009710644711241155,198.0,1.0,26,0.1556296671667517,313.0644899317948,2011.599045549312,198,baseline,0.1513900893046562,0.1599900853361539,0.009710644711241155,0.00350268577138073,0.0037016623614059743,0.9945145178189004,sampled,cortical volume,F,Group differences,cross-sectional,True,
rh-rostralmiddlefrontal,rh,16.105950540851566,9.59781237659516e-05,4.895716702088177e-05,198.0,1.0,26,0.1764470731150288,394.837530482926,2237.7108529622637,198,baseline,0.1716403989209081,0.1813907515123117,4.895716702088177e-05,5.71002839400068e-05,6.0343971935283925e-05,1.0,sampled,cortical volume,F,Group differences,cross-sectional,True,
lh-superiorfrontal,lh,2.464394454355161,0.12250049826715699,0.03176824862521942,198.0,0.0,0,0.1091370636031664,271.21813773457006,2485.114852647558,198,baseline,0.1061640116959723,0.1121948561420436,0.03176824862521942,0.02470867414224771,0.02611229640406747,0.0023700929857605304,sampled,cortical volume,F,Group differences,cross-sectional,False,
rh-superiorfrontal,rh,2.100286281879831,0.1519427123403567,0.029230428400404403,198.0,0.0,0,0.1354507801937126,355.4848306322435,2624.4576083198112,198,baseline,0.1317609044806358,0.1392458281030777,0.029230428400404403,0.03674663434034002,0.038834095355452194,2.098538007118454e-06,sampled,cortical volume,F,Group differences,cross-sectional,False,
lh-superiorparietal,lh,0.994347930199316,0.3336983248380906,0.0869031398081922,198.0,0.0,0,0.1306042692151913,224.3119423018032,1717.4931849449235,198,baseline,0.1270464194906487,0.1342635280111201,0.0869031398081922,0.06150165733530564,0.06499537354515457,1.5054921808786781e-06,sampled,cortical volume,F,Group differences,cross-sectional,False,
rh-superiorparietal,rh,0.0293063259903052,0.8953791826326802,0.08583670305294762,198.0,0.0,0,0.1656211911327158,262.6947257326247,1586.1178387620805,198,baseline,0.1611094296658754,0.1702615509317208,0.08583670305294762,0.1265077750150047,0.13369428483265347,4.222788755892425e-14,sampled,cortical volume,F,Group differences,cross-sectional,False,
lh-superiortemporal,lh,5.848101640904769,0.0185420691610858,0.00914249455086697,198.0,1.0,26,0.1174554648262895,174.54947684799822,1486.0907247367984,198,baseline,0.1142558076045972,0.1207463215906067,0.00914249455086697,0.005028548282163081,0.005314204334480812,0.9949209721945593,sampled,cortical volume,F,Group differences,cross-sectional,True,
rh-superiortemporal,rh,6.167294358970337,0.014606716481003014,0.004969744754675026,198.0,1.0,26,0.1095651687790874,139.86629754451636,1276.5580439758562,198,baseline,0.1065804546659686,0.1126349559306981,0.004969744754675026,0.004014499859848624,0.00424255100257349,0.9999985767604873,sampled,cortical volume,F,Group differences,cross-sectional,True,
lh-supramarginal,lh,2.1099203992023674,0.14949289895212947,0.020060278339237344,198.0,0.0,0,0.098303667228574,178.33054388598967,1814.0782425882285,198,baseline,0.095625732751605,0.101057930631599,0.020060278339237344,0.02654149048862832,0.02804922929716349,2.365385874575995e-11,sampled,cortical volume,F,Group differences,cross-sectional,False,
rh-supramarginal,rh,1.4553708410044985,0.23562095148006368,0.04812645309715158,198.0,0.0,0,0.1430471928483772,211.0791813153793,1475.591216523295,198,baseline,0.139150379836594,0.1470550763717013,0.04812645309715158,0.05350715732291688,0.0565467310674556,2.3522569484621275e-08,sampled,cortical volume,F,Group differences,cross-sectional,False,
lh-temporalpole,lh,0.5539923247899368,0.5771761822470036,0.24236167683213686,198.0,0.0,0,0.410241069452235,163.32994582853203,398.1316303767797,198,baseline,0.3990655076982635,0.4217351672398878,0.24236167683213686,0.24082372113776934,0.2545041612219778,0.006434049335664626,sampled,cortical volume,F,Group differences,cross-sectional,False,
rh-temporalpole,rh,1.0438741881192988,0.37053799350979044,0.19116410221732416,198.0,0.0,0,0.366074970656963,151.53368941838983,413.9416828920192,198,baseline,0.3561025574935936,0.3763316266177168,0.19116410221732416,0.16816903201842415,0.17772218714649085,0.01736869321276633,sampled,cortical volume,F,Group differences,cross-sectional,False,
lh-transversetemporal,lh,2.6714602067327275,0.10734551931318456,0.02698386534774829,198.0,0.0,0,0.1559208368155868,31.87000219057162,204.39860920106145,198,baseline,0.1516733270699387,0.1602894129503068,0.02698386534774829,0.031854374004319085,0.03366392105777049,0.005456966245882637,sampled,cortical volume,F,Group differences,cross-sectional,False,
rh-transversetemporal,rh,3.378159782579092,0.07597324551174969,0.03959534338902698,198.0,0.23076923076923078,6,0.1820984539206673,25.391933665246828,139.44068781775067,198,baseline,0.1771378279165219,0.187200472202599,0.03959534338902698,0.02622157968926644,0.027711145368915953,0.28639747308229174,sampled,cortical volume,F,Group differences,cross-sectional,False,
lh-BrainSegVolNotVent,lh,,0.46851823912145524,0.022456726652315937,109.0,0.0,0,0.0254340503680745,2748.4335500323227,108061.18216555168,198,baseline,0.0247411899459779,0.0261466593285988,0.015432354358241014,0.01501195464211807,0.01586473668974228,0.0,simulated,cortical thickness,r,partial correlation,cross-sectional,False,-0.07086700487821232
rh-BrainSegVolNotVent,rh,,0.46851823912145524,0.022456726652315937,109.0,0.0,0,0.0254340503680745,2748.4335500323227,108061.18216555168,198,baseline,0.0247411899459779,0.0261466593285988,0.015432354358241014,0.01501195464211807,0.01586473668974228,0.0,simulated,cortical thickness,r,partial correlation,cross-sectional,False,-0.07086700487821232
lh-MeanThickness,lh,,0.024687700795922328,0.006839993262364107,109.0,1.0,26,0.1033113797561314,0.0085827979585901,0.0830769851186776,198,baseline,0.1004970279266223,0.1062059488032525,0.006156658437683116,0.005988942132096483,0.006329155146075561,0.9995242332673395,simulated,cortical thickness,r,partial correlation,cross-sectional,True,-0.2182819329746719
rh-MeanThickness,rh,,0.028750750823479387,0.00850925777830231,109.0,0.9230769230769231,24,0.0932746888094485,0.0077518741491588,0.0831080140615129,198,baseline,0.0907337509987502,0.0958880507425192,0.006360388437070307,0.006187122230806179,0.006538593234461159,0.9977409104116503,simulated,cortical thickness,r,partial correlation,cross-sectional,True,-0.21265591086322078
lh-bankssts,lh,,0.43118020961163306,0.08829688787852186,109.0,0.0,0,0.1708186971006415,0.0229082455813996,0.134108537122858,198,baseline,0.1661653480326651,0.1756046801594703,0.0981895817082025,0.09551475508628032,0.10094064867326706,1.7676134485589012e-08,simulated,cortical thickness,r,partial correlation,cross-sectional,False,-0.07769728364943808
rh-bankssts,rh,,0.19541275388200507,0.05292391478587119,109.0,0.0,0,0.1524478784293307,0.0216102563134539,0.1417550479291957,198,baseline,0.1482949771073745,0.1567191495249492,0.050716963271879835,0.04933535963142622,0.0521379466369002,4.624687481203537e-05,simulated,cortical thickness,r,partial correlation,cross-sectional,False,-0.1274360917366792
lh-caudalanteriorcingulate,lh,,0.7240253092834148,0.1272360348779431,109.0,0.0,0,0.2185208476874954,0.040465521022327,0.1851792240903091,198,baseline,0.2125680228493519,0.2246433453577422,0.16230788363786208,0.15788638147287087,0.1668554114822379,2.675263028329917e-06,simulated,cortical thickness,r,partial correlation,cross-sectional,False,0.03490365415402934
rh-caudalanteriorcingulate,rh,,0.6264280946580918,0.1539340480628858,109.0,0.0,0,0.2244641881876472,0.0358549046579988,0.1597355237265061,198,baseline,0.2183494581339362,0.2307532058432901,0.1568492615544706,0.15257646017232884,0.16124385021092913,2.98244816793366e-06,simulated,cortical thickness,r,partial correlation,cross-sectional,False,0.04866193669789809
lh-caudalmiddlefrontal,lh,,0.11708986793459392,0.05002129729164008,109.0,0.038461538461538464,1,0.1730423889259097,0.0194277295234588,0.1122715055198241,198,baseline,0.1683284632673246,0.1778906751844727,0.03746559054336247,0.036444973516097455,0.03851529812615657,0.01582378810228444,simulated,cortical thickness,r,partial correlation,cross-sectional,False,-0.15550194897922728
rh-caudalmiddlefrontal,rh,,0.5551483993287509,0.10293965589676117,109.0,0.0,0,0.1649404837936765,0.0202747631738578,0.1229216909489574,198,baseline,0.1604472657820635,0.1695617715950141,0.10917325252395219,0.10619921477806675,0.11223205900079258,2.4135574194455927e-10,simulated,cortical thickness,r,partial correlation,cross-sectional,False,-0.05820665446755336
lh-cuneus,lh,,0.06961331444327017,0.02625546674192079,109.0,0.2692307692307692,7,0.1970180519818301,0.0253568302882841,0.1287030809269326,198,baseline,0.1916509944868066,0.2025380862349479,0.028178042838970865,0.027410432082023883,0.02896753273643105,0.26330846751728826,simulated,cortical thickness,r,partial correlation,cross-sectional,False,-0.17828422861069712
rh-cuneus,rh,,0.05588152486137832,0.024239460839532014,109.0,0.4230769230769231,11,0.2032276300375505,0.0250979733701402,0.1234968560402089,198,baseline,0.1976914146297892,0.208921643696211,0.023698320445013483,0.023052743823559464,0.024362297878969125,0.4524802151841489,simulated,cortical thickness,r,partial correlation,cross-sectional,False,-0.18843543651419095
lh-eTIV,lh,,0.9640951007919395,0.0006305328650948022,109.0,0.0,0,0.0006775018545617,114.82821427547876,169487.675203119,198,baseline,0.0006590457213808,0.0006964840412503,0.000536252753506764,0.0005216444507092049,0.0005512774354479322,0.0,simulated,cortical thickness,r,partial correlation,cross-sectional,False,-0.004403496911471575
rh-eTIV,rh,,0.9640951007919395,0.0006305328650948022,109.0,0.0,0,0.0006775018545617,114.82821427547876,169487.675203119,198,baseline,0.0006590457213808,0.0006964840412503,0.000536252753506764,0.0005216444507092049,0.0005512774354479322,0.0,simulated,cortical thickness,r,partial correlation,cross-sectional,False,-0.004403496911471575
lh-entorhinal,lh,,0.5991512574620855,0.2214847836458829,109.0,0.0,0,0.3232811168835274,0.0904751915152451,0.2798653765720617,198,baseline,0.3144744703660329,0.332338778456325,0.21850079662356758,0.21254851800548796,0.22462273250488907,0.001622051509533101,simulated,cortical thickness,r,partial correlation,cross-sectional,False,-0.054723236550228344
rh-entorhinal,rh,,0.2562885313782898,0.11594355381820186,109.0,0.038461538461538464,1,0.2930034707560335,0.0869979368598532,0.2969177690468085,198,baseline,0.2850216312343732,0.3012128159332199,0.11328908505623254,0.11020292606247956,0.1164632085628057,0.007875307192640735,simulated,cortical thickness,r,partial correlation,cross-sectional,False,-0.11595610308168573
lh-frontalpole,lh,,0.18122756006239565,0.06807770803269592,109.0,0.0,0,0.3122952330720796,0.06998337337227,0.2240936330786624,198,baseline,0.303787857963761,0.3210450931295848,0.09623499502790805,0.09361341418212989,0.09893129855724996,0.04918892890411601,simulated,cortical thickness,r,partial correlation,cross-sectional,False,0.13289327987432456
rh-frontalpole,rh,,0.49258706992798057,0.134596335806,109.0,0.0,0,0.3029653322417012,0.0685454790920794,0.2262485895164893,198,baseline,0.2947121171642823,0.3114537879677564,0.18683994267871878,0.18175015164365121,0.1920748075708568,0.0011641449306128264,simulated,cortical thickness,r,partial correlation,cross-sectional,False,0.06867968154740933
lh-fusiform,lh,,0.0433247909087464,0.022266004432367013,109.0,0.5384615384615384,14,0.2094702334566952,0.0234991115572109,0.1121835363880902,198,baseline,0.2037639604773959,0.2153391518225928,0.018900353793965076,0.018385480743155228,0.019429902225132963,0.682120511924468,simulated,cortical thickness,r,partial correlation,cross-sectional,True,-0.20040964346350046
rh-fusiform,rh,,0.023427487775480656,0.012968026752696822,109.0,0.9615384615384616,25,0.2164411357765828,0.0239880412448812,0.1108294001452774,198,baseline,0.2105449653073496,0.222505364263527,0.01157874888713008,0.011263326973388903,0.011903161243369917,0.9721393797643252,simulated,cortical thickness,r,partial correlation,cross-sectional,True,-0.2226757365162637
lh-inferiorparietal,lh,,0.038097568680174346,0.01207641960909832,109.0,0.8461538461538461,22,0.1434278205124737,0.0153968492927276,0.1073491128688566,198,baseline,0.1395206386510503,0.1474463684278287,0.012392539778568357,0.012054949020605334,0.012739752855607262,0.8360890832904517,simulated,cortical thickness,r,partial correlation,cross-sectional,True,-0.2023574283326296
rh-inferiorparietal,rh,,0.09466549810743885,0.03142465062109453,109.0,0.07692307692307693,2,0.147671143868157,0.014622236156272,0.0990189130608145,198,baseline,0.1436483677239213,0.1518085808397929,0.027346860910928902,0.026601892755265158,0.028113062827073605,0.031376951124295886,simulated,cortical thickness,r,partial correlation,cross-sectional,False,-0.16448056440006703
lh-inferiortemporal,lh,,0.18848595540288854,0.0653960222143691,109.0,0.0,0,0.1720700939199546,0.0231395195707984,0.1344772879682553,198,baseline,0.1673826549875685,0.176891138503539,0.05483353898672006,0.053339793853028034,0.05636986020389605,0.0003413991177409725,simulated,cortical thickness,r,partial correlation,cross-sectional,False,-0.13053151114297692
rh-inferiortemporal,rh,,0.2145146364268139,0.05006021438502189,109.0,0.0,0,0.1649550048370571,0.0219849185433251,0.1332782752790188,198,baseline,0.1604613912511608,0.1695766994876963,0.05907313477530439,0.0574638969031343,0.060728240610117945,6.239690087196473e-05,simulated,cortical thickness,r,partial correlation,cross-sectional,False,-0.12194940634945226
lh-insula,lh,,0.7555550976484966,0.15830478822733884,109.0,0.0,0,0.2878783825463663,0.0406132753566876,0.1410778919815086,198,baseline,0.2800361578610708,0.2959441334580374,0.22040316805727042,0.2143990660820981,0.22657840441218086,0.0010115584583664866,simulated,cortical thickness,r,partial correlation,cross-sectional,False,-0.02543567404231963
rh-insula,rh,,0.175550169757016,0.09329686982276296,109.0,0.07692307692307693,2,0.316354333211001,0.0442297827598517,0.1398108959372197,198,baseline,0.3077363823274957,0.3252179207750889,0.09055422064743202,0.08808739233529013,0.09309136074556024,0.04607609729188713,simulated,cortical thickness,r,partial correlation,cross-sectional,False,-0.1379375178575166
lh-isthmuscingulate,lh,,0.862607700192713,0.10065574010859091,109.0,0.0,0,0.223115296754404,0.0305233265785933,0.1368051721356971,198,baseline,0.2170373124597944,0.2293665212898716,0.17573590280276494,0.17094860191944633,0.18065965569350662,0.00016186825259849525,simulated,cortical thickness,r,partial correlation,cross-sectional,False,-0.010575026493759698
rh-isthmuscingulate,rh,,0.4218317223537293,0.11725268128996302,109.0,0.0,0,0.2196327768476729,0.0315758316890172,0.1437664821353908,198,baseline,0.2136496614464413,0.2257864284502091,0.12397534787788603,0.12059807958529564,0.12744887814551475,1.4702472403320608e-05,simulated,cortical thickness,r,partial correlation,cross-sectional,False,0.07985987653089813
lh-lateraloccipital,lh,,0.03863527335607964,0.013584324951483264,109.0,0.7692307692307693,20,0.135391430450438,0.0158067823020489,0.1167487650397135,198,baseline,0.13170317151045,0.1391848155039759,0.01176566473443026,0.011445150961902026,0.012095314082251162,0.8368131050023786,simulated,cortical thickness,r,partial correlation,cross-sectional,True,-0.2021000398339113
rh-lateraloccipital,rh,,0.06380132434219618,0.019610979021464817,109.0,0.3076923076923077,8,0.1417215373640318,0.01618848310488,0.1142274025951157,198,baseline,0.1378608371304002,0.1456922787899298,0.019054008949144514,0.018534950109042977,0.019587862476780613,0.2476359499882473,simulated,cortical thickness,r,partial correlation,cross-sectional,False,-0.18142273550741372
lh-lateralorbitofrontal,lh,,0.3985075195268846,0.140623128763952,109.0,0.0,0,0.235290077498228,0.0242020283044246,0.102860386471703,198,baseline,0.228880434517604,0.2418824139574716,0.12739566212204692,0.12392521950855137,0.13096502244988725,7.216105540346344e-05,simulated,cortical thickness,r,partial correlation,cross-sectional,False,-0.0846054265492211
rh-lateralorbitofrontal,rh,,0.10301909350142638,0.061740165315021495,109.0,0.07692307692307693,2,0.2758718547164805,0.030999574401169,0.1123694710829705,198,baseline,0.2683567052637862,0.2836012077995501,0.052594737833583434,0.051161980890506116,0.054068332519221225,0.1467773398248586,simulated,cortical thickness,r,partial correlation,cross-sectional,False,-0.16285004624687838
lh-lingual,lh,,0.23488938573546067,0.0706262612730814,109.0,0.0,0,0.2274190371013105,0.0263470611292347,0.115852487395317,198,baseline,0.2212238126774176,0.2337908434509443,0.08584248111782254,0.08350400742447123,0.08824760811698047,0.0017421774434577646,simulated,cortical thickness,r,partial correlation,cross-sectional,False,-0.11786932428844157
rh-lingual,rh,,0.2067848698083573,0.07286319001504157,109.0,0.0,0,0.2359538292339235,0.0281028006578953,0.1191029649704662,198,baseline,0.2295261046933,0.2425647626302485,0.08054569325811894,0.07835151174863611,0.08280241532624164,0.005019664222165855,simulated,cortical thickness,r,partial correlation,cross-sectional,False,-0.12554627561260004
lh-medialorbitofrontal,lh,,0.6583688494798208,0.1698675102281244,109.0,0.0,0,0.310921824997338,0.0305518871570613,0.0982622791350298,198,baseline,0.3024518635169947,0.3196332050295875,0.22417930866906505,0.21807233914663532,0.23046034459569997,0.0013871732964174553,simulated,cortical thickness,r,partial correlation,cross-sectional,False,0.04216599339798759
rh-medialorbitofrontal,rh,,0.6103879445321414,0.16754462842653103,109.0,0.0,0,0.2273246586296694,0.0277528416123505,0.122084607009406,198,baseline,0.2211320052122325,0.233693820691681,0.15735203491493144,0.15306553725721794,0.1617607102306752,4.404120668620591e-06,simulated,cortical thickness,r,partial correlation,cross-sectional,False,0.050458765261643765
lh-middletemporal,lh,,0.08245150939708809,0.03024102411414332,109.0,0.07692307692307693,2,0.1619804787263669,0.0199205968462337,0.1229814666734352,198,baseline,0.1575678955460396,0.1665188333690593,0.02672716758179901,0.025999080771236707,0.027476006985377898,0.09765790215202486,simulated,cortical thickness,r,partial correlation,cross-sectional,False,-0.17079277714584473
rh-middletemporal,rh,,0.1338468003229158,0.046698947773445,109.0,0.0,0,0.1445521681524137,0.0171891517713044,0.118913136973362,198,baseline,0.1406143574305015,0.1486022179399193,0.03544415493860698,0.034478604749147344,0.03643722611845993,0.001408726864380374,simulated,cortical thickness,r,partial correlation,cross-sectional,False,-0.1479431327673834
lh-paracentral,lh,,0.084169102398199,0.0314442851770452,109.0,0.19230769230769232,5,0.1992806988584668,0.0285619234855335,0.1433250869208302,198,baseline,0.193852003580734,0.2048641277504825,0.033132125241897785,0.03222955809479196,0.03406041817939334,0.1435136239008102,simulated,cortical thickness,r,partial correlation,cross-sectional,False,-0.17038555672114544
rh-paracentral,rh,,0.05971521349364783,0.01933341847542271,109.0,0.34615384615384615,9,0.1915104463161928,0.0279598431376649,0.1459964387086326,198,baseline,0.1862934239878458,0.1968761689637437,0.024213242228061507,0.023553638390384112,0.02489164669472563,0.38550774418870587,simulated,cortical thickness,r,partial correlation,cross-sectional,False,-0.18448561438751326
lh-parahippocampal,lh,,0.6968714617256972,0.09004087353261628,109.0,0.0,0,0.1427667535631283,0.0319809077660166,0.2240080898938095,198,baseline,0.1388775801242302,0.146766779763507,0.10461101353115167,0.10176125779259547,0.10754199560176203,9.331214014820731e-14,simulated,cortical thickness,r,partial correlation,cross-sectional,False,-0.03839387812080986
rh-parahippocampal,rh,,0.6175076044137151,0.10830127556193203,109.0,0.0,0,0.1593007639693068,0.0296399923296067,0.1860630896617519,198,baseline,0.1549611801056754,0.1637640386023314,0.11091719143782643,0.10789564626648218,0.11402485944000983,2.37823127555329e-11,simulated,cortical thickness,r,partial correlation,cross-sectional,False,-0.04934929863428972
lh-parsopercularis,lh,,0.29516952512265177,0.07858463284239126,109.0,0.0,0,0.1585720129850726,0.0184392964469269,0.1162834229055462,198,baseline,0.1542522813552471,0.1630148695378527,0.07095045339220064,0.06901766013379884,0.07293833688338096,3.654293281822661e-07,simulated,cortical thickness,r,partial correlation,cross-sectional,False,-0.10355733329447413
rh-parsopercularis,rh,,0.5136284476872682,0.08881598090737684,109.0,0.0,0,0.1689094149946254,0.0201791827696122,0.1194674836228304,198,baseline,0.164308077540479,0.1736419039572632,0.10738825761837424,0.10446284572271011,0.11039705226674855,1.4185173984800604e-09,simulated,cortical thickness,r,partial correlation,cross-sectional,False,-0.06438039019731309
lh-parsorbitalis,lh,,0.6625383445534823,0.17813973585400084,109.0,0.0,0,0.2346186166761667,0.0357980218489565,0.1525796305344638,198,baseline,0.2282272652622362,0.2411921402058329,0.1681513827666886,0.16357069520989667,0.1728626332498009,9.042703821678702e-06,simulated,cortical thickness,r,partial correlation,cross-sectional,False,-0.043485582699916765
rh-parsorbitalis,rh,,0.10110901920156803,0.048539326049801546,109.0,0.07692307692307693,2,0.2544833944230488,0.036412573500585,0.143084280933684,198,baseline,0.2475508976510107,0.2616134875283977,0.048051638254428194,0.04674264193329222,0.04939794478022478,0.12992549242462784,simulated,cortical thickness,r,partial correlation,cross-sectional,False,-0.16339267306751323
lh-parstriangularis,lh,,0.6858871590366579,0.14429373105768267,109.0,0.0,0,0.1776335995289247,0.021651503211038,0.1218885575052058,198,baseline,0.1727946026343272,0.1826105219177153,0.12907729291123532,0.1255610402359704,0.13269376902092422,2.5438569163454336e-09,simulated,cortical thickness,r,partial correlation,cross-sectional,False,0.040390088157592104
rh-parstriangularis,rh,,0.7070708517829435,0.16385289008039666,109.0,0.0,0,0.214009742627133,0.0239994915447305,0.1121420513389647,198,baseline,0.2081798068338334,0.2200058485571198,0.15789523981013173,0.15359394446319738,0.1623191345923041,1.3625358935759461e-06,simulated,cortical thickness,r,partial correlation,cross-sectional,False,0.036668543510303624
lh-pericalcarine,lh,,0.005039316028238042,0.002633275624927754,109.0,1.0,26,0.2427822143863982,0.0383516949031265,0.1579674812673393,198,baseline,0.2361684747301909,0.2495844648704519,0.003247418922579755,0.0031589545210054235,0.003338404817052596,0.9999999978726822,simulated,cortical thickness,r,partial correlation,cross-sectional,True,-0.27224864333453624
rh-pericalcarine,rh,,0.003321449865980965,0.0027764961575846153,109.0,1.0,26,0.275804706311696,0.0414006769610842,0.1501086675232292,198,baseline,0.2682913860789415,0.283532178036734,0.0021774399468961723,0.0021181233245389955,0.0022384472656168056,0.9999999999999689,simulated,cortical thickness,r,partial correlation,cross-sectional,True,-0.28859007931876407
lh-postcentral,lh,,0.006907825101529186,0.006974319265484661,109.0,1.0,26,0.1933703439871452,0.0200029438392893,0.1034436999327004,198,baseline,0.1881026553486076,0.1987881770821788,0.0027045674733595813,0.002630891132624925,0.0027803438042218417,0.9999999999999896,simulated,cortical thickness,r,partial correlation,cross-sectional,True,-0.2708120666351653
rh-postcentral,rh,,0.01301639036712594,0.00959707754519606,109.0,1.0,26,0.1867384005087614,0.0209784147400103,0.1123411932567459,198,baseline,0.1816513756296823,0.191970420401415,0.005625965403420492,0.005472705945815276,0.005783593201590991,0.9999842915838785,simulated,cortical thickness,r,partial correlation,cross-sectional,True,-0.2445917460717821
lh-posteriorcingulate,lh,,0.2163543567075532,0.08049182882216714,109.0,0.0,0,0.2156263418968833,0.0254205623137055,0.1178917292297347,198,baseline,0.2097523675947269,0.2216677415613925,0.07559563757609486,0.07353630276305304,0.07771366942449018,0.0014855329736766332,simulated,cortical thickness,r,partial correlation,cross-sectional,False,-0.12355806469432973
rh-posteriorcingulate,rh,,0.7268896919121747,0.1185602670788738,109.0,0.0,0,0.2305960315665895,0.0256815625954235,0.1113703580280714,198,baseline,0.2243142612054842,0.2370568506645166,0.17145257844641454,0.16678196153118477,0.17625632153639723,9.933890428401925e-06,simulated,cortical thickness,r,partial correlation,cross-sectional,False,0.03462565149202702
lh-precentral,lh,,0.007720983655921896,0.005092530807086859,109.0,1.0,26,0.2064935031598671,0.0282968294944956,0.1370349626573397,198,baseline,0.2008683206313643,0.2122790197611269,0.0036273108304678836,0.0035284976223196357,0.0037289405026196226,0.9999999982541986,simulated,cortical thickness,r,partial correlation,cross-sectional,True,-0.2633366062929132
rh-precentral,rh,,0.1439997911452856,0.04937041238229795,109.0,0.038461538461538464,1,0.1867640449233004,0.0271037228968972,0.1451228094145645,198,baseline,0.1816763214531741,0.1919967833188792,0.048257977956974146,0.04694336064306148,0.04961006569020009,0.007143824568320266,simulated,cortical thickness,r,partial correlation,cross-sectional,False,-0.14463645259745175
lh-precuneus,lh,,0.06386611817555346,0.019022832381499467,109.0,0.15384615384615385,4,0.1300768689865769,0.0140968365355777,0.108373123103328,198,baseline,0.1265333864092139,0.1337213511298195,0.017581837148089193,0.017102882403116696,0.01807444349717208,0.22384312215081684,simulated,cortical thickness,r,partial correlation,cross-sectional,False,-0.181154616822828
rh-precuneus,rh,,0.017818828839984244,0.006012201054839788,109.0,1.0,26,0.1389102461928539,0.0133017367462373,0.0957577796512581,198,baseline,0.1351261296082798,0.1428022211128186,0.006124781869969084,0.005957933928321415,0.006296385463523154,0.9999126319920656,simulated,cortical thickness,r,partial correlation,cross-sectional,True,-0.2303153709856925
lh-rostralanteriorcingulate,lh,,0.6904414723694734,0.1672668648349724,109.0,0.0,0,0.2799230980366375,0.0481733188395677,0.172094833107565,198,baseline,0.2722975868398954,0.2877659584946406,0.2044033558657084,0.1988351119810912,0.2101303109060262,0.00031058757689924715,simulated,cortical thickness,r,partial correlation,cross-sectional,False,-0.03923269447036669
rh-rostralanteriorcingulate,rh,,0.8227205734371407,0.11259692408140802,109.0,0.0,0,0.2623093035628216,0.043211901131267,0.1647364410805888,198,baseline,0.2551636176749564,0.2696586622942327,0.20740950940029956,0.2017593735332131,0.2132206905829133,0.0008572393087120223,simulated,cortical thickness,r,partial correlation,cross-sectional,False,0.006219577907593496
lh-rostralmiddlefrontal,lh,,0.8084289693360666,0.0985351833787643,109.0,0.0,0,0.1761126443209645,0.0167000260550955,0.0948258208232897,198,baseline,0.1713150804522565,0.1810469527220471,0.13600003327126334,0.13229519510770604,0.13981047010449202,4.2590078880398685e-08,simulated,cortical thickness,r,partial correlation,cross-sectional,False,-0.022013501804269295
rh-rostralmiddlefrontal,rh,,0.6878583950259737,0.09584035263380825,109.0,0.0,0,0.1684487265025716,0.0177575939958696,0.1054183926739185,198,baseline,0.1638599388711408,0.1731683079360233,0.12282777411774279,0.11948176739884328,0.12626915176585135,3.326150701347218e-10,simulated,cortical thickness,r,partial correlation,cross-sectional,False,-0.03957420002831977
lh-superiorfrontal,lh,,0.3781440816862419,0.05922357237938393,109.0,0.0,0,0.1233684262137408,0.0144842963486267,0.1174068340916667,198,baseline,0.1200076913475734,0.126824951804177,0.0656151344199945,0.06382768298885211,0.06745353341885732,1.662433632035348e-13,simulated,cortical thickness,r,partial correlation,cross-sectional,False,-0.0865583904602588
rh-superiorfrontal,rh,,0.23929912633347467,0.048558916142624996,109.0,0.0,0,0.1346793007918452,0.0150473900449196,0.1117275628582025,198,baseline,0.1310104412966449,0.1384527334599619,0.05230960258742447,0.05088461314201857,0.05377520837910185,1.5265305108687822e-07,simulated,cortical thickness,r,partial correlation,cross-sectional,False,-0.11559230687055327
lh-superiorparietal,lh,,0.019763066186812204,0.005803099946849422,109.0,1.0,26,0.1107131851846228,0.0116114487483578,0.1048786441198932,198,baseline,0.1076971974395106,0.1138151373577529,0.005401208726105613,0.005254071966382165,0.005552539311686125,0.9999818582200026,simulated,cortical thickness,r,partial correlation,cross-sectional,True,-0.22635354422834247
rh-superiorparietal,rh,,0.10528638813513447,0.019143821462036234,109.0,0.0,0,0.1104805586522755,0.0111087881798679,0.1005497104230942,198,baseline,0.1074709079913109,0.1135759931159175,0.022898863186048862,0.02227506493987833,0.02354044149764494,0.0018476608373086032,simulated,cortical thickness,r,partial correlation,cross-sectional,False,-0.15806323474141
lh-superiortemporal,lh,,0.026147703936163343,0.008475952098612762,109.0,1.0,26,0.1241350005146594,0.0168956877851795,0.1361073646846628,198,baseline,0.1207533830526798,0.127613003915662,0.007699028479616087,0.00748929577700194,0.007914739174629606,0.9949557554049361,simulated,cortical thickness,r,partial correlation,cross-sectional,True,-0.21663123513855678
rh-superiortemporal,rh,,0.10254442451834384,0.022811864483169048,109.0,0.0,0,0.1140813196589107,0.0156089630677289,0.136823128575282,198,baseline,0.1109735790455074,0.1172776399241022,0.023044688794630307,0.02241691804737354,0.023690352835154534,0.00329744589135504,simulated,cortical thickness,r,partial correlation,cross-sectional,False,-0.15955281847155353
lh-supramarginal,lh,,0.011726228552292913,0.0038988549897119246,109.0,1.0,26,0.1449302661052451,0.0153438602761511,0.1058706417126754,198,baseline,0.1409821554466966,0.1489909094075564,0.004385603663470499,0.004266133458707722,0.004508479116757333,0.9999999243469178,simulated,cortical thickness,r,partial correlation,cross-sectional,True,-0.24443246766785115
rh-supramarginal,rh,,0.060011666145423886,0.02497121376528981,109.0,0.46153846153846156,12,0.1380360798578665,0.0148051391253896,0.1072555750687377,198,baseline,0.1342757768321663,0.1419035624632259,0.01726541068859824,0.016795075859333725,0.01774915142928934,0.30167574188265256,simulated,cortical thickness,r,partial correlation,cross-sectional,False,-0.18501665950915952
lh-temporalpole,lh,,0.19702851938320365,0.13056008123965995,109.0,0.07692307692307693,2,0.374971175118182,0.1024662729964699,0.2732643994946411,198,baseline,0.364756416442051,0.3854770841440976,0.11359320393413967,0.11049876030105223,0.11677584821637874,0.0606382700997525,simulated,cortical thickness,r,partial correlation,cross-sectional,False,-0.1340781556270176
rh-temporalpole,rh,,0.095572706401333,0.048394986871644584,109.0,0.23076923076923078,6,0.2771055250454299,0.0862567596981743,0.3112776610427851,198,baseline,0.2695567686236342,0.284869442994025,0.048757180115635575,0.04742896381086788,0.05012325445053239,0.1730520689266805,simulated,cortical thickness,r,partial correlation,cross-sectional,False,-0.1673097990886208
lh-transversetemporal,lh,,0.2236870960306658,0.0672916659603052,109.0,0.0,0,0.1959993949343753,0.0359426479185095,0.1833814228382893,198,baseline,0.1906600871348056,0.2014908885449603,0.07169015277647282,0.06973720903396828,0.07369876109919585,0.0004581560630972979,simulated,cortical thickness,r,partial correlation,cross-sectional,False,-0.1203273640331636
rh-transversetemporal,rh,,0.08403860509364977,0.0354549712694073,109.0,0.15384615384615385,4,0.1934608292885966,0.036090339253221,0.1865511451901357,198,baseline,0.1881906756992057,0.1988811975927565,0.031875219871408025,0.031006892649635763,0.03276829694605123,0.13308768990866718,simulated,cortical thickness,r,partial correlation,cross-sectional,False,-0.17087056254158817
lh-BrainSegVolNotVent,lh,,0.46851823912145524,0.022456726652315937,109.0,0.0,0,0.0254340503680745,2748.4335500323227,108061.18216555168,198,baseline,0.0247411899459779,0.0261466593285988,0.022456726652315937,0.01501195464211807,0.01586473668974228,1.0974606709835452e-160,sampled,cortical thickness,r,partial correlation,cross-sectional,False,-0.07086700487821232
rh-BrainSegVolNotVent,rh,,0.46851823912145524,0.022456726652315937,109.0,0.0,0,0.0254340503680745,2748.4335500323227,108061.18216555168,198,baseline,0.0247411899459779,0.0261466593285988,0.022456726652315937,0.01501195464211807,0.01586473668974228,1.0974606709835452e-160,sampled,cortical thickness,r,partial correlation,cross-sectional,False,-0.07086700487821232
lh-MeanThickness,lh,,0.024687700795922328,0.006839993262364107,109.0,1.0,26,0.1033113797561314,0.0085827979585901,0.0830769851186776,198,baseline,0.1004970279266223,0.1062059488032525,0.006839993262364107,0.005988942132096483,0.006329155146075561,0.998603330994277,sampled,cortical thickness,r,partial correlation,cross-sectional,True,-0.2182819329746719
rh-MeanThickness,rh,,0.028750750823479387,0.00850925777830231,109.0,0.9230769230769231,24,0.0932746888094485,0.0077518741491588,0.0831080140615129,198,baseline,0.0907337509987502,0.0958880507425192,0.00850925777830231,0.006187122230806179,0.006538593234461159,0.9846543986065046,sampled,cortical thickness,r,partial correlation,cross-sectional,True,-0.21265591086322078
lh-bankssts,lh,,0.43118020961163306,0.08829688787852186,109.0,0.0,0,0.1708186971006415,0.0229082455813996,0.134108537122858,198,baseline,0.1661653480326651,0.1756046801594703,0.08829688787852186,0.09551475508628032,0.10094064867326706,3.4314269012979586e-10,sampled,cortical thickness,r,partial correlation,cross-sectional,False,-0.07769728364943808
rh-bankssts,rh,,0.19541275388200507,0.05292391478587119,109.0,0.0,0,0.1524478784293307,0.0216102563134539,0.1417550479291957,198,baseline,0.1482949771073745,0.1567191495249492,0.05292391478587119,0.04933535963142622,0.0521379466369002,9.337300175767185e-05,sampled,cortical thickness,r,partial correlation,cross-sectional,False,-0.1274360917366792
lh-caudalanteriorcingulate,lh,,0.7240253092834148,0.1272360348779431,109.0,0.0,0,0.2185208476874954,0.040465521022327,0.1851792240903091,198,baseline,0.2125680228493519,0.2246433453577422,0.1272360348779431,0.15788638147287087,0.1668554114822379,1.0635878375902716e-09,sampled,cortical thickness,r,partial correlation,cross-sectional,False,0.03490365415402934
rh-caudalanteriorcingulate,rh,,0.6264280946580918,0.1539340480628858,109.0,0.0,0,0.2244641881876472,0.0358549046579988,0.1597355237265061,198,baseline,0.2183494581339362,0.2307532058432901,0.1539340480628858,0.15257646017232884,0.16124385021092913,1.8672208379623599e-06,sampled,cortical thickness,r,partial correlation,cross-sectional,False,0.04866193669789809
lh-caudalmiddlefrontal,lh,,0.11708986793459392,0.05002129729164008,109.0,0.038461538461538464,1,0.1730423889259097,0.0194277295234588,0.1122715055198241,198,baseline,0.1683284632673246,0.1778906751844727,0.05002129729164008,0.036444973516097455,0.03851529812615657,0.06206237517255647,sampled,cortical thickness,r,partial correlation,cross-sectional,False,-0.15550194897922728
rh-caudalmiddlefrontal,rh,,0.5551483993287509,0.10293965589676117,109.0,0.0,0,0.1649404837936765,0.0202747631738578,0.1229216909489574,198,baseline,0.1604472657820635,0.1695617715950141,0.10293965589676117,0.10619921477806675,0.11223205900079258,1.7195221458083912e-11,sampled,cortical thickness,r,partial correlation,cross-sectional,False,-0.05820665446755336
lh-cuneus,lh,,0.06961331444327017,0.02625546674192079,109.0,0.2692307692307692,7,0.1970180519818301,0.0253568302882841,0.1287030809269326,198,baseline,0.1916509944868066,0.2025380862349479,0.02625546674192079,0.027410432082023883,0.02896753273643105,0.24228841382058414,sampled,cortical thickness,r,partial correlation,cross-sectional,False,-0.17828422861069712
rh-cuneus,rh,,0.05588152486137832,0.024239460839532014,109.0,0.4230769230769231,11,0.2032276300375505,0.0250979733701402,0.1234968560402089,198,baseline,0.1976914146297892,0.208921643696211,0.024239460839532014,0.023052743823559464,0.024362297878969125,0.4560224486239087,sampled,cortical thickness,r,partial correlation,cross-sectional,False,-0.18843543651419095
lh-eTIV,lh,,0.9640951007919395,0.0006305328650948022,109.0,0.0,0,0.0006775018545617,114.82821427547876,169487.675203119,198,baseline,0.0006590457213808,0.0006964840412503,0.0006305328650948022,0.0005216444507092049,0.0005512774354479322,0.0,sampled,cortical thickness,r,partial correlation,cross-sectional,False,-0.004403496911471575
rh-eTIV,rh,,0.9640951007919395,0.0006305328650948022,109.0,0.0,0,0.0006775018545617,114.82821427547876,169487.675203119,198,baseline,0.0006590457213808,0.0006964840412503,0.0006305328650948022,0.0005216444507092049,0.0005512774354479322,0.0,sampled,cortical thickness,r,partial correlation,cross-sectional,False,-0.004403496911471575
lh-entorhinal,lh,,0.5991512574620855,0.2214847836458829,109.0,0.0,0,0.3232811168835274,0.0904751915152451,0.2798653765720617,198,baseline,0.3144744703660329,0.332338778456325,0.2214847836458829,0.21254851800548796,0.22462273250488907,0.001918687789218497,sampled,cortical thickness,r,partial correlation,cross-sectional,False,-0.054723236550228344
rh-entorhinal,rh,,0.2562885313782898,0.11594355381820186,109.0,0.038461538461538464,1,0.2930034707560335,0.0869979368598532,0.2969177690468085,198,baseline,0.2850216312343732,0.3012128159332199,0.11594355381820186,0.11020292606247956,0.1164632085628057,0.009435699605415966,sampled,cortical thickness,r,partial correlation,cross-sectional,False,-0.11595610308168573
lh-frontalpole,lh,,0.18122756006239565,0.06807770803269592,109.0,0.0,0,0.3122952330720796,0.06998337337227,0.2240936330786624,198,baseline,0.303787857963761,0.3210450931295848,0.06807770803269592,0.09361341418212989,0.09893129855724996,0.006081921871048679,sampled,cortical thickness,r,partial correlation,cross-sectional,False,0.13289327987432456
rh-frontalpole,rh,,0.49258706992798057,0.134596335806,109.0,0.0,0,0.3029653322417012,0.0685454790920794,0.2262485895164893,198,baseline,0.2947121171642823,0.3114537879677564,0.134596335806,0.18175015164365121,0.1920748075708568,3.897731897701282e-06,sampled,cortical thickness,r,partial correlation,cross-sectional,False,0.06867968154740933
lh-fusiform,lh,,0.0433247909087464,0.022266004432367013,109.0,0.5384615384615384,14,0.2094702334566952,0.0234991115572109,0.1121835363880902,198,baseline,0.2037639604773959,0.2153391518225928,0.022266004432367013,0.018385480743155228,0.019429902225132963,0.6727442365903957,sampled,cortical thickness,r,partial correlation,cross-sectional,True,-0.20040964346350046
rh-fusiform,rh,,0.023427487775480656,0.012968026752696822,109.0,0.9615384615384616,25,0.2164411357765828,0.0239880412448812,0.1108294001452774,198,baseline,0.2105449653073496,0.222505364263527,0.012968026752696822,0.011263326973388903,0.011903161243369917,0.9591743140283641,sampled,cortical thickness,r,partial correlation,cross-sectional,True,-0.2226757365162637
lh-inferiorparietal,lh,,0.038097568680174346,0.01207641960909832,109.0,0.8461538461538461,22,0.1434278205124737,0.0153968492927276,0.1073491128688566,198,baseline,0.1395206386510503,0.1474463684278287,0.01207641960909832,0.012054949020605334,0.012739752855607262,0.841092000156253,sampled,cortical thickness,r,partial correlation,cross-sectional,True,-0.2023574283326296
rh-inferiorparietal,rh,,0.09466549810743885,0.03142465062109453,109.0,0.07692307692307693,2,0.147671143868157,0.014622236156272,0.0990189130608145,198,baseline,0.1436483677239213,0.1518085808397929,0.03142465062109453,0.026601892755265158,0.028113062827073605,0.055861332399352696,sampled,cortical thickness,r,partial correlation,cross-sectional,False,-0.16448056440006703
lh-inferiortemporal,lh,,0.18848595540288854,0.0653960222143691,109.0,0.0,0,0.1720700939199546,0.0231395195707984,0.1344772879682553,198,baseline,0.1673826549875685,0.176891138503539,0.0653960222143691,0.053339793853028034,0.05636986020389605,0.0025471551337455578,sampled,cortical thickness,r,partial correlation,cross-sectional,False,-0.13053151114297692
rh-inferiortemporal,rh,,0.2145146364268139,0.05006021438502189,109.0,0.0,0,0.1649550048370571,0.0219849185433251,0.1332782752790188,198,baseline,0.1604613912511608,0.1695766994876963,0.05006021438502189,0.0574638969031343,0.060728240610117945,2.424016949493748e-06,sampled,cortical thickness,r,partial correlation,cross-sectional,False,-0.12194940634945226
lh-insula,lh,,0.7555550976484966,0.15830478822733884,109.0,0.0,0,0.2878783825463663,0.0406132753566876,0.1410778919815086,198,baseline,0.2800361578610708,0.2959441334580374,0.15830478822733884,0.2143990660820981,0.22657840441218086,1.5694443440536925e-06,sampled,cortical thickness,r,partial correlation,cross-sectional,False,-0.02543567404231963
rh-insula,rh,,0.175550169757016,0.09329686982276296,109.0,0.07692307692307693,2,0.316354333211001,0.0442297827598517,0.1398108959372197,198,baseline,0.3077363823274957,0.3252179207750889,0.09329686982276296,0.08808739233529013,0.09309136074556024,0.052546667710912896,sampled,cortical thickness,r,partial correlation,cross-sectional,False,-0.1379375178575166
lh-isthmuscingulate,lh,,0.862607700192713,0.10065574010859091,109.0,0.0,0,0.223115296754404,0.0305233265785933,0.1368051721356971,198,baseline,0.2170373124597944,0.2293665212898716,0.10065574010859091,0.17094860191944633,0.18065965569350662,3.2111868093697365e-12,sampled,cortical thickness,r,partial correlation,cross-sectional,False,-0.010575026493759698
rh-isthmuscingulate,rh,,0.4218317223537293,0.11725268128996302,109.0,0.0,0,0.2196327768476729,0.0315758316890172,0.1437664821353908,198,baseline,0.2136496614464413,0.2257864284502091,0.11725268128996302,0.12059807958529564,0.12744887814551475,4.419739785584465e-06,sampled,cortical thickness,r,partial correlation,cross-sectional,False,0.07985987653089813
lh-lateraloccipital,lh,,0.03863527335607964,0.013584324951483264,109.0,0.7692307692307693,20,0.135391430450438,0.0158067823020489,0.1167487650397135,198,baseline,0.13170317151045,0.1391848155039759,0.013584324951483264,0.011445150961902026,0.012095314082251162,0.8097888390445268,sampled,cortical thickness,r,partial correlation,cross-sectional,True,-0.2021000398339113
rh-lateraloccipital,rh,,0.06380132434219618,0.019610979021464817,109.0,0.3076923076923077,8,0.1417215373640318,0.01618848310488,0.1142274025951157,198,baseline,0.1378608371304002,0.1456922787899298,0.019610979021464817,0.018534950109042977,0.019587862476780613,0.25563127710765304,sampled,cortical thickness,r,partial correlation,cross-sectional,False,-0.18142273550741372
lh-lateralorbitofrontal,lh,,0.3985075195268846,0.140623128763952,109.0,0.0,0,0.235290077498228,0.0242020283044246,0.102860386471703,198,baseline,0.228880434517604,0.2418824139574716,0.140623128763952,0.12392521950855137,0.13096502244988725,0.00034350825986819377,sampled,cortical thickness,r,partial correlation,cross-sectional,False,-0.0846054265492211
rh-lateralorbitofrontal,rh,,0.10301909350142638,0.061740165315021495,109.0,0.07692307692307693,2,0.2758718547164805,0.030999574401169,0.1123694710829705,198,baseline,0.2683567052637862,0.2836012077995501,0.061740165315021495,0.051161980890506116,0.054068332519221225,0.2024916204943956,sampled,cortical thickness,r,partial correlation,cross-sectional,False,-0.16285004624687838
lh-lingual,lh,,0.23488938573546067,0.0706262612730814,109.0,0.0,0,0.2274190371013105,0.0263470611292347,0.115852487395317,198,baseline,0.2212238126774176,0.2337908434509443,0.0706262612730814,0.08350400742447123,0.08824760811698047,0.00014494042892782263,sampled,cortical thickness,r,partial correlation,cross-sectional,False,-0.11786932428844157
rh-lingual,rh,,0.2067848698083573,0.07286319001504157,109.0,0.0,0,0.2359538292339235,0.0281028006578953,0.1191029649704662,198,baseline,0.2295261046933,0.2425647626302485,0.07286319001504157,0.07835151174863611,0.08280241532624164,0.0019669842863324957,sampled,cortical thickness,r,partial correlation,cross-sectional,False,-0.12554627561260004
lh-medialorbitofrontal,lh,,0.6583688494798208,0.1698675102281244,109.0,0.0,0,0.310921824997338,0.0305518871570613,0.0982622791350298,198,baseline,0.3024518635169947,0.3196332050295875,0.1698675102281244,0.21807233914663532,0.23046034459569997,1.1881212625517484e-05,sampled,cortical thickness,r,partial correlation,cross-sectional,False,0.04216599339798759
rh-medialorbitofrontal,rh,,0.6103879445321414,0.16754462842653103,109.0,0.0,0,0.2273246586296694,0.0277528416123505,0.122084607009406,198,baseline,0.2211320052122325,0.233693820691681,0.16754462842653103,0.15306553725721794,0.1617607102306752,1.78809547685026e-05,sampled,cortical thickness,r,partial correlation,cross-sectional,False,0.050458765261643765
lh-middletemporal,lh,,0.08245150939708809,0.03024102411414332,109.0,0.07692307692307693,2,0.1619804787263669,0.0199205968462337,0.1229814666734352,198,baseline,0.1575678955460396,0.1665188333690593,0.03024102411414332,0.025999080771236707,0.027476006985377898,0.13210624720950243,sampled,cortical thickness,r,partial correlation,cross-sectional,False,-0.17079277714584473
rh-middletemporal,rh,,0.1338468003229158,0.046698947773445,109.0,0.0,0,0.1445521681524137,0.0171891517713044,0.118913136973362,198,baseline,0.1406143574305015,0.1486022179399193,0.046698947773445,0.034478604749147344,0.03643722611845993,0.013605103888110193,sampled,cortical thickness,r,partial correlation,cross-sectional,False,-0.1479431327673834
lh-paracentral,lh,,0.084169102398199,0.0314442851770452,109.0,0.19230769230769232,5,0.1992806988584668,0.0285619234855335,0.1433250869208302,198,baseline,0.193852003580734,0.2048641277504825,0.0314442851770452,0.03222955809479196,0.03406041817939334,0.12791250031100207,sampled,cortical thickness,r,partial correlation,cross-sectional,False,-0.17038555672114544
rh-paracentral,rh,,0.05971521349364783,0.01933341847542271,109.0,0.34615384615384615,9,0.1915104463161928,0.0279598431376649,0.1459964387086326,198,baseline,0.1862934239878458,0.1968761689637437,0.01933341847542271,0.023553638390384112,0.02489164669472563,0.3353671849699821,sampled,cortical thickness,r,partial correlation,cross-sectional,False,-0.18448561438751326
lh-parahippocampal,lh,,0.6968714617256972,0.09004087353261628,109.0,0.0,0,0.1427667535631283,0.0319809077660166,0.2240080898938095,198,baseline,0.1388775801242302,0.146766779763507,0.09004087353261628,0.10176125779259547,0.10754199560176203,3.433059062343315e-18,sampled,cortical thickness,r,partial correlation,cross-sectional,False,-0.03839387812080986
rh-parahippocampal,rh,,0.6175076044137151,0.10830127556193203,109.0,0.0,0,0.1593007639693068,0.0296399923296067,0.1860630896617519,198,baseline,0.1549611801056754,0.1637640386023314,0.10830127556193203,0.10789564626648218,0.11402485944000983,7.496971593836137e-12,sampled,cortical thickness,r,partial correlation,cross-sectional,False,-0.04934929863428972
lh-parsopercularis,lh,,0.29516952512265177,0.07858463284239126,109.0,0.0,0,0.1585720129850726,0.0184392964469269,0.1162834229055462,198,baseline,0.1542522813552471,0.1630148695378527,0.07858463284239126,0.06901766013379884,0.07293833688338096,4.434735857768679e-06,sampled,cortical thickness,r,partial correlation,cross-sectional,False,-0.10355733329447413
rh-parsopercularis,rh,,0.5136284476872682,0.08881598090737684,109.0,0.0,0,0.1689094149946254,0.0201791827696122,0.1194674836228304,198,baseline,0.164308077540479,0.1736419039572632,0.08881598090737684,0.10446284572271011,0.11039705226674855,1.924671869102512e-13,sampled,cortical thickness,r,partial correlation,cross-sectional,False,-0.06438039019731309
lh-parsorbitalis,lh,,0.6625383445534823,0.17813973585400084,109.0,0.0,0,0.2346186166761667,0.0357980218489565,0.1525796305344638,198,baseline,0.2282272652622362,0.2411921402058329,0.17813973585400084,0.16357069520989667,0.1728626332498009,3.1051144720318924e-05,sampled,cortical thickness,r,partial correlation,cross-sectional,False,-0.043485582699916765
rh-parsorbitalis,rh,,0.10110901920156803,0.048539326049801546,109.0,0.07692307692307693,2,0.2544833944230488,0.036412573500585,0.143084280933684,198,baseline,0.2475508976510107,0.2616134875283977,0.048539326049801546,0.04674264193329222,0.04939794478022478,0.1331000543937873,sampled,cortical thickness,r,partial correlation,cross-sectional,False,-0.16339267306751323
lh-parstriangularis,lh,,0.6858871590366579,0.14429373105768267,109.0,0.0,0,0.1776335995289247,0.021651503211038,0.1218885575052058,198,baseline,0.1727946026343272,0.1826105219177153,0.14429373105768267,0.1255610402359704,0.13269376902092422,1.2016732989942045e-07,sampled,cortical thickness,r,partial correlation,cross-sectional,False,0.040390088157592104
rh-parstriangularis,rh,,0.7070708517829435,0.16385289008039666,109.0,0.0,0,0.214009742627133,0.0239994915447305,0.1121420513389647,198,baseline,0.2081798068338334,0.2200058485571198,0.16385289008039666,0.15359394446319738,0.1623191345923041,3.5030438922210465e-06,sampled,cortical thickness,r,partial correlation,cross-sectional,False,0.036668543510303624
lh-pericalcarine,lh,,0.005039316028238042,0.002633275624927754,109.0,1.0,26,0.2427822143863982,0.0383516949031265,0.1579674812673393,198,baseline,0.2361684747301909,0.2495844648704519,0.002633275624927754,0.0031589545210054235,0.003338404817052596,0.9999999999996501,sampled,cortical thickness,r,partial correlation,cross-sectional,True,-0.27224864333453624
rh-pericalcarine,rh,,0.003321449865980965,0.0027764961575846153,109.0,1.0,26,0.275804706311696,0.0414006769610842,0.1501086675232292,198,baseline,0.2682913860789415,0.283532178036734,0.0027764961575846153,0.0021181233245389955,0.0022384472656168056,0.9999999987091537,sampled,cortical thickness,r,partial correlation,cross-sectional,True,-0.28859007931876407
lh-postcentral,lh,,0.006907825101529186,0.006974319265484661,109.0,1.0,26,0.1933703439871452,0.0200029438392893,0.1034436999327004,198,baseline,0.1881026553486076,0.1987881770821788,0.006974319265484661,0.002630891132624925,0.0027803438042218417,0.9992684798076156,sampled,cortical thickness,r,partial correlation,cross-sectional,True,-0.2708120666351653
rh-postcentral,rh,,0.01301639036712594,0.00959707754519606,109.0,1.0,26,0.1867384005087614,0.0209784147400103,0.1123411932567459,198,baseline,0.1816513756296823,0.191970420401415,0.00959707754519606,0.005472705945815276,0.005783593201590991,0.9949585243103944,sampled,cortical thickness,r,partial correlation,cross-sectional,True,-0.2445917460717821
lh-posteriorcingulate,lh,,0.2163543567075532,0.08049182882216714,109.0,0.0,0,0.2156263418968833,0.0254205623137055,0.1178917292297347,198,baseline,0.2097523675947269,0.2216677415613925,0.08049182882216714,0.07353630276305304,0.07771366942449018,0.002815710067251039,sampled,cortical thickness,r,partial correlation,cross-sectional,False,-0.12355806469432973
rh-posteriorcingulate,rh,,0.7268896919121747,0.1185602670788738,109.0,0.0,0,0.2305960315665895,0.0256815625954235,0.1113703580280714,198,baseline,0.2243142612054842,0.2370568506645166,0.1185602670788738,0.16678196153118477,0.17625632153639723,4.981649479863585e-11,sampled,cortical thickness,r,partial correlation,cross-sectional,False,0.03462565149202702
lh-precentral,lh,,0.007720983655921896,0.005092530807086859,109.0,1.0,26,0.2064935031598671,0.0282968294944956,0.1370349626573397,198,baseline,0.2008683206313643,0.2122790197611269,0.005092530807086859,0.0035284976223196357,0.0037289405026196226,0.9999910494292303,sampled,cortical thickness,r,partial correlation,cross-sectional,True,-0.2633366062929132
rh-precentral,rh,,0.1439997911452856,0.04937041238229795,109.0,0.038461538461538464,1,0.1867640449233004,0.0271037228968972,0.1451228094145645,198,baseline,0.1816763214531741,0.1919967833188792,0.04937041238229795,0.04694336064306148,0.04961006569020009,0.008458248324866857,sampled,cortical thickness,r,partial correlation,cross-sectional,False,-0.14463645259745175
lh-precuneus,lh,,0.06386611817555346,0.019022832381499467,109.0,0.15384615384615385,4,0.1300768689865769,0.0140968365355777,0.108373123103328,198,baseline,0.1265333864092139,0.1337213511298195,0.019022832381499467,0.017102882403116696,0.01807444349717208,0.245921813016843,sampled,cortical thickness,r,partial correlation,cross-sectional,False,-0.181154616822828
rh-precuneus,rh,,0.017818828839984244,0.006012201054839788,109.0,1.0,26,0.1389102461928539,0.0133017367462373,0.0957577796512581,198,baseline,0.1351261296082798,0.1428022211128186,0.006012201054839788,0.005957933928321415,0.006296385463523154,0.9999331930554564,sampled,cortical thickness,r,partial correlation,cross-sectional,True,-0.2303153709856925
lh-rostralanteriorcingulate,lh,,0.6904414723694734,0.1672668648349724,109.0,0.0,0,0.2799230980366375,0.0481733188395677,0.172094833107565,198,baseline,0.2722975868398954,0.2877659584946406,0.1672668648349724,0.1988351119810912,0.2101303109060262,6.261779097290914e-06,sampled,cortical thickness,r,partial correlation,cross-sectional,False,-0.03923269447036669
rh-rostralanteriorcingulate,rh,,0.8227205734371407,0.11259692408140802,109.0,0.0,0,0.2623093035628216,0.043211901131267,0.1647364410805888,198,baseline,0.2551636176749564,0.2696586622942327,0.11259692408140802,0.2017593735332131,0.2132206905829133,4.052526670276573e-11,sampled,cortical thickness,r,partial correlation,cross-sectional,False,0.006219577907593496
lh-rostralmiddlefrontal,lh,,0.8084289693360666,0.0985351833787643,109.0,0.0,0,0.1761126443209645,0.0167000260550955,0.0948258208232897,198,baseline,0.1713150804522565,0.1810469527220471,0.0985351833787643,0.13229519510770604,0.13981047010449202,1.2473415580575707e-14,sampled,cortical thickness,r,partial correlation,cross-sectional,False,-0.022013501804269295
rh-rostralmiddlefrontal,rh,,0.6878583950259737,0.09584035263380825,109.0,0.0,0,0.1684487265025716,0.0177575939958696,0.1054183926739185,198,baseline,0.1638599388711408,0.1731683079360233,0.09584035263380825,0.11948176739884328,0.12626915176585135,4.2872005322157135e-16,sampled,cortical thickness,r,partial correlation,cross-sectional,False,-0.03957420002831977
lh-superiorfrontal,lh,,0.3781440816862419,0.05922357237938393,109.0,0.0,0,0.1233684262137408,0.0144842963486267,0.1174068340916667,198,baseline,0.1200076913475734,0.126824951804177,0.05922357237938393,0.06382768298885211,0.06745353341885732,2.950676394567093e-16,sampled,cortical thickness,r,partial correlation,cross-sectional,False,-0.0865583904602588
rh-superiorfrontal,rh,,0.23929912633347467,0.048558916142624996,109.0,0.0,0,0.1346793007918452,0.0150473900449196,0.1117275628582025,198,baseline,0.1310104412966449,0.1384527334599619,0.048558916142624996,0.05088461314201857,0.05377520837910185,1.581604678013687e-08,sampled,cortical thickness,r,partial correlation,cross-sectional,False,-0.11559230687055327
lh-superiorparietal,lh,,0.019763066186812204,0.005803099946849422,109.0,1.0,26,0.1107131851846228,0.0116114487483578,0.1048786441198932,198,baseline,0.1076971974395106,0.1138151373577529,0.005803099946849422,0.005254071966382165,0.005552539311686125,0.9999421420575563,sampled,cortical thickness,r,partial correlation,cross-sectional,True,-0.22635354422834247
rh-superiorparietal,rh,,0.10528638813513447,0.019143821462036234,109.0,0.0,0,0.1104805586522755,0.0111087881798679,0.1005497104230942,198,baseline,0.1074709079913109,0.1135759931159175,0.019143821462036234,0.02227506493987833,0.02354044149764494,0.000231608766638313,sampled,cortical thickness,r,partial correlation,cross-sectional,False,-0.15806323474141
lh-superiortemporal,lh,,0.026147703936163343,0.008475952098612762,109.0,1.0,26,0.1241350005146594,0.0168956877851795,0.1361073646846628,198,baseline,0.1207533830526798,0.127613003915662,0.008475952098612762,0.00748929577700194,0.007914739174629606,0.9907027865159587,sampled,cortical thickness,r,partial correlation,cross-sectional,True,-0.21663123513855678
rh-superiortemporal,rh,,0.10254442451834384,0.022811864483169048,109.0,0.0,0,0.1140813196589107,0.0156089630677289,0.136823128575282,198,baseline,0.1109735790455074,0.1172776399241022,0.022811864483169048,0.02241691804737354,0.023690352835154534,0.003016102065109403,sampled,cortical thickness,r,partial correlation,cross-sectional,False,-0.15955281847155353
lh-supramarginal,lh,,0.011726228552292913,0.0038988549897119246,109.0,1.0,26,0.1449302661052451,0.0153438602761511,0.1058706417126754,198,baseline,0.1409821554466966,0.1489909094075564,0.0038988549897119246,0.004266133458707722,0.004508479116757333,0.9999999979872077,sampled,cortical thickness,r,partial correlation,cross-sectional,True,-0.24443246766785115
rh-supramarginal,rh,,0.060011666145423886,0.02497121376528981,109.0,0.46153846153846156,12,0.1380360798578665,0.0148051391253896,0.1072555750687377,198,baseline,0.1342757768321663,0.1419035624632259,0.02497121376528981,0.016795075859333725,0.01774915142928934,0.3867888266452406,sampled,cortical thickness,r,partial correlation,cross-sectional,False,-0.18501665950915952
lh-temporalpole,lh,,0.19702851938320365,0.13056008123965995,109.0,0.07692307692307693,2,0.374971175118182,0.1024662729964699,0.2732643994946411,198,baseline,0.364756416442051,0.3854770841440976,0.13056008123965995,0.11049876030105223,0.11677584821637874,0.10224417733281674,sampled,cortical thickness,r,partial correlation,cross-sectional,False,-0.1340781556270176
rh-temporalpole,rh,,0.095572706401333,0.048394986871644584,109.0,0.23076923076923078,6,0.2771055250454299,0.0862567596981743,0.3112776610427851,198,baseline,0.2695567686236342,0.284869442994025,0.048394986871644584,0.04742896381086788,0.05012325445053239,0.17054320797943015,sampled,cortical thickness,r,partial correlation,cross-sectional,False,-0.1673097990886208
lh-transversetemporal,lh,,0.2236870960306658,0.0672916659603052,109.0,0.0,0,0.1959993949343753,0.0359426479185095,0.1833814228382893,198,baseline,0.1906600871348056,0.2014908885449603,0.0672916659603052,0.06973720903396828,0.07369876109919585,0.00019127934306598736,sampled,cortical thickness,r,partial correlation,cross-sectional,False,-0.1203273640331636
rh-transversetemporal,rh,,0.08403860509364977,0.0354549712694073,109.0,0.15384615384615385,4,0.1934608292885966,0.036090339253221,0.1865511451901357,198,baseline,0.1881906756992057,0.1988811975927565,0.0354549712694073,0.031006892649635763,0.03276829694605123,0.16574222553089107,sampled,cortical thickness,r,partial correlation,cross-sectional,False,-0.17087056254158817
lh-BrainSegVolNotVent,lh,,0.46851823912145524,0.022456726652315937,109.0,0.0,0,0.0254340503680745,2748.4335500323227,108061.18216555168,198,baseline,0.0247411899459779,0.0261466593285988,0.015432354358241014,0.01501195464211807,0.01586473668974228,0.0,simulated,cortical area,r,partial correlation,cross-sectional,False,-0.07086700487821232
rh-BrainSegVolNotVent,rh,,0.46851823912145524,0.022456726652315937,109.0,0.0,0,0.0254340503680745,2748.4335500323227,108061.18216555168,198,baseline,0.0247411899459779,0.0261466593285988,0.015432354358241014,0.01501195464211807,0.01586473668974228,0.0,simulated,cortical area,r,partial correlation,cross-sectional,False,-0.07086700487821232
lh-WhiteSurfArea,lh,,0.9171361780704618,0.04085727667734598,109.0,0.0,0,0.0462444083450562,384.4918641193472,8314.342812009421,198,baseline,0.044984643587895,0.0475400800640286,0.03643962940626047,0.03544696104844528,0.03746059170118783,9.875696541462623e-63,simulated,cortical area,r,partial correlation,cross-sectional,False,-0.010191009923901765
rh-WhiteSurfArea,rh,,0.7106045505032671,0.043347967404386616,109.0,0.0,0,0.046405131487687,387.437263774902,8349.017691668507,198,baseline,0.0451409883990043,0.0477053063333711,0.03428067791285788,0.03334682252511062,0.03524115089690971,6.236841098846556e-119,simulated,cortical area,r,partial correlation,cross-sectional,False,-0.03634295281471878
lh-bankssts,lh,,0.17933267905025668,0.03443582867440842,109.0,0.0,0,0.1625170271542639,29.33760021414135,180.52016288910824,198,baseline,0.1580898276165398,0.1670704147630762,0.05105352912443442,0.04966275694199515,0.052483942361569745,0.00035884268975356357,simulated,cortical area,r,partial correlation,cross-sectional,False,-0.13154393261129432
rh-bankssts,rh,,0.4370130743184004,0.12130192069474131,109.0,0.0,0,0.1761685524851671,22.129180670341977,125.61368279509014,198,baseline,0.1713694655969759,0.1811044273162206,0.1015222797763534,0.09875666562524095,0.10436672197940475,3.421236808417586e-08,simulated,cortical area,r,partial correlation,cross-sectional,False,-0.07739016379508626
lh-caudalanteriorcingulate,lh,,0.4903505529539137,0.08629938962960357,109.0,0.0,0,0.1607811468889614,22.427887894319326,139.49326975387515,198,baseline,0.1564012352474207,0.1652858987589296,0.09965770871782617,0.09694288818676025,0.10244990953483749,3.4557282044789884e-10,simulated,cortical area,r,partial correlation,cross-sectional,False,-0.06798389361334284
rh-caudalanteriorcingulate,rh,,0.8256987004080316,0.10266253462983543,109.0,0.0,0,0.1353253806264933,22.15853663761996,163.7426514895896,198,baseline,0.1316389209795097,0.1391169151019399,0.10456919499051945,0.10172057844966456,0.10749900539297867,1.1458119185089296e-12,simulated,cortical area,r,partial correlation,cross-sectional,False,0.021739545586985917
lh-caudalmiddlefrontal,lh,,0.8568742728642817,0.12064618782847181,109.0,0.0,0,0.1199534945767537,43.10170810591202,359.32015368116544,198,baseline,0.116685787401465,0.1233143409163873,0.0949599285782779,0.09237308239197033,0.09762050740926781,6.684725055115372e-14,simulated,cortical area,r,partial correlation,cross-sectional,False,0.004051912169422392
rh-caudalmiddlefrontal,rh,,0.7168629168091256,0.07998523188810296,109.0,0.0,0,0.1401122940993749,51.32327074201448,366.3009807377312,198,baseline,0.1362954319863522,0.1440379478906468,0.10377527740546548,0.10094828833114192,0.106682843895656,4.5216981621949906e-14,simulated,cortical area,r,partial correlation,cross-sectional,False,-0.03565944408070535
lh-cuneus,lh,,0.34792395515698116,0.07561632094990932,109.0,0.0,0,0.1279474329970771,29.708415792835016,232.192355070646,198,baseline,0.1244619593446458,0.1315322527922068,0.0642732416825028,0.06252234535583846,0.06607404365002531,7.467003924815711e-12,simulated,cortical area,r,partial correlation,cross-sectional,False,0.09252676174030383
rh-cuneus,rh,,0.2659810563458652,0.03948645745861488,109.0,0.0,0,0.127183586261055,31.520840653342287,247.83733168714957,198,baseline,0.123718920901612,0.1307470046662889,0.05353562828734081,0.05207724012361623,0.05503558475800756,3.548246136940221e-09,simulated,cortical area,r,partial correlation,cross-sectional,False,0.10891801048142152
lh-eTIV,lh,,0.9640951007919395,0.0006305328650948022,109.0,0.0,0,0.0006775018545617,114.82821427547876,169487.675203119,198,baseline,0.0006590457213808,0.0006964840412503,0.000536252753506764,0.0005216444507092049,0.0005512774354479322,0.0,simulated,cortical area,r,partial correlation,cross-sectional,False,-0.004403496911471575
rh-eTIV,rh,,0.9640951007919395,0.0006305328650948022,109.0,0.0,0,0.0006775018545617,114.82821427547876,169487.675203119,198,baseline,0.0006590457213808,0.0006964840412503,0.000536252753506764,0.0005216444507092049,0.0005512774354479322,0.0,simulated,cortical area,r,partial correlation,cross-sectional,False,-0.004403496911471575
lh-entorhinal,lh,,0.4122780580441122,0.1596290677783503,109.0,0.0,0,0.3213799624258576,28.616420159053835,89.0423284110491,198,baseline,0.3126251061132636,0.3303843576221925,0.17610560920056112,0.17130823697873684,0.18103972049226613,0.003520212452382391,simulated,cortical area,r,partial correlation,cross-sectional,False,-0.08326830579099945
rh-entorhinal,rh,,0.7690226786632173,0.17513902853922636,109.0,0.0,0,0.3186988986766939,23.43320517759158,73.52772562092706,198,baseline,0.3100170784292971,0.32762817606742,0.24340758448011365,0.23677680883550384,0.2502273565278182,0.003888355031847315,simulated,cortical area,r,partial correlation,cross-sectional,False,-0.026320856526505287
lh-frontalpole,lh,,0.7723009727412236,0.1833448926785214,109.0,0.0,0,0.3773811419886781,13.101480073212343,34.71683827170517,198,baseline,0.3671007323195291,0.3879545732519734,0.29542544015734085,0.2873776226763146,0.3037026438577476,0.026388445731855028,simulated,cortical area,r,partial correlation,cross-sectional,False,0.015083941478160277
rh-frontalpole,rh,,0.4749395454517932,0.21258761431148926,109.0,0.0,0,0.3955354638838704,16.524254030090777,41.77692151251023,198,baseline,0.3847605041548942,0.4066175413229629,0.24427553545602604,0.23762111556793847,0.2511196256769582,0.020881449891089383,simulated,cortical area,r,partial correlation,cross-sectional,False,-0.0684849362405478
lh-fusiform,lh,,0.5640429025378182,0.11596892269542364,109.0,0.0,0,0.1458844731994507,53.13683147650845,364.2391154530935,198,baseline,0.1419103685556544,0.1499718513912383,0.09715070402280006,0.09450417793583783,0.09987266380529666,5.040609812275853e-13,simulated,cortical area,r,partial correlation,cross-sectional,False,-0.05721328472209169
rh-fusiform,rh,,0.1802966463361759,0.047806274786973434,109.0,0.0,0,0.1441965272391274,53.58353346201665,371.60072082149895,198,baseline,0.1402684046915219,0.1482366127111633,0.04503340898379409,0.04380663360569205,0.04629515103039664,4.803562559627219e-05,simulated,cortical area,r,partial correlation,cross-sectional,False,-0.13195656327529198
lh-inferiorparietal,lh,,0.20792327505012767,0.0310143721406192,109.0,0.0,0,0.090049878223483,57.65579279561111,640.2650834521145,198,baseline,0.0875967889304781,0.0925728877004448,0.031742898739648424,0.03087817613742658,0.03263226845259365,1.4238534563584966e-12,simulated,cortical area,r,partial correlation,cross-sectional,False,-0.12314731052013814
rh-inferiorparietal,rh,,0.020602628108744594,0.005627311690322207,109.0,1.0,26,0.0913952920297826,68.60637241294963,750.6554319077304,198,baseline,0.0889055517132782,0.0939559971910773,0.00463341647235407,0.0045071954872445055,0.004763235122874041,0.9999988740756977,simulated,cortical area,r,partial correlation,cross-sectional,True,-0.22482860281485068
lh-inferiortemporal,lh,,0.09622154348579352,0.03586118444664662,109.0,0.15384615384615385,4,0.1542295087532436,69.64737584379588,451.5826861332144,198,baseline,0.1500280732371507,0.1585506974087784,0.028617387603217834,0.02783780845765807,0.029419187023197287,0.03260447430172995,simulated,cortical area,r,partial correlation,cross-sectional,False,-0.1643712200441717
rh-inferiortemporal,rh,,0.33613830594482647,0.08263668968248966,109.0,0.0,0,0.1343041310673131,60.68253378658399,451.82924236462935,198,baseline,0.130645491739563,0.1380670522634641,0.06569085683823726,0.06390134261859261,0.06753137742107797,1.2373641997126967e-10,simulated,cortical area,r,partial correlation,cross-sectional,False,-0.09518400333781012
lh-insula,lh,,0.7431271709857996,0.19032033181049524,109.0,0.0,0,0.2958832113739292,77.8642539520674,263.158742905709,198,baseline,0.2878229235410024,0.3041732408675577,0.22759661128198144,0.22139654947984988,0.23397339288921182,0.0014937092061416437,simulated,cortical area,r,partial correlation,cross-sectional,False,0.02363351203188234
rh-insula,rh,,0.4839794001589912,0.2740565844415278,109.0,0.0,0,0.3844394039308467,102.64590120122202,267.0015096051029,198,baseline,0.3739667169689447,0.3952105929493139,0.22969314430989013,0.22343596990722364,0.23612866639298263,0.011453193754431865,simulated,cortical area,r,partial correlation,cross-sectional,False,-0.07288044737351475
lh-isthmuscingulate,lh,,0.7189114367362764,0.09050266957487034,109.0,0.0,0,0.1210797939458732,24.29361864276104,200.64139400188523,198,baseline,0.1177814047421619,0.1244721968410318,0.08975427638786955,0.08730923971761381,0.09226900371889878,1.8400021315988155e-18,simulated,cortical area,r,partial correlation,cross-sectional,False,0.035436183269550815
rh-isthmuscingulate,rh,,0.41807024309999485,0.11548608245988816,109.0,0.0,0,0.1552293689142533,24.02260978507083,154.7555720486154,198,baseline,0.1510006957571567,0.1595785715628287,0.08711772255418238,0.08474450943446818,0.08955857915445499,7.018171531217276e-10,simulated,cortical area,r,partial correlation,cross-sectional,False,-0.08053417839253868
lh-lateraloccipital,lh,,0.38017561410033185,0.05312106977872805,109.0,0.0,0,0.086667419070787,56.750415967724095,654.8068071736654,198,baseline,0.0843064728710899,0.0890956591081221,0.04630245640211106,0.04504111033168155,0.04759975450638179,6.129018085733031e-26,simulated,cortical area,r,partial correlation,cross-sectional,False,0.08607175676638773
rh-lateraloccipital,rh,,0.9448057401909135,0.042586542597476525,109.0,0.0,0,0.0886034393442928,58.94144006251761,665.2274505223729,198,baseline,0.0861897531443017,0.0910859226254169,0.07018369656598407,0.06827179087564825,0.07215009713262037,3.4990994399974315e-13,simulated,cortical area,r,partial correlation,cross-sectional,False,-0.002280640221303968
lh-lateralorbitofrontal,lh,,0.43808063061672314,0.13072639606452355,109.0,0.0,0,0.1637792877687869,48.97632176103156,299.03855626831864,198,baseline,0.1593177024211145,0.1683680412832026,0.0943121416369797,0.09174294210651658,0.09695457083107734,2.4497283659949097e-09,simulated,cortical area,r,partial correlation,cross-sectional,False,0.07748060540713325
rh-lateralorbitofrontal,rh,,0.5621859733987976,0.2145058104965066,109.0,0.0,0,0.3435772758377147,122.86659017865264,357.6097688040564,198,baseline,0.3342177325123413,0.3532035933864842,0.22826677023884692,0.2220484523347179,0.23466232830011133,0.004046580366443663,simulated,cortical area,r,partial correlation,cross-sectional,False,0.05759746523530429
lh-lingual,lh,,0.17253280564753146,0.03560085867454732,109.0,0.0,0,0.1145207535169832,45.1041852729603,393.8516285283733,198,baseline,0.1114010420879221,0.1177293858009169,0.034919768479389275,0.03396850333765964,0.03589814744607887,1.0786059023958235e-06,simulated,cortical area,r,partial correlation,cross-sectional,False,0.13362668284279122
rh-lingual,rh,,0.05138636135405493,0.01607157507955111,109.0,0.5384615384615384,14,0.1193138800672271,48.75738965370322,408.6480938029255,198,baseline,0.1160635969188879,0.1226568057444347,0.013368850674213829,0.013004663791392005,0.013743417943071422,0.4913034214674222,simulated,cortical area,r,partial correlation,cross-sectional,False,0.190351989783629
lh-medialorbitofrontal,lh,,0.787548684186299,0.15190889959852194,109.0,0.0,0,0.2843598979190329,70.52712863945244,248.0206567648085,198,baseline,0.2766135218582684,0.29232706824143,0.2234859143099552,0.217397833855581,0.22974752277512298,0.001539245980426282,simulated,cortical area,r,partial correlation,cross-sectional,False,0.012372145141075099
rh-medialorbitofrontal,rh,,0.4750985727323286,0.16420067480510997,109.0,0.0,0,0.2345810581718633,59.95775060016726,255.59502147117027,198,baseline,0.2281907299060658,0.2411535293906973,0.14090152363611433,0.13706316176579603,0.1448492899903344,2.0634412113781566e-05,simulated,cortical area,r,partial correlation,cross-sectional,False,-0.07219452237413858
lh-middletemporal,lh,,0.5329646533902713,0.10723662982556158,109.0,0.0,0,0.133509632099312,60.85571788565475,455.8151867303987,198,baseline,0.1298726360758078,0.1372502930940585,0.08637076478725571,0.0840178998805155,0.08879069319126616,6.121731597285963e-15,simulated,cortical area,r,partial correlation,cross-sectional,False,-0.06179059563229669
rh-middletemporal,rh,,0.24075469105236413,0.05641717969301238,109.0,0.0,0,0.1072743128265168,47.9306146720843,446.8042107116296,198,baseline,0.1043520049522507,0.1102799149798497,0.041714074979913106,0.04057772307450715,0.0428828162216927,3.3618795465843e-11,simulated,cortical area,r,partial correlation,cross-sectional,False,-0.11549839175296814
lh-paracentral,lh,,0.9007355862271214,0.07498422229050133,109.0,0.0,0,0.1514070532273575,24.720861996925144,163.27417692888804,198,baseline,0.1472825054935373,0.155649162575062,0.11968932584623909,0.11642881501032533,0.12304277072988233,1.9952801398679352e-07,simulated,cortical area,r,partial correlation,cross-sectional,False,-0.006578236077489335
rh-paracentral,rh,,0.9254189430700107,0.06441815265192494,109.0,0.0,0,0.1358936543950591,28.381437979003486,208.85035512030052,198,baseline,0.1321917141463837,0.1397011107143981,0.1074271237559676,0.10450065309034312,0.11043700735232737,1.613027832674647e-07,simulated,cortical area,r,partial correlation,cross-sectional,False,-0.00656019313238379
lh-parahippocampal,lh,,0.6642058448105939,0.1515368783078706,109.0,0.0,0,0.2379283746062027,20.273261793434813,85.20741516008445,198,baseline,0.2314468605857171,0.2445946306391068,0.1706548952430447,0.16600600837525092,0.1754362889159997,1.234753100907431e-05,simulated,cortical area,r,partial correlation,cross-sectional,False,0.04331846265587987
rh-parahippocampal,rh,,0.5628021965701083,0.17736137844916972,109.0,0.0,0,0.2848842299195273,21.960830249971547,77.08685825177102,198,baseline,0.2771235702945675,0.2928660909292682,0.18814610649155422,0.18302073365973817,0.1934175673652,0.00033612493114748733,simulated,cortical area,r,partial correlation,cross-sectional,False,0.05856341107818056
lh-parsopercularis,lh,,0.42835784488853645,0.07064166106652779,109.0,0.0,0,0.1197012302404864,31.929169619203574,266.740530193851,198,baseline,0.1164403951116069,0.1230550086603886,0.06866859610606646,0.06679796394979173,0.07059254672280467,8.52532166172056e-16,simulated,cortical area,r,partial correlation,cross-sectional,False,0.07793879390325766
rh-parsopercularis,rh,,0.8773577467285592,0.07639654244961429,109.0,0.0,0,0.1813978322798997,37.33780806932715,205.83381620412263,198,baseline,0.1764562922254449,0.1864802206070299,0.1432567700979511,0.1393542478979144,0.14727052553800926,4.417025680331268e-06,simulated,cortical area,r,partial correlation,cross-sectional,False,-0.007860706817654247
lh-parsorbitalis,lh,,0.5335946800229416,0.13383229574574965,109.0,0.0,0,0.1812212469046226,17.839265292309157,98.43914881403514,198,baseline,0.1762845172919135,0.1862986876784178,0.11711909755061364,0.1139286034613848,0.12040053000652516,1.124228798828328e-08,simulated,cortical area,r,partial correlation,cross-sectional,False,0.06194294402232839
rh-parsorbitalis,rh,,0.34256719230464405,0.1097472331727778,109.0,0.0,0,0.186131721787977,23.060387600850863,123.89283986272366,198,baseline,0.1810612237171913,0.1913467438102035,0.0914594581239404,0.0889679698299633,0.09402196108515279,2.476309225923557e-06,simulated,cortical area,r,partial correlation,cross-sectional,False,-0.09473227218964915
lh-parstriangularis,lh,,0.8871868907093625,0.07907131549633802,109.0,0.0,0,0.1260441207856303,27.80385874288965,220.58830328292024,198,baseline,0.1226104961184421,0.1295756137485439,0.09888660991982004,0.09619279523842936,0.10165720615930796,2.4464489937431748e-11,simulated,cortical area,r,partial correlation,cross-sectional,False,0.013652207647005811
rh-parstriangularis,rh,,0.5853747053157364,0.1262841331834216,109.0,0.0,0,0.1690325985784775,42.94998075588448,254.09288573377688,198,baseline,0.164427905424839,0.173768538887809,0.11449996571297955,0.11138082057385057,0.11770801556606997,3.926299004374219e-10,simulated,cortical area,r,partial correlation,cross-sectional,False,0.054341090109905135
lh-pericalcarine,lh,,0.9225004158189102,0.05961796728544196,109.0,0.0,0,0.1440878822847119,38.97643282115894,270.5045851402206,198,baseline,0.1401627193832456,0.1481249237520804,0.11398790001066554,0.1108827042839782,0.11718160285246335,6.109896741376387e-07,simulated,cortical area,r,partial correlation,cross-sectional,False,0.005411584830162063
rh-pericalcarine,rh,,0.23161182764396254,0.05184403173505626,109.0,0.0,0,0.1607582964148739,45.80598319377171,284.9369781548243,198,baseline,0.1563790072533901,0.1652624080622919,0.060957650696482464,0.059297075877278775,0.06266555673072344,1.604187003864116e-05,simulated,cortical area,r,partial correlation,cross-sectional,False,0.11750904010034911
lh-postcentral,lh,,0.35976861260867377,0.08214977531604731,109.0,0.0,0,0.1216786992946906,61.86780999013875,508.45226279336407,198,baseline,0.1183639950406128,0.1250878822666319,0.06243413827493903,0.06073334179257022,0.06418341240680048,2.3223765514164496e-13,simulated,cortical area,r,partial correlation,cross-sectional,False,-0.09035743040891525
rh-postcentral,rh,,0.48260992268895936,0.10645335435298747,109.0,0.0,0,0.1750970423646856,86.46115511726259,493.7899232882787,198,baseline,0.1703271449663166,0.1800028957205081,0.1073202278831848,0.10439666921617892,0.11032711648049068,9.832326520548328e-09,simulated,cortical area,r,partial correlation,cross-sectional,False,0.06951630381194032
lh-posteriorcingulate,lh,,0.014417547041084547,0.007816687014857054,109.0,1.0,26,0.1600296749708746,27.37360953244016,171.05333456074413,198,baseline,0.1556702345143329,0.1645133721674949,0.005427512905998673,0.005279659582262815,0.005579580479751327,0.9999916560792262,simulated,cortical area,r,partial correlation,cross-sectional,True,-0.24025358638409794
rh-posteriorcingulate,rh,,0.5357659998111155,0.10010479291706662,109.0,0.0,0,0.141793127476066,27.26097748707653,192.25880670188369,198,baseline,0.1379304770239469,0.1457658747073541,0.09206934047255742,0.08956123809881818,0.09464893106315649,2.1433041392607825e-13,simulated,cortical area,r,partial correlation,cross-sectional,False,-0.061225669988755525
lh-precentral,lh,,0.8399797073036563,0.14489666277759358,109.0,0.0,0,0.109083047641389,57.18122569403853,524.199011032604,198,baseline,0.1061114672073396,0.1121393267658546,0.08505638998806482,0.08273933055725087,0.08743949235588218,5.164029812910862e-18,simulated,cortical area,r,partial correlation,cross-sectional,False,0.017382308108907427
rh-precentral,rh,,0.7876871708291961,0.0984693746367345,109.0,0.0,0,0.1542482773789897,90.93644142573636,589.5459124143376,198,baseline,0.1500463305783091,0.1585699918922109,0.11773351833537397,0.1145262865327997,0.1210321655781722,7.8721224529337e-11,simulated,cortical area,r,partial correlation,cross-sectional,False,0.02654565839400438
lh-precuneus,lh,,0.5916125581488185,0.1287976372769558,109.0,0.0,0,0.1118659619278976,55.41171197858647,495.3402359718826,198,baseline,0.1088185708722875,0.1150002124972663,0.07624414707697316,0.07416714592451584,0.07838034880687075,1.184261244023718e-21,simulated,cortical area,r,partial correlation,cross-sectional,False,0.053264746070090525
rh-precuneus,rh,,0.6819796342187229,0.08942774551215678,109.0,0.0,0,0.0912551884615441,45.853508083615615,502.4756274865263,198,baseline,0.0887692647694477,0.093811968213528,0.06633028593616541,0.06452335274045207,0.06818872198658635,3.5168209364929116e-32,simulated,cortical area,r,partial correlation,cross-sectional,False,0.040320456101016325
lh-rostralanteriorcingulate,lh,,0.7311774502852528,0.1588452068416942,109.0,0.0,0,0.2020922832616363,37.01469646596814,183.1573965545607,198,baseline,0.1965869963467813,0.2077544868753331,0.15078870350298842,0.14668100051252725,0.15501348798312573,3.6570765788006795e-07,simulated,cortical area,r,partial correlation,cross-sectional,False,-0.03365527543902361
rh-rostralanteriorcingulate,rh,,0.8203881913645662,0.11270858851457495,109.0,0.0,0,0.1727681829842004,22.26143368432118,128.8514661658332,198,baseline,0.1680617270931814,0.1776087865650828,0.13533835595561436,0.13165154284184577,0.13913025397267806,5.421525513624642e-08,simulated,cortical area,r,partial correlation,cross-sectional,False,-0.014661296614158955
lh-rostralmiddlefrontal,lh,,0.43000375841274757,0.10842158562679516,109.0,0.0,0,0.1596031156135336,122.54322707494894,767.799717467156,198,baseline,0.1552552952525763,0.1640748615080279,0.09137119509767483,0.08888211121655175,0.09393122511326947,1.4846938240691227e-09,simulated,cortical area,r,partial correlation,cross-sectional,False,-0.07818539333398113
rh-rostralmiddlefrontal,rh,,0.09473029278540798,0.05623357291544814,109.0,0.07692307692307693,2,0.1770472915496215,151.18128229562717,853.9033891589085,198,baseline,0.1722242665347733,0.1820077868136076,0.03138109734923579,0.030526230741652973,0.032260330143011356,0.05525708617625852,simulated,cortical area,r,partial correlation,cross-sectional,False,-0.1669072853231414
lh-superiorfrontal,lh,,0.4779453764454581,0.11466592144086095,109.0,0.0,0,0.1114963846088467,101.508338674775,910.4182080063676,198,baseline,0.1084590613754502,0.114620280393769,0.06782764453967971,0.06597992112380688,0.06972803345024445,1.2076694970022545e-19,simulated,cortical area,r,partial correlation,cross-sectional,False,0.07052173819325161
rh-superiorfrontal,rh,,0.4336534408164263,0.09958902172663883,109.0,0.0,0,0.141654624851114,134.86331277005297,952.0572513026028,198,baseline,0.1377957474113855,0.1456234915281777,0.08167089557657989,0.07944606192392555,0.08395914346315983,8.170954889737839e-12,simulated,cortical area,r,partial correlation,cross-sectional,False,-0.07733334134360002
lh-superiorparietal,lh,,0.24999698135860482,0.10970529481086444,109.0,0.0,0,0.1199768354989493,84.21899400401878,701.9604547309161,198,baseline,0.1167084924830858,0.1233383358024644,0.04651012048366772,0.045243117342456375,0.04781323690170111,3.8746788158932273e-10,simulated,cortical area,r,partial correlation,cross-sectional,False,0.11574618779622842
rh-superiorparietal,rh,,0.3767856275247134,0.13494926985223657,109.0,0.0,0,0.1665201115094589,102.07437033103402,612.9852388744997,198,baseline,0.1619838621477434,0.1711856571796089,0.08715365762311383,0.08477946558000099,0.08959552104895088,3.5590901027392916e-08,simulated,cortical area,r,partial correlation,cross-sectional,False,0.08827983732321926
lh-superiortemporal,lh,,0.5476908709740517,0.056454413422993996,109.0,0.0,0,0.1138527849722163,53.225762948893845,467.49636350030966,198,baseline,0.11075126997515,0.1170427021728871,0.07500158119017016,0.07295842933471255,0.07710296881959368,3.5415357961731027e-20,simulated,cortical area,r,partial correlation,cross-sectional,False,-0.05896863923851714
rh-superiortemporal,rh,,0.9072271704584096,0.057281534723881096,109.0,0.0,0,0.1091983715557246,42.90577966330327,392.9159295329616,198,baseline,0.1062236495309805,0.1122578818153625,0.08637803553420485,0.0840249725617721,0.08879816764935645,6.430757066148092e-13,simulated,cortical area,r,partial correlation,cross-sectional,False,-0.00558592605321764
lh-supramarginal,lh,,0.608268417178604,0.09861552488840265,109.0,0.0,0,0.0949808615046219,65.36188829384018,688.1585117087989,198,baseline,0.0923934450750391,0.0976420268324798,0.06568393826574523,0.06389461251805004,0.06752426500463729,1.1261298249666507e-29,simulated,cortical area,r,partial correlation,cross-sectional,False,-0.05063140497640163
rh-supramarginal,rh,,0.4540876853288944,0.10959756419889577,109.0,0.0,0,0.1410647642857712,77.06652077723909,546.3201329363617,198,baseline,0.1372219555033887,0.145017104301991,0.0835113788426229,0.0812364077563268,0.08585119322561609,2.6490591002073795e-12,simulated,cortical area,r,partial correlation,cross-sectional,False,0.07405471250031928
lh-temporalpole,lh,,0.6989333435065853,0.20975310764899938,109.0,0.0,0,0.3966183294570134,26.70812584240957,67.3396155920834,198,baseline,0.3858138708992142,0.4077307465273994,0.2956934976874182,0.2876383779304765,0.30397821179985546,0.02277429974975689,simulated,cortical area,r,partial correlation,cross-sectional,False,0.03388022399007363
rh-temporalpole,rh,,0.5919564041784985,0.2021020069777404,109.0,0.0,0,0.3554778762416623,23.62934020927624,66.4720416896281,198,baseline,0.3457941433004096,0.3654376237538371,0.24328591658036258,0.23665845534581162,0.25010227974767585,0.005858442254122526,simulated,cortical area,r,partial correlation,cross-sectional,False,-0.05252933543992504
lh-transversetemporal,lh,,0.6696525019205655,0.11402115047485903,109.0,0.0,0,0.183877294581802,13.495776196128,73.3955555895135,198,baseline,0.1788682103779802,0.1890291522631265,0.1325350828246302,0.12892463493687467,0.1362484389844974,8.752873053821562e-09,simulated,cortical area,r,partial correlation,cross-sectional,False,-0.04223873224781154
rh-transversetemporal,rh,,0.3457937238882837,0.1345070775728228,109.0,0.0,0,0.2317023016633212,10.308611678954383,44.49076079500272,198,baseline,0.225390394900224,0.2381941161384015,0.11369768454726002,0.11060039471073034,0.11688325615802257,0.00013694565046908454,simulated,cortical area,r,partial correlation,cross-sectional,False,0.09486556048444918
lh-BrainSegVolNotVent,lh,,0.46851823912145524,0.022456726652315937,109.0,0.0,0,0.0254340503680745,2748.4335500323227,108061.18216555168,198,baseline,0.0247411899459779,0.0261466593285988,0.022456726652315937,0.01501195464211807,0.01586473668974228,1.0974606709835452e-160,sampled,cortical area,r,partial correlation,cross-sectional,False,-0.07086700487821232
rh-BrainSegVolNotVent,rh,,0.46851823912145524,0.022456726652315937,109.0,0.0,0,0.0254340503680745,2748.4335500323227,108061.18216555168,198,baseline,0.0247411899459779,0.0261466593285988,0.022456726652315937,0.01501195464211807,0.01586473668974228,1.0974606709835452e-160,sampled,cortical area,r,partial correlation,cross-sectional,False,-0.07086700487821232
lh-WhiteSurfArea,lh,,0.9171361780704618,0.04085727667734598,109.0,0.0,0,0.0462444083450562,384.4918641193472,8314.342812009421,198,baseline,0.044984643587895,0.0475400800640286,0.04085727667734598,0.03544696104844528,0.03746059170118783,3.816694498715197e-50,sampled,cortical area,r,partial correlation,cross-sectional,False,-0.010191009923901765
rh-WhiteSurfArea,rh,,0.7106045505032671,0.043347967404386616,109.0,0.0,0,0.046405131487687,387.437263774902,8349.017691668507,198,baseline,0.0451409883990043,0.0477053063333711,0.043347967404386616,0.03334682252511062,0.03524115089690971,6.253468629787478e-75,sampled,cortical area,r,partial correlation,cross-sectional,False,-0.03634295281471878
lh-bankssts,lh,,0.17933267905025668,0.03443582867440842,109.0,0.0,0,0.1625170271542639,29.33760021414135,180.52016288910824,198,baseline,0.1580898276165398,0.1670704147630762,0.03443582867440842,0.04966275694199515,0.052483942361569745,1.55690505843633e-07,sampled,cortical area,r,partial correlation,cross-sectional,False,-0.13154393261129432
rh-bankssts,rh,,0.4370130743184004,0.12130192069474131,109.0,0.0,0,0.1761685524851671,22.129180670341977,125.61368279509014,198,baseline,0.1713694655969759,0.1811044273162206,0.12130192069474131,0.09875666562524095,0.10436672197940475,4.351634641913926e-06,sampled,cortical area,r,partial correlation,cross-sectional,False,-0.07739016379508626
lh-caudalanteriorcingulate,lh,,0.4903505529539137,0.08629938962960357,109.0,0.0,0,0.1607811468889614,22.427887894319326,139.49326975387515,198,baseline,0.1564012352474207,0.1652858987589296,0.08629938962960357,0.09694288818676025,0.10244990953483749,3.5658385846386367e-13,sampled,cortical area,r,partial correlation,cross-sectional,False,-0.06798389361334284
rh-caudalanteriorcingulate,rh,,0.8256987004080316,0.10266253462983543,109.0,0.0,0,0.1353253806264933,22.15853663761996,163.7426514895896,198,baseline,0.1316389209795097,0.1391169151019399,0.10266253462983543,0.10172057844966456,0.10749900539297867,4.1533931446720804e-13,sampled,cortical area,r,partial correlation,cross-sectional,False,0.021739545586985917
lh-caudalmiddlefrontal,lh,,0.8568742728642817,0.12064618782847181,109.0,0.0,0,0.1199534945767537,43.10170810591202,359.32015368116544,198,baseline,0.116685787401465,0.1233143409163873,0.12064618782847181,0.09237308239197033,0.09762050740926781,6.130805829133532e-09,sampled,cortical area,r,partial correlation,cross-sectional,False,0.004051912169422392
rh-caudalmiddlefrontal,rh,,0.7168629168091256,0.07998523188810296,109.0,0.0,0,0.1401122940993749,51.32327074201448,366.3009807377312,198,baseline,0.1362954319863522,0.1440379478906468,0.07998523188810296,0.10094828833114192,0.106682843895656,6.051017889453994e-23,sampled,cortical area,r,partial correlation,cross-sectional,False,-0.03565944408070535
lh-cuneus,lh,,0.34792395515698116,0.07561632094990932,109.0,0.0,0,0.1279474329970771,29.708415792835016,232.192355070646,198,baseline,0.1244619593446458,0.1315322527922068,0.07561632094990932,0.06252234535583846,0.06607404365002531,6.1144797390863e-09,sampled,cortical area,r,partial correlation,cross-sectional,False,0.09252676174030383
rh-cuneus,rh,,0.2659810563458652,0.03948645745861488,109.0,0.0,0,0.127183586261055,31.520840653342287,247.83733168714957,198,baseline,0.123718920901612,0.1307470046662889,0.03948645745861488,0.05207724012361623,0.05503558475800756,1.2328163838206467e-15,sampled,cortical area,r,partial correlation,cross-sectional,False,0.10891801048142152
lh-eTIV,lh,,0.9640951007919395,0.0006305328650948022,109.0,0.0,0,0.0006775018545617,114.82821427547876,169487.675203119,198,baseline,0.0006590457213808,0.0006964840412503,0.0006305328650948022,0.0005216444507092049,0.0005512774354479322,0.0,sampled,cortical area,r,partial correlation,cross-sectional,False,-0.004403496911471575
rh-eTIV,rh,,0.9640951007919395,0.0006305328650948022,109.0,0.0,0,0.0006775018545617,114.82821427547876,169487.675203119,198,baseline,0.0006590457213808,0.0006964840412503,0.0006305328650948022,0.0005216444507092049,0.0005512774354479322,0.0,sampled,cortical area,r,partial correlation,cross-sectional,False,-0.004403496911471575
lh-entorhinal,lh,,0.4122780580441122,0.1596290677783503,109.0,0.0,0,0.3213799624258576,28.616420159053835,89.0423284110491,198,baseline,0.3126251061132636,0.3303843576221925,0.1596290677783503,0.17130823697873684,0.18103972049226613,0.001177950232770212,sampled,cortical area,r,partial correlation,cross-sectional,False,-0.08326830579099945
rh-entorhinal,rh,,0.7690226786632173,0.17513902853922636,109.0,0.0,0,0.3186988986766939,23.43320517759158,73.52772562092706,198,baseline,0.3100170784292971,0.32762817606742,0.17513902853922636,0.23677680883550384,0.2502273565278182,1.9705503066068063e-05,sampled,cortical area,r,partial correlation,cross-sectional,False,-0.026320856526505287
lh-frontalpole,lh,,0.7723009727412236,0.1833448926785214,109.0,0.0,0,0.3773811419886781,13.101480073212343,34.71683827170517,198,baseline,0.3671007323195291,0.3879545732519734,0.1833448926785214,0.2873776226763146,0.3037026438577476,5.2287568053013695e-05,sampled,cortical area,r,partial correlation,cross-sectional,False,0.015083941478160277
rh-frontalpole,rh,,0.4749395454517932,0.21258761431148926,109.0,0.0,0,0.3955354638838704,16.524254030090777,41.77692151251023,198,baseline,0.3847605041548942,0.4066175413229629,0.21258761431148926,0.23762111556793847,0.2511196256769582,0.006554650681875742,sampled,cortical area,r,partial correlation,cross-sectional,False,-0.0684849362405478
lh-fusiform,lh,,0.5640429025378182,0.11596892269542364,109.0,0.0,0,0.1458844731994507,53.13683147650845,364.2391154530935,198,baseline,0.1419103685556544,0.1499718513912383,0.11596892269542364,0.09450417793583783,0.09987266380529666,1.761059783506796e-09,sampled,cortical area,r,partial correlation,cross-sectional,False,-0.05721328472209169
rh-fusiform,rh,,0.1802966463361759,0.047806274786973434,109.0,0.0,0,0.1441965272391274,53.58353346201665,371.60072082149895,198,baseline,0.1402684046915219,0.1482366127111633,0.047806274786973434,0.04380663360569205,0.04629515103039664,0.00012567590689347802,sampled,cortical area,r,partial correlation,cross-sectional,False,-0.13195656327529198
lh-inferiorparietal,lh,,0.20792327505012767,0.0310143721406192,109.0,0.0,0,0.090049878223483,57.65579279561111,640.2650834521145,198,baseline,0.0875967889304781,0.0925728877004448,0.0310143721406192,0.03087817613742658,0.03263226845259365,4.262425005233605e-13,sampled,cortical area,r,partial correlation,cross-sectional,False,-0.12314731052013814
rh-inferiorparietal,rh,,0.020602628108744594,0.005627311690322207,109.0,1.0,26,0.0913952920297826,68.60637241294963,750.6554319077304,198,baseline,0.0889055517132782,0.0939559971910773,0.005627311690322207,0.0045071954872445055,0.004763235122874041,0.9999555476570613,sampled,cortical area,r,partial correlation,cross-sectional,True,-0.22482860281485068
lh-inferiortemporal,lh,,0.09622154348579352,0.03586118444664662,109.0,0.15384615384615385,4,0.1542295087532436,69.64737584379588,451.5826861332144,198,baseline,0.1500280732371507,0.1585506974087784,0.03586118444664662,0.02783780845765807,0.029419187023197287,0.07745005013164483,sampled,cortical area,r,partial correlation,cross-sectional,False,-0.1643712200441717
rh-inferiortemporal,rh,,0.33613830594482647,0.08263668968248966,109.0,0.0,0,0.1343041310673131,60.68253378658399,451.82924236462935,198,baseline,0.130645491739563,0.1380670522634641,0.08263668968248966,0.06390134261859261,0.06753137742107797,3.301325650583397e-07,sampled,cortical area,r,partial correlation,cross-sectional,False,-0.09518400333781012
lh-insula,lh,,0.7431271709857996,0.19032033181049524,109.0,0.0,0,0.2958832113739292,77.8642539520674,263.158742905709,198,baseline,0.2878229235410024,0.3041732408675577,0.19032033181049524,0.22139654947984988,0.23397339288921182,8.840374411052844e-05,sampled,cortical area,r,partial correlation,cross-sectional,False,0.02363351203188234
rh-insula,rh,,0.4839794001589912,0.2740565844415278,109.0,0.0,0,0.3844394039308467,102.64590120122202,267.0015096051029,198,baseline,0.3739667169689447,0.3952105929493139,0.2740565844415278,0.22343596990722364,0.23612866639298263,0.0415975840839722,sampled,cortical area,r,partial correlation,cross-sectional,False,-0.07288044737351475
lh-isthmuscingulate,lh,,0.7189114367362764,0.09050266957487034,109.0,0.0,0,0.1210797939458732,24.29361864276104,200.64139400188523,198,baseline,0.1177814047421619,0.1244721968410318,0.09050266957487034,0.08730923971761381,0.09226900371889878,3.555350603791922e-18,sampled,cortical area,r,partial correlation,cross-sectional,False,0.035436183269550815
rh-isthmuscingulate,rh,,0.41807024309999485,0.11548608245988816,109.0,0.0,0,0.1552293689142533,24.02260978507083,154.7555720486154,198,baseline,0.1510006957571567,0.1595785715628287,0.11548608245988816,0.08474450943446818,0.08955857915445499,3.832329462800228e-06,sampled,cortical area,r,partial correlation,cross-sectional,False,-0.08053417839253868
lh-lateraloccipital,lh,,0.38017561410033185,0.05312106977872805,109.0,0.0,0,0.086667419070787,56.750415967724095,654.8068071736654,198,baseline,0.0843064728710899,0.0890956591081221,0.05312106977872805,0.04504111033168155,0.04759975450638179,4.5270587783862326e-20,sampled,cortical area,r,partial correlation,cross-sectional,False,0.08607175676638773
rh-lateraloccipital,rh,,0.9448057401909135,0.042586542597476525,109.0,0.0,0,0.0886034393442928,58.94144006251761,665.2274505223729,198,baseline,0.0861897531443017,0.0910859226254169,0.042586542597476525,0.06827179087564825,0.07215009713262037,4.855678590658942e-34,sampled,cortical area,r,partial correlation,cross-sectional,False,-0.002280640221303968
lh-lateralorbitofrontal,lh,,0.43808063061672314,0.13072639606452355,109.0,0.0,0,0.1637792877687869,48.97632176103156,299.03855626831864,198,baseline,0.1593177024211145,0.1683680412832026,0.13072639606452355,0.09174294210651658,0.09695457083107734,2.0415041771147356e-05,sampled,cortical area,r,partial correlation,cross-sectional,False,0.07748060540713325
rh-lateralorbitofrontal,rh,,0.5621859733987976,0.2145058104965066,109.0,0.0,0,0.3435772758377147,122.86659017865264,357.6097688040564,198,baseline,0.3342177325123413,0.3532035933864842,0.2145058104965066,0.2220484523347179,0.23466232830011133,0.002001900585819813,sampled,cortical area,r,partial correlation,cross-sectional,False,0.05759746523530429
lh-lingual,lh,,0.17253280564753146,0.03560085867454732,109.0,0.0,0,0.1145207535169832,45.1041852729603,393.8516285283733,198,baseline,0.1114010420879221,0.1177293858009169,0.03560085867454732,0.03396850333765964,0.03589814744607887,1.7079028601488834e-06,sampled,cortical area,r,partial correlation,cross-sectional,False,0.13362668284279122
rh-lingual,rh,,0.05138636135405493,0.01607157507955111,109.0,0.5384615384615384,14,0.1193138800672271,48.75738965370322,408.6480938029255,198,baseline,0.1160635969188879,0.1226568057444347,0.01607157507955111,0.013004663791392005,0.013743417943071422,0.5050625292846648,sampled,cortical area,r,partial correlation,cross-sectional,False,0.190351989783629
lh-medialorbitofrontal,lh,,0.787548684186299,0.15190889959852194,109.0,0.0,0,0.2843598979190329,70.52712863945244,248.0206567648085,198,baseline,0.2766135218582684,0.29232706824143,0.15190889959852194,0.217397833855581,0.22974752277512298,7.647538284507272e-07,sampled,cortical area,r,partial correlation,cross-sectional,False,0.012372145141075099
rh-medialorbitofrontal,rh,,0.4750985727323286,0.16420067480510997,109.0,0.0,0,0.2345810581718633,59.95775060016726,255.59502147117027,198,baseline,0.2281907299060658,0.2411535293906973,0.16420067480510997,0.13706316176579603,0.1448492899903344,0.0002966845706737283,sampled,cortical area,r,partial correlation,cross-sectional,False,-0.07219452237413858
lh-middletemporal,lh,,0.5329646533902713,0.10723662982556158,109.0,0.0,0,0.133509632099312,60.85571788565475,455.8151867303987,198,baseline,0.1298726360758078,0.1372502930940585,0.10723662982556158,0.0840178998805155,0.08879069319126616,4.107297066906056e-10,sampled,cortical area,r,partial correlation,cross-sectional,False,-0.06179059563229669
rh-middletemporal,rh,,0.24075469105236413,0.05641717969301238,109.0,0.0,0,0.1072743128265168,47.9306146720843,446.8042107116296,198,baseline,0.1043520049522507,0.1102799149798497,0.05641717969301238,0.04057772307450715,0.0428828162216927,9.136594276668296e-07,sampled,cortical area,r,partial correlation,cross-sectional,False,-0.11549839175296814
lh-paracentral,lh,,0.9007355862271214,0.07498422229050133,109.0,0.0,0,0.1514070532273575,24.720861996925144,163.27417692888804,198,baseline,0.1472825054935373,0.155649162575062,0.07498422229050133,0.11642881501032533,0.12304277072988233,1.3523471673868888e-17,sampled,cortical area,r,partial correlation,cross-sectional,False,-0.006578236077489335
rh-paracentral,rh,,0.9254189430700107,0.06441815265192494,109.0,0.0,0,0.1358936543950591,28.381437979003486,208.85035512030052,198,baseline,0.1321917141463837,0.1397011107143981,0.06441815265192494,0.10450065309034312,0.11043700735232737,2.530325403734011e-19,sampled,cortical area,r,partial correlation,cross-sectional,False,-0.00656019313238379
lh-parahippocampal,lh,,0.6642058448105939,0.1515368783078706,109.0,0.0,0,0.2379283746062027,20.273261793434813,85.20741516008445,198,baseline,0.2314468605857171,0.2445946306391068,0.1515368783078706,0.16600600837525092,0.1754362889159997,6.571900731285326e-07,sampled,cortical area,r,partial correlation,cross-sectional,False,0.04331846265587987
rh-parahippocampal,rh,,0.5628021965701083,0.17736137844916972,109.0,0.0,0,0.2848842299195273,21.960830249971547,77.08685825177102,198,baseline,0.2771235702945675,0.2928660909292682,0.17736137844916972,0.18302073365973817,0.1934175673652,0.00012974560925030422,sampled,cortical area,r,partial correlation,cross-sectional,False,0.05856341107818056
lh-parsopercularis,lh,,0.42835784488853645,0.07064166106652779,109.0,0.0,0,0.1197012302404864,31.929169619203574,266.740530193851,198,baseline,0.1164403951116069,0.1230550086603886,0.07064166106652779,0.06679796394979173,0.07059254672280467,5.311773735999496e-15,sampled,cortical area,r,partial correlation,cross-sectional,False,0.07793879390325766
rh-parsopercularis,rh,,0.8773577467285592,0.07639654244961429,109.0,0.0,0,0.1813978322798997,37.33780806932715,205.83381620412263,198,baseline,0.1764562922254449,0.1864802206070299,0.07639654244961429,0.1393542478979144,0.14727052553800926,2.675438307829552e-19,sampled,cortical area,r,partial correlation,cross-sectional,False,-0.007860706817654247
lh-parsorbitalis,lh,,0.5335946800229416,0.13383229574574965,109.0,0.0,0,0.1812212469046226,17.839265292309157,98.43914881403514,198,baseline,0.1762845172919135,0.1862986876784178,0.13383229574574965,0.1139286034613848,0.12040053000652516,6.732265332503168e-07,sampled,cortical area,r,partial correlation,cross-sectional,False,0.06194294402232839
rh-parsorbitalis,rh,,0.34256719230464405,0.1097472331727778,109.0,0.0,0,0.186131721787977,23.060387600850863,123.89283986272366,198,baseline,0.1810612237171913,0.1913467438102035,0.1097472331727778,0.0889679698299633,0.09402196108515279,9.160179857529265e-05,sampled,cortical area,r,partial correlation,cross-sectional,False,-0.09473227218964915
lh-parstriangularis,lh,,0.8871868907093625,0.07907131549633802,109.0,0.0,0,0.1260441207856303,27.80385874288965,220.58830328292024,198,baseline,0.1226104961184421,0.1295756137485439,0.07907131549633802,0.09619279523842936,0.10165720615930796,3.181857778653815e-17,sampled,cortical area,r,partial correlation,cross-sectional,False,0.013652207647005811
rh-parstriangularis,rh,,0.5853747053157364,0.1262841331834216,109.0,0.0,0,0.1690325985784775,42.94998075588448,254.09288573377688,198,baseline,0.164427905424839,0.173768538887809,0.1262841331834216,0.11138082057385057,0.11770801556606997,1.6047250705330756e-08,sampled,cortical area,r,partial correlation,cross-sectional,False,0.054341090109905135
lh-pericalcarine,lh,,0.9225004158189102,0.05961796728544196,109.0,0.0,0,0.1440878822847119,38.97643282115894,270.5045851402206,198,baseline,0.1401627193832456,0.1481249237520804,0.05961796728544196,0.1108827042839782,0.11718160285246335,5.125676065992381e-23,sampled,cortical area,r,partial correlation,cross-sectional,False,0.005411584830162063
rh-pericalcarine,rh,,0.23161182764396254,0.05184403173505626,109.0,0.0,0,0.1607582964148739,45.80598319377171,284.9369781548243,198,baseline,0.1563790072533901,0.1652624080622919,0.05184403173505626,0.059297075877278775,0.06266555673072344,4.0707756789555367e-07,sampled,cortical area,r,partial correlation,cross-sectional,False,0.11750904010034911
lh-postcentral,lh,,0.35976861260867377,0.08214977531604731,109.0,0.0,0,0.1216786992946906,61.86780999013875,508.45226279336407,198,baseline,0.1183639950406128,0.1250878822666319,0.08214977531604731,0.06073334179257022,0.06418341240680048,2.7621536676241964e-08,sampled,cortical area,r,partial correlation,cross-sectional,False,-0.09035743040891525
rh-postcentral,rh,,0.48260992268895936,0.10645335435298747,109.0,0.0,0,0.1750970423646856,86.46115511726259,493.7899232882787,198,baseline,0.1703271449663166,0.1800028957205081,0.10645335435298747,0.10439666921617892,0.11032711648049068,7.397188385154728e-09,sampled,cortical area,r,partial correlation,cross-sectional,False,0.06951630381194032
lh-posteriorcingulate,lh,,0.014417547041084547,0.007816687014857054,109.0,1.0,26,0.1600296749708746,27.37360953244016,171.05333456074413,198,baseline,0.1556702345143329,0.1645133721674949,0.007816687014857054,0.005279659582262815,0.005579580479751327,0.9989166615078628,sampled,cortical area,r,partial correlation,cross-sectional,True,-0.24025358638409794
rh-posteriorcingulate,rh,,0.5357659998111155,0.10010479291706662,109.0,0.0,0,0.141793127476066,27.26097748707653,192.25880670188369,198,baseline,0.1379304770239469,0.1457658747073541,0.10010479291706662,0.08956123809881818,0.09464893106315649,1.6216527404859533e-11,sampled,cortical area,r,partial correlation,cross-sectional,False,-0.061225669988755525
lh-precentral,lh,,0.8399797073036563,0.14489666277759358,109.0,0.0,0,0.109083047641389,57.18122569403853,524.199011032604,198,baseline,0.1061114672073396,0.1121393267658546,0.14489666277759358,0.08273933055725087,0.08743949235588218,9.188923413964346e-07,sampled,cortical area,r,partial correlation,cross-sectional,False,0.017382308108907427
rh-precentral,rh,,0.7876871708291961,0.0984693746367345,109.0,0.0,0,0.1542482773789897,90.93644142573636,589.5459124143376,198,baseline,0.1500463305783091,0.1585699918922109,0.0984693746367345,0.1145262865327997,0.1210321655781722,4.4338978805904e-15,sampled,cortical area,r,partial correlation,cross-sectional,False,0.02654565839400438
lh-precuneus,lh,,0.5916125581488185,0.1287976372769558,109.0,0.0,0,0.1118659619278976,55.41171197858647,495.3402359718826,198,baseline,0.1088185708722875,0.1150002124972663,0.1287976372769558,0.07416714592451584,0.07838034880687075,2.509129688989572e-08,sampled,cortical area,r,partial correlation,cross-sectional,False,0.053264746070090525
rh-precuneus,rh,,0.6819796342187229,0.08942774551215678,109.0,0.0,0,0.0912551884615441,45.853508083615615,502.4756274865263,198,baseline,0.0887692647694477,0.093811968213528,0.08942774551215678,0.06452335274045207,0.06818872198658635,3.066420055819435e-18,sampled,cortical area,r,partial correlation,cross-sectional,False,0.040320456101016325
lh-rostralanteriorcingulate,lh,,0.7311774502852528,0.1588452068416942,109.0,0.0,0,0.2020922832616363,37.01469646596814,183.1573965545607,198,baseline,0.1965869963467813,0.2077544868753331,0.1588452068416942,0.14668100051252725,0.15501348798312573,1.54202950949423e-06,sampled,cortical area,r,partial correlation,cross-sectional,False,-0.03365527543902361
rh-rostralanteriorcingulate,rh,,0.8203881913645662,0.11270858851457495,109.0,0.0,0,0.1727681829842004,22.26143368432118,128.8514661658332,198,baseline,0.1680617270931814,0.1776087865650828,0.11270858851457495,0.13165154284184577,0.13913025397267806,3.7556258540866366e-11,sampled,cortical area,r,partial correlation,cross-sectional,False,-0.014661296614158955
lh-rostralmiddlefrontal,lh,,0.43000375841274757,0.10842158562679516,109.0,0.0,0,0.1596031156135336,122.54322707494894,767.799717467156,198,baseline,0.1552552952525763,0.1640748615080279,0.10842158562679516,0.08888211121655175,0.09393122511326947,3.8778188350015336e-07,sampled,cortical area,r,partial correlation,cross-sectional,False,-0.07818539333398113
rh-rostralmiddlefrontal,rh,,0.09473029278540798,0.05623357291544814,109.0,0.07692307692307693,2,0.1770472915496215,151.18128229562717,853.9033891589085,198,baseline,0.1722242665347733,0.1820077868136076,0.05623357291544814,0.030526230741652973,0.032260330143011356,0.22929411633442806,sampled,cortical area,r,partial correlation,cross-sectional,False,-0.1669072853231414
lh-superiorfrontal,lh,,0.4779453764454581,0.11466592144086095,109.0,0.0,0,0.1114963846088467,101.508338674775,910.4182080063676,198,baseline,0.1084590613754502,0.114620280393769,0.11466592144086095,0.06597992112380688,0.06972803345024445,1.1109805888952538e-07,sampled,cortical area,r,partial correlation,cross-sectional,False,0.07052173819325161
rh-superiorfrontal,rh,,0.4336534408164263,0.09958902172663883,109.0,0.0,0,0.141654624851114,134.86331277005297,952.0572513026028,198,baseline,0.1377957474113855,0.1456234915281777,0.09958902172663883,0.07944606192392555,0.08395914346315983,2.342660473857748e-08,sampled,cortical area,r,partial correlation,cross-sectional,False,-0.07733334134360002
lh-superiorparietal,lh,,0.24999698135860482,0.10970529481086444,109.0,0.0,0,0.1199768354989493,84.21899400401878,701.9604547309161,198,baseline,0.1167084924830858,0.1233383358024644,0.10970529481086444,0.045243117342456375,0.04781323690170111,0.007840696412671913,sampled,cortical area,r,partial correlation,cross-sectional,False,0.11574618779622842
rh-superiorparietal,rh,,0.3767856275247134,0.13494926985223657,109.0,0.0,0,0.1665201115094589,102.07437033103402,612.9852388744997,198,baseline,0.1619838621477434,0.1711856571796089,0.13494926985223657,0.08477946558000099,0.08959552104895088,0.0004347791165643941,sampled,cortical area,r,partial correlation,cross-sectional,False,0.08827983732321926
lh-superiortemporal,lh,,0.5476908709740517,0.056454413422993996,109.0,0.0,0,0.1138527849722163,53.225762948893845,467.49636350030966,198,baseline,0.11075126997515,0.1170427021728871,0.056454413422993996,0.07295842933471255,0.07710296881959368,1.4295670454156637e-34,sampled,cortical area,r,partial correlation,cross-sectional,False,-0.05896863923851714
rh-superiortemporal,rh,,0.9072271704584096,0.057281534723881096,109.0,0.0,0,0.1091983715557246,42.90577966330327,392.9159295329616,198,baseline,0.1062236495309805,0.1122578818153625,0.057281534723881096,0.0840249725617721,0.08879816764935645,3.776883737708804e-28,sampled,cortical area,r,partial correlation,cross-sectional,False,-0.00558592605321764
lh-supramarginal,lh,,0.608268417178604,0.09861552488840265,109.0,0.0,0,0.0949808615046219,65.36188829384018,688.1585117087989,198,baseline,0.0923934450750391,0.0976420268324798,0.09861552488840265,0.06389461251805004,0.06752426500463729,7.575249547322388e-14,sampled,cortical area,r,partial correlation,cross-sectional,False,-0.05063140497640163
rh-supramarginal,rh,,0.4540876853288944,0.10959756419889577,109.0,0.0,0,0.1410647642857712,77.06652077723909,546.3201329363617,198,baseline,0.1372219555033887,0.145017104301991,0.10959756419889577,0.0812364077563268,0.08585119322561609,1.172049766978484e-07,sampled,cortical area,r,partial correlation,cross-sectional,False,0.07405471250031928
lh-temporalpole,lh,,0.6989333435065853,0.20975310764899938,109.0,0.0,0,0.3966183294570134,26.70812584240957,67.3396155920834,198,baseline,0.3858138708992142,0.4077307465273994,0.20975310764899938,0.2876383779304765,0.30397821179985546,0.000453875832085526,sampled,cortical area,r,partial correlation,cross-sectional,False,0.03388022399007363
rh-temporalpole,rh,,0.5919564041784985,0.2021020069777404,109.0,0.0,0,0.3554778762416623,23.62934020927624,66.4720416896281,198,baseline,0.3457941433004096,0.3654376237538371,0.2021020069777404,0.23665845534581162,0.25010227974767585,0.0006216114758242422,sampled,cortical area,r,partial correlation,cross-sectional,False,-0.05252933543992504
lh-transversetemporal,lh,,0.6696525019205655,0.11402115047485903,109.0,0.0,0,0.183877294581802,13.495776196128,73.3955555895135,198,baseline,0.1788682103779802,0.1890291522631265,0.11402115047485903,0.12892463493687467,0.1362484389844974,1.6193562038529584e-11,sampled,cortical area,r,partial correlation,cross-sectional,False,-0.04223873224781154
rh-transversetemporal,rh,,0.3457937238882837,0.1345070775728228,109.0,0.0,0,0.2317023016633212,10.308611678954383,44.49076079500272,198,baseline,0.225390394900224,0.2381941161384015,0.1345070775728228,0.11060039471073034,0.11688325615802257,0.0013466548628316272,sampled,cortical area,r,partial correlation,cross-sectional,False,0.09486556048444918
3rd-Ventricle,,,0.04475192755750106,0.004802505959750781,109.0,0.8461538461538461,22,0.042698586051353,27.810826380155696,651.3289771869246,198,baseline,0.041535414636406,0.0438949112367473,0.004370024761444878,0.004250978948569248,0.004492463726440712,0.8828646956138655,simulated,subcortical volume,r,partial correlation,cross-sectional,,-0.19462622152183714
4th-Ventricle,,,0.2397479529295447,0.02490705627939074,109.0,0.0,0,0.0689969367538333,43.07544017365169,624.309457785581,198,baseline,0.0671173601220813,0.0709300867896304,0.02705036118156363,0.02631347010857707,0.027808255794668453,3.243716432405862e-24,simulated,subcortical volume,r,partial correlation,cross-sectional,,-0.11483649591639064
5th-Ventricle,,,0.37644263107205145,0.23923346139099064,109.0,0.038461538461538464,1,0.8326280869813893,0.3187449894482552,0.3828179645054175,198,baseline,0.8099460902310979,0.8559565866493747,0.5235489382699539,0.509286705825322,0.5382176858459382,0.6235573689250039,simulated,subcortical volume,r,partial correlation,cross-sectional,,-0.0659722852254955
Brain-Stem,,,0.5842079737897324,0.051367789099011914,109.0,0.0,0,0.0823789739494527,213.08390010964297,2586.6296931592037,198,baseline,0.0801348512149099,0.0846870607128911,0.05602952163537859,0.054503196199659244,0.057599351788006535,2.409147086282116e-38,simulated,subcortical volume,r,partial correlation,cross-sectional,,0.05363272410523888
BrainSegVol,,,0.4069309711253889,0.020221052171617272,109.0,0.0,0,0.0243321794042749,2747.264181017734,112906.62194176747,198,baseline,0.0236693355454085,0.0250139162421612,0.013596176678458865,0.013225797105563077,0.01397711314707982,0.0,simulated,subcortical volume,r,partial correlation,cross-sectional,,-0.08104087802590598
BrainSegVol-to-eTIV,,,0.17485627980350302,0.019022782453407966,109.0,0.0,0,0.052234224730883,0.0017622622575734,0.0337376933735075,198,baseline,0.0508112886876189,0.0536977185924817,0.016218289864450404,0.015776480125201282,0.01667269246704552,2.0166589999712137e-26,simulated,subcortical volume,r,partial correlation,cross-sectional,,-0.1323651601556254
BrainSegVolNotVent,,,0.46851823912145524,0.022456726652315937,109.0,0.0,0,0.0254340503680745,2748.4335500323227,108061.18216555168,198,baseline,0.0247411899459779,0.0261466593285988,0.015432354358241014,0.01501195464211807,0.01586473668974228,0.0,simulated,subcortical volume,r,partial correlation,cross-sectional,,-0.07086700487821232
CC_Anterior,,,0.6126314497786374,0.11697904753284806,109.0,0.0,0,0.2098065334018322,33.43131650346159,159.3435436037267,198,baseline,0.204091099124251,0.2156848741896744,0.1453869494751176,0.14142639809919083,0.149460388091458,5.519554516998993e-07,simulated,subcortical volume,r,partial correlation,cross-sectional,,0.050251967768764644
CC_Central,,,0.6850517939148328,0.15688941032594916,109.0,0.0,0,0.2595298037301629,31.20898633610884,120.25203228126084,198,baseline,0.252459835449183,0.266801286682535,0.18866371639958332,0.1835242431231204,0.1939496796215842,7.986446857323316e-05,simulated,subcortical volume,r,partial correlation,cross-sectional,,0.04029525232850762
CC_Mid_Anterior,,,0.46644446121740596,0.13409236028956348,109.0,0.0,0,0.2521795268437279,31.08619810817194,123.27011037432712,198,baseline,0.2453097907661275,0.2592450703921983,0.15077561656267532,0.1466682700794498,0.1550000343740832,9.77022026519214e-05,simulated,subcortical volume,r,partial correlation,cross-sectional,,0.07279110908900015
CC_Mid_Posterior,,,0.6260447090716886,0.16967035578241635,109.0,0.0,0,0.2734385093897913,29.514418674819087,107.93804698790896,198,baseline,0.2659896477931702,0.2810996852199753,0.19075754470678094,0.18556103251029835,0.19610217262401972,0.00016455645583986434,simulated,subcortical volume,r,partial correlation,cross-sectional,,0.04897859321698736
CC_Posterior,,,0.13763056032003906,0.052780977005125,109.0,0.0,0,0.283278922690593,48.563619311069885,171.433931087463,198,baseline,0.27556199396292,0.2912158063452065,0.07068597580399301,0.06876038729869774,0.07266644918563563,0.07736596980579681,simulated,subcortical volume,r,partial correlation,cross-sectional,,0.1468475581475521
CSF,,,0.9091534860722631,0.09080263572611434,109.0,0.0,0,0.141066659858929,43.32776606517941,307.1439141502924,198,baseline,0.1372237994383843,0.1450190529851489,0.11165055316927149,0.10860903016067977,0.11477876843520446,5.734964149026915e-08,simulated,subcortical volume,r,partial correlation,cross-sectional,,-0.004513368585234264
CerebralWhiteMatterVol,,,0.9163937972285766,0.03755210154457629,109.0,0.0,0,0.0341236698651202,1857.034531227392,54420.71554928421,198,baseline,0.0331940916043211,0.0350797438116585,0.026888632929420724,0.026156147568596588,0.02764199625474489,7.076233196188879e-115,simulated,subcortical volume,r,partial correlation,cross-sectional,,0.01019470356235248
CortexVol,,,0.11097574650744638,0.008137746356330938,109.0,0.0,0,0.0274752674432413,1230.0984046718395,44771.11668568783,198,baseline,0.0267268013073939,0.0282450670421849,0.0059927326196835586,0.00582948189114062,0.006160636469090617,2.528649112554363e-37,simulated,subcortical volume,r,partial correlation,cross-sectional,,-0.1550647019532911
EstimatedTotalIntraCranialVol,,,0.9640951007919395,0.0006305328650948022,109.0,0.0,0,0.0006775018545617,114.82821427547876,169487.675203119,198,baseline,0.0006590457213808,0.0006964840412503,0.000536252753506764,0.0005216444507092049,0.0005512774354479322,0.0,simulated,subcortical volume,r,partial correlation,cross-sectional,,-0.004403496911471575
Left-Accumbens-area,,,0.3308269554857976,0.1180724591058417,109.0,0.0,0,0.2830703851954289,25.323827070222176,89.46123789226084,198,baseline,0.2753591373315913,0.2910014260650551,0.1356260088615607,0.13193135966541647,0.1394259663121527,0.002529088607864555,simulated,subcortical volume,r,partial correlation,cross-sectional,,0.09719033659593236
Left-Amygdala,,,0.16160257179314286,0.058082678553717064,109.0,0.0,0,0.2324591275684218,52.01604232997413,223.7642499740681,198,baseline,0.2261266037699538,0.2389721467243817,0.06574101981133852,0.06395013907954912,0.06758294585589686,0.016437025063969206,simulated,subcortical volume,r,partial correlation,cross-sectional,,-0.13874534243171632
Left-Caudate,,,0.04294507321953862,0.009278369883623124,109.0,0.7307692307692307,19,0.0920334246195093,40.08039109817606,435.4982036567588,198,baseline,0.0895263006457002,0.0946120089229329,0.008978887279369034,0.008734289366716073,0.009230456944374011,0.7918916409366601,simulated,subcortical volume,r,partial correlation,cross-sectional,,-0.19684543858352205
Left-Cerebellum-Cortex,,,0.9209038807433418,0.039183829972494345,109.0,0.0,0,0.0573382887069712,335.79304284924046,5856.349228790543,198,baseline,0.0557763105579589,0.0589447877789792,0.04522656568464795,0.043994528437856166,0.046493719578511235,8.638806530484574e-40,simulated,subcortical volume,r,partial correlation,cross-sectional,,0.009219349779394648
Left-Cerebellum-White-Matter,,,0.8337257226476856,0.10860115246720677,109.0,0.0,0,0.1897064967267342,395.9818921535679,2087.339648277656,198,baseline,0.1845386166016897,0.1950216764751724,0.1476147202188791,0.14359348113668774,0.15175057631772926,1.1999305610222873e-06,simulated,subcortical volume,r,partial correlation,cross-sectional,,0.018475090007565025
Left-Hippocampus,,,0.12350543821017762,0.06867497682367613,109.0,0.07692307692307693,2,0.160584483739935,70.34512782932454,438.0568171408625,198,baseline,0.1562099294878181,0.1650837255192895,0.034955943260130067,0.0340036926649044,0.035935335768608204,0.004797695539221999,simulated,subcortical volume,r,partial correlation,cross-sectional,,-0.15518298793822424
Left-Inf-Lat-Vent,,,0.8092609978033809,0.07845693564957275,109.0,0.0,0,0.0948660396808894,33.26882125819711,350.6926332131795,198,baseline,0.0922817511643251,0.0975239879411049,0.07295380681436872,0.07096643930304208,0.07499782008350712,8.075207273801278e-26,simulated,subcortical volume,r,partial correlation,cross-sectional,,-0.02373277196394683
Left-Lateral-Ventricle,,,0.30359275881047876,0.006573917186768435,109.0,0.0,0,0.0103724130284974,83.87571746265817,8086.4228248736445,198,baseline,0.0100898534532397,0.0106630263739692,0.004804294379348281,0.004673418432207342,0.004938900671864578,0.0,simulated,subcortical volume,r,partial correlation,cross-sectional,,-0.10039080735243976
Left-Pallidum,,,0.2343369903755274,0.07112255706187877,109.0,0.0,0,0.2206523984858535,55.911586860856886,253.3921554650197,198,baseline,0.2146415071123176,0.2268346177567397,0.08296921417353327,0.08070901243918994,0.08529383823506047,0.001244637294706493,simulated,subcortical volume,r,partial correlation,cross-sectional,,-0.11817189531309741
Left-Putamen,,,0.0120576230009923,0.0041675067996764115,109.0,1.0,26,0.1449720843561877,82.85201358453308,571.5032238963374,198,baseline,0.1410228345078295,0.1490338993185336,0.0044869788601566785,0.004364747047999499,0.0046126946346856275,0.999999867837013,simulated,subcortical volume,r,partial correlation,cross-sectional,,-0.24361208846765722
Left-Thalamus,,,0.84063983517243,0.08698736799929156,109.0,0.0,0,0.1609975503433589,143.6251333814874,892.0951472564552,198,baseline,0.1566117435578444,0.1655083653860605,0.12541819150460082,0.12200161805888862,0.12893214723660318,9.513406218195298e-09,simulated,subcortical volume,r,partial correlation,cross-sectional,,-0.01788526765751662
Left-VentralDC,,,0.7054202802241397,0.09061594454086669,109.0,0.0,0,0.1517509755676571,66.21750474969465,436.356369387372,198,baseline,0.1476170588904551,0.1560027209008957,0.11171163576266395,0.1086684487756327,0.11484156243526444,3.073823808425675e-12,simulated,subcortical volume,r,partial correlation,cross-sectional,,-0.03723713575024222
Left-choroid-plexus,,,0.8461381343976997,0.11197766011695898,109.0,0.0,0,0.1881249607739505,43.700346250266286,232.29424777276785,198,baseline,0.1830001639821521,0.1933958291887616,0.14865449243302684,0.14460492844761505,0.15281948077727164,2.3470225767625464e-06,simulated,subcortical volume,r,partial correlation,cross-sectional,,0.0071409316854958845
Left-vessel,,,0.15369332369281377,0.057245372271269426,109.0,0.038461538461538464,1,0.2124284593808171,7.835024888034179,36.88312249155117,198,baseline,0.2066416000366729,0.2183802610574843,0.057485448865837264,0.05591946186065337,0.05909607105808461,0.011567977316017369,simulated,subcortical volume,r,partial correlation,cross-sectional,,-0.14165329918978517
MaskVol,,,0.6324655835879635,0.015349215776612675,109.0,0.0,0,0.0157485488438405,2388.8593065283158,151687.58278719976,198,baseline,0.0153195355313148,0.0161897902843097,0.011110742982101999,0.010808070228019164,0.011422042790529947,0.0,simulated,subcortical volume,r,partial correlation,cross-sectional,,-0.0467691659955607
MaskVol-to-eTIV,,,0.43812565181933494,0.01974340912820265,109.0,0.0,0,0.0352825291722001,0.0015248774972922,0.0432190529723624,198,baseline,0.0343213819030427,0.0362710719357086,0.020601991995280358,0.020040763851775598,0.02117921677418995,2.5677888440122245e-167,simulated,subcortical volume,r,partial correlation,cross-sectional,,-0.07577822665603508
Optic-Chiasm,,,0.577366544282824,0.27132514897905347,109.0,0.0,0,0.4153342142447734,14.393034383768375,34.654102383402424,198,baseline,0.4040199078394511,0.4269710113101224,0.28791444108133346,0.2800712341092454,0.2959812022778294,0.028210835971056312,simulated,subcortical volume,r,partial correlation,cross-sectional,,0.05018322332593584
Right-Accumbens-area,,,0.7995110508640384,0.12844682853739642,109.0,0.0,0,0.2333571902736778,21.98030570066392,94.19167960878232,198,baseline,0.22700020194455,0.2398953712706193,0.18247419604097848,0.17750333427649176,0.18758674183220997,6.741392929330947e-05,simulated,subcortical volume,r,partial correlation,cross-sectional,,0.01577011195659869
Right-Amygdala,,,0.04061515657739929,0.025416699972379792,109.0,0.6923076923076923,18,0.200753778503017,45.85842167264524,228.4311758144869,198,baseline,0.1952849543991816,0.2063784800094641,0.016370200788748058,0.015924252775586328,0.01682885961810568,0.7455936645370426,simulated,subcortical volume,r,partial correlation,cross-sectional,,-0.20492754908532335
Right-Caudate,,,0.09881957177760269,0.019128945187463088,109.0,0.0,0,0.1434684675759418,63.97455352951436,445.9136882859004,198,baseline,0.1395601784295543,0.147488154337105,0.028231173756082226,0.027462115635890953,0.029022152270851354,0.022776642571364566,simulated,subcortical volume,r,partial correlation,cross-sectional,,-0.16105577649508854
Right-Cerebellum-Cortex,,,0.8214241714914596,0.05991419034606738,109.0,0.0,0,0.0632313654990188,384.8691564613361,6086.681086577329,198,baseline,0.0615088513907512,0.0650029762723208,0.04881479511264964,0.047485009291797234,0.050182483699407136,6.0666123398664354e-55,simulated,subcortical volume,r,partial correlation,cross-sectional,,0.022140924334302228
Right-Cerebellum-White-Matter,,,0.7242549951089331,0.14251910843724291,109.0,0.0,0,0.221226277867761,446.759085702671,2019.4666294106485,198,baseline,0.2151997531874955,0.2274245760401154,0.1657376808374323,0.16122274602207637,0.17038130443462077,4.483760091271535e-06,simulated,subcortical volume,r,partial correlation,cross-sectional,,0.032497087829939264
Right-Hippocampus,,,0.031167442670688793,0.01465307969345413,109.0,0.9615384615384616,25,0.1252826203758287,55.87681508274933,446.006117329981,198,baseline,0.1218697400842993,0.1287927776880059,0.008837626863203073,0.008596877089173475,0.009085238706434849,0.971613153570414,simulated,subcortical volume,r,partial correlation,cross-sectional,,-0.21121444879437992
Right-Inf-Lat-Vent,,,0.8539315419518372,0.08643626803780882,109.0,0.0,0,0.0956035298708829,30.151697402548603,315.38267931393216,198,baseline,0.0929991510518721,0.0982821410656323,0.07454963384154371,0.07251879368737636,0.07663835885036,3.500666374483765e-22,simulated,subcortical volume,r,partial correlation,cross-sectional,,0.017354921565920976
Right-Lateral-Ventricle,,,0.5125134259904243,0.009384877070543246,109.0,0.0,0,0.0116987617184588,88.17159316282225,7536.831271954305,198,baseline,0.0113800704811231,0.0120265365835301,0.007456741402329481,0.007253608951118756,0.0076656637195661554,0.0,simulated,subcortical volume,r,partial correlation,cross-sectional,,-0.06400759113423865
Right-Pallidum,,,0.7252170399952637,0.15638139278557317,109.0,0.0,0,0.2169901555772219,52.62570708312095,242.52578161036732,198,baseline,0.2110790290123096,0.2230697664520979,0.16287924836614545,0.15844218139723665,0.16744278465664797,2.921871554639792e-06,simulated,subcortical volume,r,partial correlation,cross-sectional,,0.03193044889456658
Right-Putamen,,,0.0037223322995708816,0.001802144073177273,109.0,1.0,26,0.1687009195816769,92.81020202751692,550.1463907704584,198,baseline,0.1641052618449852,0.1734275669383831,0.0017054216970285453,0.0016589635364227485,0.001753204050416528,1.0,simulated,subcortical volume,r,partial correlation,cross-sectional,,-0.28106593044210226
Right-Thalamus,,,0.7503348789128876,0.12409829193079697,109.0,0.0,0,0.1501798666558923,128.73277899781544,857.1906598690841,198,baseline,0.1460887492642155,0.1543875927994116,0.1131214251658109,0.11003983347065036,0.11629085119248976,5.601763120631864e-12,simulated,subcortical volume,r,partial correlation,cross-sectional,,-0.030888961981972853
Right-VentralDC,,,0.2552098673496236,0.07065746477405441,109.0,0.0,0,0.1485238024848013,66.63265858170368,448.6328619853528,198,baseline,0.1444777986831346,0.1526851291697034,0.05988649237235767,0.05825509745953326,0.061564386787966774,5.719193287060366e-07,simulated,subcortical volume,r,partial correlation,cross-sectional,,-0.1125375080759313
Right-choroid-plexus,,,0.734080510509118,0.1401496877341502,109.0,0.0,0,0.1987759464784223,45.6106530141377,229.45760703038007,198,baseline,0.1933610013876252,0.2043452332631581,0.14909118920246725,0.14502972896366192,0.15326841287794843,2.6349349568957017e-07,simulated,subcortical volume,r,partial correlation,cross-sectional,,0.032159050356757084
Right-vessel,,,0.6112496937292229,0.1982269484678683,109.0,0.0,0,0.2412284337032781,9.78247996262268,40.55276491433664,198,baseline,0.2346570212865144,0.247987150498381,0.16615207123823855,0.16162584782732423,0.1708073051888114,1.4750923425349632e-05,simulated,subcortical volume,r,partial correlation,cross-sectional,,0.05137303667462058
SubCortGrayVol,,,0.1005036453459409,0.015731469393403894,109.0,0.0,0,0.0656428721492246,349.7809343958331,5328.544028370408,198,baseline,0.0638546651021066,0.0674820483013173,0.013138101621235763,0.012780200677300242,0.013506203783655123,1.6873343871298656e-06,simulated,subcortical volume,r,partial correlation,cross-sectional,,-0.1600841038225509
SupraTentorialVol,,,0.35298524452480373,0.020549700954249454,109.0,0.0,0,0.0258710626740845,2662.8859605577395,102929.12951060162,198,baseline,0.0251662974029205,0.0265959158065207,0.013225673902018372,0.012865387362137671,0.013596229656810031,1.4435152899528228e-252,simulated,subcortical volume,r,partial correlation,cross-sectional,,-0.09073907958059756
SupraTentorialVolNotVent,,,0.41289780696344575,0.023242849095159713,109.0,0.0,0,0.0271662234205039,2661.2648954716,97962.26933269584,198,baseline,0.0264261760920797,0.027927364251512,0.015311929852863075,0.014894810674932828,0.01574093814128603,8.565813474714759e-267,simulated,subcortical volume,r,partial correlation,cross-sectional,,-0.08003199318193885
SurfaceHoles,,,0.09129248597323815,0.07513138908833468,109.0,0.34615384615384615,9,0.3396417826253236,7.470379737775947,21.994878486481475,198,baseline,0.3303894478431761,0.3491578358753815,0.05274645535729765,0.051309565408820125,0.05422430085101761,0.23427775752172153,simulated,subcortical volume,r,partial correlation,cross-sectional,,0.17401027263842292
TotalGrayVol,,,0.1507673257588086,0.008621937172416445,109.0,0.0,0,0.023753862810053,1360.445466760949,57272.59930899257,198,baseline,0.0231067731340155,0.0244193964250511,0.0065996809481522825,0.006419896066811494,0.006784590221830457,3.7530522473053003e-93,simulated,subcortical volume,r,partial correlation,cross-sectional,,-0.13992265852754676
WM-hypointensities,,,0.03656777232378473,0.01417553400683739,109.0,0.8846153846153846,23,0.0967288702051201,178.07119606970963,1840.9312100110085,198,baseline,0.094093835483188,0.0994390110852406,0.007985588412750056,0.007768049401924918,0.00820932791847691,0.9434656237509927,simulated,subcortical volume,r,partial correlation,cross-sectional,,0.2043824024020298
lhCerebralWhiteMatterVol,,,0.8659792835879337,0.04273025543681213,109.0,0.0,0,0.0434565593577755,1183.8891620972438,27243.04868110581,198,baseline,0.0422727396505814,0.0446741213718375,0.0339367219568434,0.03301223642821883,0.034887558013519,3.819182196638201e-98,simulated,subcortical volume,r,partial correlation,cross-sectional,,0.016530811247579803
lhCortexVol,,,0.14174317056430843,0.015310106758445836,109.0,0.0,0,0.0395230092601421,886.1378737108154,22420.809809248523,198,baseline,0.0384463451629095,0.0406303614175089,0.010441472135667738,0.010157031290165994,0.010734020373060616,2.226033558861623e-31,simulated,subcortical volume,r,partial correlation,cross-sectional,,-0.14321223555080229
lhSurfaceHoles,,,0.07902253932181935,0.06086437868989463,109.0,0.34615384615384615,9,0.4582881784885029,5.552543394764074,12.11583378187306,198,baseline,0.4458037437958674,0.4711284559027209,0.061330533093679133,0.05965980041713953,0.06304888651375208,0.3942719633336444,simulated,subcortical volume,r,partial correlation,cross-sectional,,0.18165560105650472
non-WM-hypointensities,,,0.47462525979919645,0.34513350007196414,109.0,0.04,1,0.8894595964481599,0.6506782069365232,0.7315432983519972,198,baseline,0.8652294269504023,0.9143803962924858,0.5748354955931171,0.5591761429399238,0.5909411853695777,0.5253747401978588,simulated,subcortical volume,r,partial correlation,cross-sectional,,0.06194338089191633
rhCerebralWhiteMatterVol,,,0.94848900674604,0.03298020731167661,109.0,0.0,0,0.0459186558961444,1251.5387653109856,27255.56183834357,198,baseline,0.0446677651081696,0.0472052007119831,0.03635434247705112,0.035363997458889504,0.03737291521038328,8.674770297287181e-44,simulated,subcortical volume,r,partial correlation,cross-sectional,,0.0038334475806170933
rhCortexVol,,,0.08802158915444139,0.008919592331139255,109.0,0.0,0,0.0354085892211059,794.5756665533686,22440.19555796779,198,baseline,0.0344440078933763,0.03640066392385,0.006392482671549057,0.0062183421717876075,0.0065715866823463495,1.3623157898214493e-12,simulated,subcortical volume,r,partial correlation,cross-sectional,,-0.16589412854386776
rhSurfaceHoles,,,0.16202176861292727,0.11256249254988711,109.0,0.07692307692307693,2,0.3832180769997184,4.463029518010438,11.646187343123996,198,baseline,0.372778660754858,0.393955046988882,0.09933886478083198,0.09663273002106758,0.10212213225678186,0.10246598376630843,simulated,subcortical volume,r,partial correlation,cross-sectional,,0.14443082592615084
3rd-Ventricle,,,0.04475192755750106,0.004802505959750781,109.0,0.8461538461538461,22,0.042698586051353,27.810826380155696,651.3289771869246,198,baseline,0.041535414636406,0.0438949112367473,0.004802505959750781,0.004250978948569248,0.004492463726440712,0.8617161746310054,sampled,subcortical volume,r,partial correlation,cross-sectional,,-0.19462622152183714
4th-Ventricle,,,0.2397479529295447,0.02490705627939074,109.0,0.0,0,0.0689969367538333,43.07544017365169,624.309457785581,198,baseline,0.0671173601220813,0.0709300867896304,0.02490705627939074,0.02631347010857707,0.027808255794668453,2.929430427644683e-28,sampled,subcortical volume,r,partial correlation,cross-sectional,,-0.11483649591639064
5th-Ventricle,,,0.37644263107205145,0.23923346139099064,109.0,0.038461538461538464,1,0.8326280869813893,0.3187449894482552,0.3828179645054175,198,baseline,0.8099460902310979,0.8559565866493747,0.23923346139099064,0.509286705825322,0.5382176858459382,0.061584999934618946,sampled,subcortical volume,r,partial correlation,cross-sectional,,-0.0659722852254955
Brain-Stem,,,0.5842079737897324,0.051367789099011914,109.0,0.0,0,0.0823789739494527,213.08390010964297,2586.6296931592037,198,baseline,0.0801348512149099,0.0846870607128911,0.051367789099011914,0.054503196199659244,0.057599351788006535,2.386842478995801e-45,sampled,subcortical volume,r,partial correlation,cross-sectional,,0.05363272410523888
BrainSegVol,,,0.4069309711253889,0.020221052171617272,109.0,0.0,0,0.0243321794042749,2747.264181017734,112906.62194176747,198,baseline,0.0236693355454085,0.0250139162421612,0.020221052171617272,0.013225797105563077,0.01397711314707982,3.400458705336549e-149,sampled,subcortical volume,r,partial correlation,cross-sectional,,-0.08104087802590598
BrainSegVol-to-eTIV,,,0.17485627980350302,0.019022782453407966,109.0,0.0,0,0.052234224730883,0.0017622622575734,0.0337376933735075,198,baseline,0.0508112886876189,0.0536977185924817,0.019022782453407966,0.015776480125201282,0.01667269246704552,1.1257251879736587e-19,sampled,subcortical volume,r,partial correlation,cross-sectional,,-0.1323651601556254
BrainSegVolNotVent,,,0.46851823912145524,0.022456726652315937,109.0,0.0,0,0.0254340503680745,2748.4335500323227,108061.18216555168,198,baseline,0.0247411899459779,0.0261466593285988,0.022456726652315937,0.01501195464211807,0.01586473668974228,1.0974606709835452e-160,sampled,subcortical volume,r,partial correlation,cross-sectional,,-0.07086700487821232
CC_Anterior,,,0.6126314497786374,0.11697904753284806,109.0,0.0,0,0.2098065334018322,33.43131650346159,159.3435436037267,198,baseline,0.204091099124251,0.2156848741896744,0.11697904753284806,0.14142639809919083,0.149460388091458,3.106072186241991e-10,sampled,subcortical volume,r,partial correlation,cross-sectional,,0.050251967768764644
CC_Central,,,0.6850517939148328,0.15688941032594916,109.0,0.0,0,0.2595298037301629,31.20898633610884,120.25203228126084,198,baseline,0.252459835449183,0.266801286682535,0.15688941032594916,0.1835242431231204,0.1939496796215842,1.3278827917568826e-06,sampled,subcortical volume,r,partial correlation,cross-sectional,,0.04029525232850762
CC_Mid_Anterior,,,0.46644446121740596,0.13409236028956348,109.0,0.0,0,0.2521795268437279,31.08619810817194,123.27011037432712,198,baseline,0.2453097907661275,0.2592450703921983,0.13409236028956348,0.1466682700794498,0.1550000343740832,1.0387910698550362e-05,sampled,subcortical volume,r,partial correlation,cross-sectional,,0.07279110908900015
CC_Mid_Posterior,,,0.6260447090716886,0.16967035578241635,109.0,0.0,0,0.2734385093897913,29.514418674819087,107.93804698790896,198,baseline,0.2659896477931702,0.2810996852199753,0.16967035578241635,0.18556103251029835,0.19610217262401972,1.794559068335008e-05,sampled,subcortical volume,r,partial correlation,cross-sectional,,0.04897859321698736
CC_Posterior,,,0.13763056032003906,0.052780977005125,109.0,0.0,0,0.283278922690593,48.563619311069885,171.433931087463,198,baseline,0.27556199396292,0.2912158063452065,0.052780977005125,0.06876038729869774,0.07266644918563563,0.02119686001952914,sampled,subcortical volume,r,partial correlation,cross-sectional,,0.1468475581475521
CSF,,,0.9091534860722631,0.09080263572611434,109.0,0.0,0,0.141066659858929,43.32776606517941,307.1439141502924,198,baseline,0.1372237994383843,0.1450190529851489,0.09080263572611434,0.10860903016067977,0.11477876843520446,1.2894054544435399e-11,sampled,subcortical volume,r,partial correlation,cross-sectional,,-0.004513368585234264
CerebralWhiteMatterVol,,,0.9163937972285766,0.03755210154457629,109.0,0.0,0,0.0341236698651202,1857.034531227392,54420.71554928421,198,baseline,0.0331940916043211,0.0350797438116585,0.03755210154457629,0.026156147568596588,0.02764199625474489,1.613363679563953e-59,sampled,subcortical volume,r,partial correlation,cross-sectional,,0.01019470356235248
CortexVol,,,0.11097574650744638,0.008137746356330938,109.0,0.0,0,0.0274752674432413,1230.0984046718395,44771.11668568783,198,baseline,0.0267268013073939,0.0282450670421849,0.008137746356330938,0.00582948189114062,0.006160636469090617,4.422255593738312e-21,sampled,subcortical volume,r,partial correlation,cross-sectional,,-0.1550647019532911
EstimatedTotalIntraCranialVol,,,0.9640951007919395,0.0006305328650948022,109.0,0.0,0,0.0006775018545617,114.82821427547876,169487.675203119,198,baseline,0.0006590457213808,0.0006964840412503,0.0006305328650948022,0.0005216444507092049,0.0005512774354479322,0.0,sampled,subcortical volume,r,partial correlation,cross-sectional,,-0.004403496911471575
Left-Accumbens-area,,,0.3308269554857976,0.1180724591058417,109.0,0.0,0,0.2830703851954289,25.323827070222176,89.46123789226084,198,baseline,0.2753591373315913,0.2910014260650551,0.1180724591058417,0.13193135966541647,0.1394259663121527,0.0004923596692732019,sampled,subcortical volume,r,partial correlation,cross-sectional,,0.09719033659593236
Left-Amygdala,,,0.16160257179314286,0.058082678553717064,109.0,0.0,0,0.2324591275684218,52.01604232997413,223.7642499740681,198,baseline,0.2261266037699538,0.2389721467243817,0.058082678553717064,0.06395013907954912,0.06758294585589686,0.006981086456717607,sampled,subcortical volume,r,partial correlation,cross-sectional,,-0.13874534243171632
Left-Caudate,,,0.04294507321953862,0.009278369883623124,109.0,0.7307692307692307,19,0.0920334246195093,40.08039109817606,435.4982036567588,198,baseline,0.0895263006457002,0.0946120089229329,0.009278369883623124,0.008734289366716073,0.009230456944374011,0.785534659947007,sampled,subcortical volume,r,partial correlation,cross-sectional,,-0.19684543858352205
Left-Cerebellum-Cortex,,,0.9209038807433418,0.039183829972494345,109.0,0.0,0,0.0573382887069712,335.79304284924046,5856.349228790543,198,baseline,0.0557763105579589,0.0589447877789792,0.039183829972494345,0.043994528437856166,0.046493719578511235,1.2646828725386074e-52,sampled,subcortical volume,r,partial correlation,cross-sectional,,0.009219349779394648
Left-Cerebellum-White-Matter,,,0.8337257226476856,0.10860115246720677,109.0,0.0,0,0.1897064967267342,395.9818921535679,2087.339648277656,198,baseline,0.1845386166016897,0.1950216764751724,0.10860115246720677,0.14359348113668774,0.15175057631772926,1.3651323657863944e-11,sampled,subcortical volume,r,partial correlation,cross-sectional,,0.018475090007565025
Left-Hippocampus,,,0.12350543821017762,0.06867497682367613,109.0,0.07692307692307693,2,0.160584483739935,70.34512782932454,438.0568171408625,198,baseline,0.1562099294878181,0.1650837255192895,0.06867497682367613,0.0340036926649044,0.035935335768608204,0.12365542829093167,sampled,subcortical volume,r,partial correlation,cross-sectional,,-0.15518298793822424
Left-Inf-Lat-Vent,,,0.8092609978033809,0.07845693564957275,109.0,0.0,0,0.0948660396808894,33.26882125819711,350.6926332131795,198,baseline,0.0922817511643251,0.0975239879411049,0.07845693564957275,0.07096643930304208,0.07499782008350712,1.8109771299049368e-22,sampled,subcortical volume,r,partial correlation,cross-sectional,,-0.02373277196394683
Left-Lateral-Ventricle,,,0.30359275881047876,0.006573917186768435,109.0,0.0,0,0.0103724130284974,83.87571746265817,8086.4228248736445,198,baseline,0.0100898534532397,0.0106630263739692,0.006573917186768435,0.004673418432207342,0.004938900671864578,0.0,sampled,subcortical volume,r,partial correlation,cross-sectional,,-0.10039080735243976
Left-Pallidum,,,0.2343369903755274,0.07112255706187877,109.0,0.0,0,0.2206523984858535,55.911586860856886,253.3921554650197,198,baseline,0.2146415071123176,0.2268346177567397,0.07112255706187877,0.08070901243918994,0.08529383823506047,0.00016899277767517813,sampled,subcortical volume,r,partial correlation,cross-sectional,,-0.11817189531309741
Left-Putamen,,,0.0120576230009923,0.0041675067996764115,109.0,1.0,26,0.1449720843561877,82.85201358453308,571.5032238963374,198,baseline,0.1410228345078295,0.1490338993185336,0.0041675067996764115,0.004364747047999499,0.0046126946346856275,0.9999999837299349,sampled,subcortical volume,r,partial correlation,cross-sectional,,-0.24361208846765722
Left-Thalamus,,,0.84063983517243,0.08698736799929156,109.0,0.0,0,0.1609975503433589,143.6251333814874,892.0951472564552,198,baseline,0.1566117435578444,0.1655083653860605,0.08698736799929156,0.12200161805888862,0.12893214723660318,3.107780252088209e-17,sampled,subcortical volume,r,partial correlation,cross-sectional,,-0.01788526765751662
Left-VentralDC,,,0.7054202802241397,0.09061594454086669,109.0,0.0,0,0.1517509755676571,66.21750474969465,436.356369387372,198,baseline,0.1476170588904551,0.1560027209008957,0.09061594454086669,0.1086684487756327,0.11484156243526444,4.7236878075324254e-18,sampled,subcortical volume,r,partial correlation,cross-sectional,,-0.03723713575024222
Left-choroid-plexus,,,0.8461381343976997,0.11197766011695898,109.0,0.0,0,0.1881249607739505,43.700346250266286,232.29424777276785,198,baseline,0.1830001639821521,0.1933958291887616,0.11197766011695898,0.14460492844761505,0.15281948077727164,1.3521588469722237e-10,sampled,subcortical volume,r,partial correlation,cross-sectional,,0.0071409316854958845
Left-vessel,,,0.15369332369281377,0.057245372271269426,109.0,0.038461538461538464,1,0.2124284593808171,7.835024888034179,36.88312249155117,198,baseline,0.2066416000366729,0.2183802610574843,0.057245372271269426,0.05591946186065337,0.05909607105808461,0.011244071195757623,sampled,subcortical volume,r,partial correlation,cross-sectional,,-0.14165329918978517
MaskVol,,,0.6324655835879635,0.015349215776612675,109.0,0.0,0,0.0157485488438405,2388.8593065283158,151687.58278719976,198,baseline,0.0153195355313148,0.0161897902843097,0.015349215776612675,0.010808070228019164,0.011422042790529947,0.0,sampled,subcortical volume,r,partial correlation,cross-sectional,,-0.0467691659955607
MaskVol-to-eTIV,,,0.43812565181933494,0.01974340912820265,109.0,0.0,0,0.0352825291722001,0.0015248774972922,0.0432190529723624,198,baseline,0.0343213819030427,0.0362710719357086,0.01974340912820265,0.020040763851775598,0.02117921677418995,5.1338364056885433e-182,sampled,subcortical volume,r,partial correlation,cross-sectional,,-0.07577822665603508
Optic-Chiasm,,,0.577366544282824,0.27132514897905347,109.0,0.0,0,0.4153342142447734,14.393034383768375,34.654102383402424,198,baseline,0.4040199078394511,0.4269710113101224,0.27132514897905347,0.2800712341092454,0.2959812022778294,0.01778952249958026,sampled,subcortical volume,r,partial correlation,cross-sectional,,0.05018322332593584
Right-Accumbens-area,,,0.7995110508640384,0.12844682853739642,109.0,0.0,0,0.2333571902736778,21.98030570066392,94.19167960878232,198,baseline,0.22700020194455,0.2398953712706193,0.12844682853739642,0.17750333427649176,0.18758674183220997,4.2185179507848395e-09,sampled,subcortical volume,r,partial correlation,cross-sectional,,0.01577011195659869
Right-Amygdala,,,0.04061515657739929,0.025416699972379792,109.0,0.6923076923076923,18,0.200753778503017,45.85842167264524,228.4311758144869,198,baseline,0.1952849543991816,0.2063784800094641,0.025416699972379792,0.015924252775586328,0.01682885961810568,0.7057040292980561,sampled,subcortical volume,r,partial correlation,cross-sectional,,-0.20492754908532335
Right-Caudate,,,0.09881957177760269,0.019128945187463088,109.0,0.0,0,0.1434684675759418,63.97455352951436,445.9136882859004,198,baseline,0.1395601784295543,0.147488154337105,0.019128945187463088,0.027462115635890953,0.029022152270851354,0.0012093237003467177,sampled,subcortical volume,r,partial correlation,cross-sectional,,-0.16105577649508854
Right-Cerebellum-Cortex,,,0.8214241714914596,0.05991419034606738,109.0,0.0,0,0.0632313654990188,384.8691564613361,6086.681086577329,198,baseline,0.0615088513907512,0.0650029762723208,0.05991419034606738,0.047485009291797234,0.050182483699407136,7.1399039677346915e-37,sampled,subcortical volume,r,partial correlation,cross-sectional,,0.022140924334302228
Right-Cerebellum-White-Matter,,,0.7242549951089331,0.14251910843724291,109.0,0.0,0,0.221226277867761,446.759085702671,2019.4666294106485,198,baseline,0.2151997531874955,0.2274245760401154,0.14251910843724291,0.16122274602207637,0.17038130443462077,6.467312079192007e-08,sampled,subcortical volume,r,partial correlation,cross-sectional,,0.032497087829939264
Right-Hippocampus,,,0.031167442670688793,0.01465307969345413,109.0,0.9615384615384616,25,0.1252826203758287,55.87681508274933,446.006117329981,198,baseline,0.1218697400842993,0.1287927776880059,0.01465307969345413,0.008596877089173475,0.009085238706434849,0.8923247236912686,sampled,subcortical volume,r,partial correlation,cross-sectional,,-0.21121444879437992
Right-Inf-Lat-Vent,,,0.8539315419518372,0.08643626803780882,109.0,0.0,0,0.0956035298708829,30.151697402548603,315.38267931393216,198,baseline,0.0929991510518721,0.0982821410656323,0.08643626803780882,0.07251879368737636,0.07663835885036,9.421534173542585e-17,sampled,subcortical volume,r,partial correlation,cross-sectional,,0.017354921565920976
Right-Lateral-Ventricle,,,0.5125134259904243,0.009384877070543246,109.0,0.0,0,0.0116987617184588,88.17159316282225,7536.831271954305,198,baseline,0.0113800704811231,0.0120265365835301,0.009384877070543246,0.007253608951118756,0.0076656637195661554,0.0,sampled,subcortical volume,r,partial correlation,cross-sectional,,-0.06400759113423865
Right-Pallidum,,,0.7252170399952637,0.15638139278557317,109.0,0.0,0,0.2169901555772219,52.62570708312095,242.52578161036732,198,baseline,0.2110790290123096,0.2230697664520979,0.15638139278557317,0.15844218139723665,0.16744278465664797,1.0123674682885994e-06,sampled,subcortical volume,r,partial correlation,cross-sectional,,0.03193044889456658
Right-Putamen,,,0.0037223322995708816,0.001802144073177273,109.0,1.0,26,0.1687009195816769,92.81020202751692,550.1463907704584,198,baseline,0.1641052618449852,0.1734275669383831,0.001802144073177273,0.0016589635364227485,0.001753204050416528,1.0,sampled,subcortical volume,r,partial correlation,cross-sectional,,-0.28106593044210226
Right-Thalamus,,,0.7503348789128876,0.12409829193079697,109.0,0.0,0,0.1501798666558923,128.73277899781544,857.1906598690841,198,baseline,0.1460887492642155,0.1543875927994116,0.12409829193079697,0.11003983347065036,0.11629085119248976,4.118740259724257e-10,sampled,subcortical volume,r,partial correlation,cross-sectional,,-0.030888961981972853
Right-VentralDC,,,0.2552098673496236,0.07065746477405441,109.0,0.0,0,0.1485238024848013,66.63265858170368,448.6328619853528,198,baseline,0.1444777986831346,0.1526851291697034,0.07065746477405441,0.05825509745953326,0.061564386787966774,2.231532121296466e-05,sampled,subcortical volume,r,partial correlation,cross-sectional,,-0.1125375080759313
Right-choroid-plexus,,,0.734080510509118,0.1401496877341502,109.0,0.0,0,0.1987759464784223,45.6106530141377,229.45760703038007,198,baseline,0.1933610013876252,0.2043452332631581,0.1401496877341502,0.14502972896366192,0.15326841287794843,3.7436066876244506e-08,sampled,subcortical volume,r,partial correlation,cross-sectional,,0.032159050356757084
Right-vessel,,,0.6112496937292229,0.1982269484678683,109.0,0.0,0,0.2412284337032781,9.78247996262268,40.55276491433664,198,baseline,0.2346570212865144,0.247987150498381,0.1982269484678683,0.16162584782732423,0.1708073051888114,0.0003655648110697329,sampled,subcortical volume,r,partial correlation,cross-sectional,,0.05137303667462058
SubCortGrayVol,,,0.1005036453459409,0.015731469393403894,109.0,0.0,0,0.0656428721492246,349.7809343958331,5328.544028370408,198,baseline,0.0638546651021066,0.0674820483013173,0.015731469393403894,0.012780200677300242,0.013506203783655123,5.5886140518864976e-05,sampled,subcortical volume,r,partial correlation,cross-sectional,,-0.1600841038225509
SupraTentorialVol,,,0.35298524452480373,0.020549700954249454,109.0,0.0,0,0.0258710626740845,2662.8859605577395,102929.12951060162,198,baseline,0.0251662974029205,0.0265959158065207,0.020549700954249454,0.012865387362137671,0.013596229656810031,9.060845647486906e-106,sampled,subcortical volume,r,partial correlation,cross-sectional,,-0.09073907958059756
SupraTentorialVolNotVent,,,0.41289780696344575,0.023242849095159713,109.0,0.0,0,0.0271662234205039,2661.2648954716,97962.26933269584,198,baseline,0.0264261760920797,0.027927364251512,0.023242849095159713,0.014894810674932828,0.01574093814128603,7.097127849410523e-117,sampled,subcortical volume,r,partial correlation,cross-sectional,,-0.08003199318193885
SurfaceHoles,,,0.09129248597323815,0.07513138908833468,109.0,0.34615384615384615,9,0.3396417826253236,7.470379737775947,21.994878486481475,198,baseline,0.3303894478431761,0.3491578358753815,0.07513138908833468,0.051309565408820125,0.05422430085101761,0.3619397560663045,sampled,subcortical volume,r,partial correlation,cross-sectional,,0.17401027263842292
TotalGrayVol,,,0.1507673257588086,0.008621937172416445,109.0,0.0,0,0.023753862810053,1360.445466760949,57272.59930899257,198,baseline,0.0231067731340155,0.0244193964250511,0.008621937172416445,0.006419896066811494,0.006784590221830457,2.084070259519639e-55,sampled,subcortical volume,r,partial correlation,cross-sectional,,-0.13992265852754676
WM-hypointensities,,,0.03656777232378473,0.01417553400683739,109.0,0.8846153846153846,23,0.0967288702051201,178.07119606970963,1840.9312100110085,198,baseline,0.094093835483188,0.0994390110852406,0.01417553400683739,0.007768049401924918,0.00820932791847691,0.8348522440003767,sampled,subcortical volume,r,partial correlation,cross-sectional,,0.2043824024020298
lhCerebralWhiteMatterVol,,,0.8659792835879337,0.04273025543681213,109.0,0.0,0,0.0434565593577755,1183.8891620972438,27243.04868110581,198,baseline,0.0422727396505814,0.0446741213718375,0.04273025543681213,0.03301223642821883,0.034887558013519,2.2273745831951325e-62,sampled,subcortical volume,r,partial correlation,cross-sectional,,0.016530811247579803
lhCortexVol,,,0.14174317056430843,0.015310106758445836,109.0,0.0,0,0.0395230092601421,886.1378737108154,22420.809809248523,198,baseline,0.0384463451629095,0.0406303614175089,0.015310106758445836,0.010157031290165994,0.010734020373060616,1.589471266787088e-15,sampled,subcortical volume,r,partial correlation,cross-sectional,,-0.14321223555080229
lhSurfaceHoles,,,0.07902253932181935,0.06086437868989463,109.0,0.34615384615384615,9,0.4582881784885029,5.552543394764074,12.11583378187306,198,baseline,0.4458037437958674,0.4711284559027209,0.06086437868989463,0.05965980041713953,0.06304888651375208,0.3918293663719482,sampled,subcortical volume,r,partial correlation,cross-sectional,,0.18165560105650472
non-WM-hypointensities,,,0.47462525979919645,0.34513350007196414,109.0,0.04,1,0.8894595964481599,0.6506782069365232,0.7315432983519972,198,baseline,0.8652294269504023,0.9143803962924858,0.34513350007196414,0.5591761429399238,0.5909411853695777,0.14761351889730395,sampled,subcortical volume,r,partial correlation,cross-sectional,,0.06194338089191633
rhCerebralWhiteMatterVol,,,0.94848900674604,0.03298020731167661,109.0,0.0,0,0.0459186558961444,1251.5387653109856,27255.56183834357,198,baseline,0.0446677651081696,0.0472052007119831,0.03298020731167661,0.035363997458889504,0.03737291521038328,6.003725165975593e-53,sampled,subcortical volume,r,partial correlation,cross-sectional,,0.0038334475806170933
rhCortexVol,,,0.08802158915444139,0.008919592331139255,109.0,0.0,0,0.0354085892211059,794.5756665533686,22440.19555796779,198,baseline,0.0344440078933763,0.03640066392385,0.008919592331139255,0.0062183421717876075,0.0065715866823463495,2.968395006522506e-07,sampled,subcortical volume,r,partial correlation,cross-sectional,,-0.16589412854386776
rhSurfaceHoles,,,0.16202176861292727,0.11256249254988711,109.0,0.07692307692307693,2,0.3832180769997184,4.463029518010438,11.646187343123996,198,baseline,0.372778660754858,0.393955046988882,0.11256249254988711,0.09663273002106758,0.10212213225678186,0.14695842688113625,sampled,subcortical volume,r,partial correlation,cross-sectional,,0.14443082592615084
lh-BrainSegVolNotVent,lh,,0.46851823912145524,0.022456726652315937,109.0,0.0,0,0.0254340503680745,2748.4335500323227,108061.18216555168,198,baseline,0.0247411899459779,0.0261466593285988,0.015432354358241014,0.01501195464211807,0.01586473668974228,0.0,simulated,cortical volume,r,partial correlation,cross-sectional,False,-0.07086700487821232
rh-BrainSegVolNotVent,rh,,0.46851823912145524,0.022456726652315937,109.0,0.0,0,0.0254340503680745,2748.4335500323227,108061.18216555168,198,baseline,0.0247411899459779,0.0261466593285988,0.015432354358241014,0.01501195464211807,0.01586473668974228,0.0,simulated,cortical volume,r,partial correlation,cross-sectional,False,-0.07086700487821232
lh-bankssts,lh,,0.19633432488837202,0.03718131293845886,109.0,0.0,0,0.1741807583646439,81.50348956448927,467.92476005795857,198,baseline,0.1694358218714333,0.1790609393568686,0.058613659160352986,0.05701693807036708,0.06025589144826313,0.0003715063188226289,simulated,cortical volume,r,partial correlation,cross-sectional,False,-0.12660038001633697
rh-bankssts,rh,,0.17786109268242672,0.05897501843722376,109.0,0.0,0,0.1787403088564449,62.112330128578776,347.50040730020334,198,baseline,0.1738711635945717,0.1837482389287179,0.05472534439400023,0.05323454663794154,0.056258634224702724,0.0009818668103726193,simulated,cortical volume,r,partial correlation,cross-sectional,False,-0.13334236256184812
lh-caudalanteriorcingulate,lh,,0.5774273846759919,0.08582576558492784,109.0,0.0,0,0.1479180237533074,59.082949209859926,399.4303581853989,198,baseline,0.1438885222429205,0.1520623777836023,0.09990136374002569,0.09717990569275277,0.10270039126177266,9.53438162260535e-13,simulated,cortical volume,r,partial correlation,cross-sectional,False,-0.05485066788720689
rh-caudalanteriorcingulate,rh,,0.8740924313370981,0.0848345720205198,109.0,0.0,0,0.1231442691714339,58.06105941202434,471.48811554677616,198,baseline,0.1197896406682209,0.1265945143498004,0.0964304705529608,0.09380356467035848,0.09913225089817354,1.2244156417717914e-12,simulated,cortical volume,r,partial correlation,cross-sectional,False,-0.014892118179605852
lh-caudalmiddlefrontal,lh,,0.40684871422223173,0.16653243406204185,109.0,0.0,0,0.1251635401171438,126.47532084646706,1010.4805339326088,198,baseline,0.1217539037445775,0.1286703610492269,0.06831300911039505,0.06645206365963312,0.0702269969223226,1.7792474246085944e-14,simulated,cortical volume,r,partial correlation,cross-sectional,False,-0.0837149662612095
rh-caudalmiddlefrontal,rh,,0.43409302796089244,0.059331458132388534,109.0,0.0,0,0.1332242021285834,135.3976447317759,1016.3141724136182,198,baseline,0.1295949816314754,0.1369568659718027,0.0771576127273028,0.07505572744562115,0.07931940785652675,4.20856571692149e-13,simulated,cortical volume,r,partial correlation,cross-sectional,False,-0.07678436192745337
lh-cuneus,lh,,0.6102748545425324,0.08794003381239354,109.0,0.0,0,0.1170819346541779,64.51694482371408,551.0409869317261,198,baseline,0.1138924529361497,0.1203623258833632,0.08114624390242835,0.07893570252234347,0.08341979214507654,5.906020721550601e-20,simulated,cortical volume,r,partial correlation,cross-sectional,False,-0.05022086322057618
rh-cuneus,rh,,0.9326745462293731,0.04688415483664636,109.0,0.0,0,0.1224049013713863,76.52914269368031,625.2130579435271,198,baseline,0.1190704143194409,0.1258344310085075,0.09688369933035647,0.09424444683848555,0.09959817819913376,1.928463674768293e-08,simulated,cortical volume,r,partial correlation,cross-sectional,False,-0.004438587504061271
lh-eTIV,lh,,0.9640951007919395,0.0006305328650948022,109.0,0.0,0,0.0006775018545617,114.82821427547876,169487.675203119,198,baseline,0.0006590457213808,0.0006964840412503,0.000536252753506764,0.0005216444507092049,0.0005512774354479322,0.0,simulated,cortical volume,r,partial correlation,cross-sectional,False,-0.004403496911471575
rh-eTIV,rh,,0.9640951007919395,0.0006305328650948022,109.0,0.0,0,0.0006775018545617,114.82821427547876,169487.675203119,198,baseline,0.0006590457213808,0.0006964840412503,0.000536252753506764,0.0005216444507092049,0.0005512774354479322,0.0,simulated,cortical volume,r,partial correlation,cross-sectional,False,-0.004403496911471575
lh-entorhinal,lh,,0.32655801828102266,0.14779955298579733,109.0,0.0,0,0.3637805212166657,135.59204688304243,372.7303661822083,198,baseline,0.3538706121839667,0.3739728914971223,0.1684020314156616,0.16381451582612577,0.17312030455032243,0.017948722721783276,simulated,cortical volume,r,partial correlation,cross-sectional,False,-0.10044261338020524
rh-entorhinal,rh,,0.7701393089636946,0.14142438212064706,109.0,0.0,0,0.3389892195252126,123.55064292637805,364.4677641944565,198,baseline,0.3297546615084031,0.3484869893203856,0.2642878043573842,0.25708822123821673,0.27169259654804395,0.00951491423333445,simulated,cortical volume,r,partial correlation,cross-sectional,False,-0.017455174175649863
lh-frontalpole,lh,,0.42810968318195014,0.17227532098164552,109.0,0.0,0,0.3591808000050567,56.61336750232563,157.6180227382104,198,baseline,0.3493961940496923,0.3692442957058112,0.20165225361149713,0.19615895374253997,0.20730212851360266,0.00902433980859712,simulated,cortical volume,r,partial correlation,cross-sectional,False,0.08049200179867824
rh-frontalpole,rh,,0.743502665263349,0.1382558940731227,109.0,0.0,0,0.3778968950366788,69.8161404919627,184.74917737862415,198,baseline,0.3676024355064435,0.3884847766229901,0.29693046958397157,0.28884165291843833,0.30524984106496184,0.024767911831700788,simulated,cortical volume,r,partial correlation,cross-sectional,False,-0.012547097158679568
lh-fusiform,lh,,0.10655766961179568,0.032888462701522805,109.0,0.038461538461538464,1,0.1570814574934679,197.54387595998244,1257.588763894663,198,baseline,0.1528023307571661,0.1614825517950885,0.03222634132256258,0.031348449043187086,0.03312925608678743,0.01954374976834539,simulated,cortical volume,r,partial correlation,cross-sectional,False,-0.1586572671276578
rh-fusiform,rh,,0.015548515443762968,0.007541099252352776,109.0,1.0,26,0.156776669851862,200.1480391892401,1276.6442824583503,198,baseline,0.1525058459729878,0.1611692246404549,0.005837918932131805,0.0056788855529827315,0.006001485225413727,0.9999683079324658,simulated,cortical volume,r,partial correlation,cross-sectional,True,-0.23676832177406676
lh-inferiorparietal,lh,,0.05498821865846358,0.008558734849646355,109.0,0.3076923076923077,8,0.0916726387815729,156.10730204368966,1702.8778064919054,198,baseline,0.0891753431372803,0.0942411146194857,0.011133401113098646,0.01083011111866366,0.011445335755025123,0.345855574527255,simulated,cortical volume,r,partial correlation,cross-sectional,False,-0.18646156362371152
rh-inferiorparietal,rh,,0.0028701949496728256,0.00109900406873617,109.0,1.0,26,0.0931063525084376,185.3137029692044,1990.3443532750423,198,baseline,0.0905700004227373,0.0957149980100023,0.0007576385624904237,0.000736999389153616,0.0007788660123325113,1.0,simulated,cortical volume,r,partial correlation,cross-sectional,True,-0.28768182311795776
lh-inferiortemporal,lh,,0.0711641680862869,0.02609175978272166,109.0,0.2692307692307692,7,0.1317339377064384,211.06583778240352,1602.2130777928437,198,baseline,0.1281453141736998,0.1354248474536564,0.019001044737161264,0.01848342871901453,0.01953341431821787,0.1252277983607929,simulated,cortical volume,r,partial correlation,cross-sectional,False,-0.17785012846251094
rh-inferiortemporal,rh,,0.30192911783826354,0.056808458290755974,109.0,0.0,0,0.1143040116045029,176.71507059998075,1546.0093492730853,198,baseline,0.1111902045395046,0.1175065712328146,0.05234483247829194,0.0509188833195606,0.05381142533791747,1.2779487093675455e-12,simulated,cortical volume,r,partial correlation,cross-sectional,False,-0.10144278095056548
lh-insula,lh,,0.8343630337522984,0.12092922013142174,109.0,0.0,0,0.2065107121011975,154.73237218105652,749.2704402918926,198,baseline,0.2008850607761726,0.2122967108610446,0.16279939971914004,0.15836450794318974,0.16736069881735435,1.3752318006306856e-05,simulated,cortical volume,r,partial correlation,cross-sectional,False,-0.009765471250602242
rh-insula,rh,,0.13074260586554576,0.10567655063347867,109.0,0.2692307692307692,7,0.2778051048648454,206.1979497364716,742.2395993651328,198,baseline,0.2702372908740839,0.2855886235785842,0.05672220433902289,0.05517700922177503,0.05831144201401845,0.04650134171075533,simulated,cortical volume,r,partial correlation,cross-sectional,False,-0.15893372037175502
lh-isthmuscingulate,lh,,0.8273716060980699,0.08938837265734388,109.0,0.0,0,0.126383228385466,59.49544980087592,470.7543125850223,198,baseline,0.1229403659354096,0.1299242224349439,0.09796660385015109,0.0952978514684939,0.10071142344142556,2.990883690987793e-14,simulated,cortical volume,r,partial correlation,cross-sectional,False,-0.020331520987761427
rh-isthmuscingulate,rh,,0.4236923030369804,0.10405163988779789,109.0,0.0,0,0.1411713067668144,55.793820761088185,395.2206864051202,198,baseline,0.1373255956127168,0.1451266318807897,0.08002793860302097,0.07784786148130503,0.08227015426727814,9.471531936378954e-12,simulated,cortical volume,r,partial correlation,cross-sectional,False,-0.07935636883336691
lh-lateraloccipital,lh,,0.5495072904524236,0.06801808553506146,109.0,0.0,0,0.0950445382047058,164.37498065622475,1729.452146973409,198,baseline,0.0924553871294548,0.0977074876206818,0.06268658347140778,0.06097891001573549,0.06444293059032566,1.931081902169056e-28,simulated,cortical volume,r,partial correlation,cross-sectional,False,-0.05877719027743182
rh-lateraloccipital,rh,,0.16139311289439656,0.02703722000153889,109.0,0.0,0,0.0888939795987103,161.50901278913574,1816.872340716748,198,baseline,0.0864723786607834,0.0913846032108354,0.025856532794859225,0.025152163338679798,0.026580978830431895,3.660486394933286e-09,simulated,cortical volume,r,partial correlation,cross-sectional,False,-0.13685744729597046
lh-lateralorbitofrontal,lh,,0.8444987403579957,0.09760513474416316,109.0,0.0,0,0.1261469608276379,103.84426437315275,823.2006834872645,198,baseline,0.1227105346485441,0.1296813351536996,0.09839732430821833,0.0957168384765576,0.10115421178696873,1.5845106721284302e-13,simulated,cortical volume,r,partial correlation,cross-sectional,False,0.017185281085296957
rh-lateralorbitofrontal,rh,,0.8308807785710659,0.133764124640479,109.0,0.0,0,0.2683952989180537,233.42805305238264,869.7173683494835,198,baseline,0.261083821689459,0.2759151745258995,0.2125558702274334,0.20676554002702813,0.21851124168986627,0.0013969839085319002,simulated,cortical volume,r,partial correlation,cross-sectional,False,-0.0030001619416315725
lh-lingual,lh,,0.4489944264277121,0.05757066853761609,109.0,0.0,0,0.097284827985421,92.7368801260261,953.2512113802932,198,baseline,0.0946346481671809,0.1000105456411703,0.057484192684497046,0.0559182398995149,0.05909477968116738,5.905376472028477e-24,simulated,cortical volume,r,partial correlation,cross-sectional,False,0.07429463577246112
rh-lingual,rh,,0.4692802939292932,0.0721014273955103,109.0,0.0,0,0.1044500550912397,101.69557157216472,973.6287020943277,198,baseline,0.1016046840940441,0.1073765274425999,0.0632155700062491,0.06149348619011472,0.06498673822283992,1.0549619544056154e-21,simulated,cortical volume,r,partial correlation,cross-sectional,False,0.07120207763001538
lh-medialorbitofrontal,lh,,0.6604938882385163,0.13414174350138117,109.0,0.0,0,0.2305152714970621,158.35526100154894,686.9621260800811,198,baseline,0.2242357011573868,0.2369738278665459,0.16574761565152757,0.16123241019742604,0.17039151760145355,6.65885576216287e-06,simulated,cortical volume,r,partial correlation,cross-sectional,False,0.04277696989984088
rh-medialorbitofrontal,rh,,0.5830079275773727,0.16483630482182038,109.0,0.0,0,0.2103189891746084,141.25572144967737,671.6260952186575,198,baseline,0.2045895948585004,0.2162116879027028,0.14188653636311122,0.13802134131742672,0.14586190071628663,6.204384919457558e-07,simulated,cortical volume,r,partial correlation,cross-sectional,False,-0.05504286005167618
lh-middletemporal,lh,,0.29824572670157473,0.06642360856492031,109.0,0.0,0,0.125183856478654,199.75725003933883,1595.710945950933,198,baseline,0.1217736666589329,0.1286912466327465,0.05659392814725718,0.05505222745952743,0.05817957179132367,1.0239613033566241e-10,simulated,cortical volume,r,partial correlation,cross-sectional,False,-0.1026206736636895
rh-middletemporal,rh,,0.08446327075997401,0.020954723375178636,109.0,0.038461538461538464,1,0.0939715628182081,152.38945699918548,1621.6550244459495,198,baseline,0.0914116411487509,0.0966044497052603,0.016139999745398575,0.01570032274254603,0.01659220882240301,0.007655367812318979,simulated,cortical volume,r,partial correlation,cross-sectional,False,-0.16862767700189119
lh-paracentral,lh,,0.23818256563015316,0.05639460950784735,109.0,0.0,0,0.1579696789669853,69.97383943394992,442.9574073425445,198,baseline,0.1536663557894502,0.1623956593788321,0.06097033892772835,0.05930941846270228,0.06267860045970364,7.477367998639487e-06,simulated,cortical volume,r,partial correlation,cross-sectional,False,-0.11609840055385183
rh-paracentral,rh,,0.16647284829366032,0.03897320762943336,109.0,0.0,0,0.1446638423832821,83.14032632660195,574.7139365089195,198,baseline,0.1407229894933463,0.1487170210494533,0.04283758517402629,0.04167062722137038,0.044037804824473795,0.00015617446781893883,simulated,cortical volume,r,partial correlation,cross-sectional,False,-0.1356421244175935
lh-parahippocampal,lh,,0.8176821581625249,0.11557072125630337,109.0,0.0,0,0.2045386895192526,66.16677423323591,323.49270638603474,198,baseline,0.1989667589496221,0.2102694363258357,0.15822045390839762,0.15391029925772928,0.16265346051024313,4.359298103556445e-06,simulated,cortical volume,r,partial correlation,cross-sectional,False,0.02127245464023704
rh-parahippocampal,rh,,0.8131819849825791,0.14065151720058935,109.0,0.0,0,0.2569307522482654,69.13190538297307,269.06824028667745,198,baseline,0.2499315858993702,0.2641294152074371,0.200021935624942,0.19457304798258532,0.2056261324227382,0.00042097626101014323,simulated,cortical volume,r,partial correlation,cross-sectional,False,0.018221735786887884
lh-parsopercularis,lh,,0.7887760078789251,0.09187438751811029,109.0,0.0,0,0.1253979197651749,91.94295569420804,733.209576892376,198,baseline,0.1219818985510472,0.1289113075253855,0.09575178395780695,0.09314336648243764,0.09843454892237469,7.164670762649217e-16,simulated,cortical volume,r,partial correlation,cross-sectional,False,0.026400734881800666
rh-parsopercularis,rh,,0.7395121848095172,0.12558060521775224,109.0,0.0,0,0.1773960971051967,107.55438681321245,606.2951134118365,198,baseline,0.1725635701210999,0.1823663651722082,0.1327044578255847,0.1290893959171382,0.13642255951916057,5.532169927283478e-09,simulated,cortical volume,r,partial correlation,cross-sectional,False,-0.03292370016294844
lh-parsorbitalis,lh,,0.6813032106190977,0.11824049968071303,109.0,0.0,0,0.1896818826185401,59.739809838707046,314.9473687945561,198,baseline,0.1845146730175036,0.1949963727310846,0.13788922354509325,0.13413292109835642,0.1417525915433462,2.9214395915032444e-08,simulated,cortical volume,r,partial correlation,cross-sectional,False,0.04029346123195631
rh-parsorbitalis,rh,,0.16397259219473706,0.05115030166450362,109.0,0.0,0,0.1943779260459706,73.58622373265477,378.5729441070975,198,baseline,0.1890827894107328,0.1998239894854909,0.05616013796274706,0.054630254348821565,0.057733627712015186,0.004408723813291522,simulated,cortical volume,r,partial correlation,cross-sectional,False,-0.137310947784515
lh-parstriangularis,lh,,0.914933054368712,0.04555614542392206,109.0,0.0,0,0.124060284753811,77.30774584727953,623.146609736479,198,baseline,0.1206807026575262,0.1275361947752731,0.09828312246214077,0.09560574765440791,0.1010368102437275,1.2660835926419873e-09,simulated,cortical volume,r,partial correlation,cross-sectional,False,-0.0016038447942718806
rh-parstriangularis,rh,,0.5611916213952204,0.11758170659751495,109.0,0.0,0,0.1649345915004672,119.27428241010064,723.1611108683818,198,baseline,0.1604415340034675,0.1695557142120578,0.10950986264629967,0.10652665515245524,0.11257810023560216,1.9795549888101669e-10,simulated,cortical volume,r,partial correlation,cross-sectional,False,0.057701409132715854
lh-pericalcarine,lh,,0.17666868007022865,0.0489844151642762,109.0,0.0,0,0.1354313413268199,63.103631419818456,465.94555441593207,198,baseline,0.1317419951566718,0.1392258445997417,0.04169610658851604,0.04056024416815348,0.042864344393504006,2.1328464359200976e-05,simulated,cortical volume,r,partial correlation,cross-sectional,False,-0.1329561039117209
rh-pericalcarine,rh,,0.6434272830989168,0.09511586612768039,109.0,0.0,0,0.1404774020149742,72.6746880263017,517.340774984968,198,baseline,0.1366505938327705,0.1444132853673443,0.09965208807109265,0.09693742065459607,0.10244413140932383,2.524850847477717e-14,simulated,cortical volume,r,partial correlation,cross-sectional,False,-0.04565402889052081
lh-postcentral,lh,,0.028566957557866472,0.012241765058655709,109.0,0.8846153846153846,23,0.1039777943113013,129.98089062228314,1250.0831690382909,198,baseline,0.101145288382728,0.106891034902143,0.006868198010467538,0.006681098334886612,0.0070606305713095925,0.9960504070027574,simulated,cortical volume,r,partial correlation,cross-sectional,True,-0.2139988871871456
rh-postcentral,rh,,0.43221678969011496,0.07126082921540346,109.0,0.0,0,0.1364704136924596,165.73562189112022,1214.4436102070492,198,baseline,0.1327527616839795,0.140294029602483,0.0787605622662459,0.07661501031417244,0.08096726869304884,1.5712588629166782e-12,simulated,cortical volume,r,partial correlation,cross-sectional,False,-0.07721213868402664
lh-posteriorcingulate,lh,,0.0010891855238184887,0.0005667652634119589,109.0,1.0,26,0.1462960350912535,63.29736102694893,432.66627825878254,198,baseline,0.1423107189045867,0.1503949443875119,0.0004621955053354515,0.0004496046293922378,0.00047514525788565977,1.0,simulated,cortical volume,r,partial correlation,cross-sectional,True,-0.31462561879795553
rh-posteriorcingulate,rh,,0.5206123509544601,0.0906785206765387,109.0,0.0,0,0.132675310945911,67.35949196461593,507.7017832811186,198,baseline,0.129061043040742,0.1363925960048051,0.08491847213852058,0.08260516978996707,0.08729771033629899,6.90377317525875e-15,simulated,cortical volume,r,partial correlation,cross-sectional,False,-0.06339529828348557
lh-precentral,lh,,0.10708503066157529,0.024232408280897007,109.0,0.038461538461538464,1,0.1068969662200469,159.70084586795454,1493.9698619623214,198,baseline,0.1039849378146524,0.1098919959097297,0.022334289522629776,0.021725871081920037,0.022960049659550324,0.0009870244672974002,simulated,cortical volume,r,partial correlation,cross-sectional,False,-0.15759637925205747
rh-precentral,rh,,0.33361837742486594,0.08739018292441672,109.0,0.0,0,0.1539680336965444,238.8950058558024,1551.5883402566562,198,baseline,0.1497737211402448,0.1582818963672022,0.07495496691078352,0.0729130848959067,0.07705504850547414,2.348658102411944e-08,simulated,cortical volume,r,partial correlation,cross-sectional,False,-0.09564549593331116
lh-precuneus,lh,,0.8113539628683982,0.14488456698563631,109.0,0.0,0,0.1205596743827299,145.03639641805876,1203.0257808894269,198,baseline,0.1172754539903107,0.1239375046142398,0.09269604249858227,0.09017086785267255,0.09529319197079326,2.5274475192336346e-16,simulated,cortical volume,r,partial correlation,cross-sectional,False,-0.0238040737088875
rh-precuneus,rh,,0.5056891532490514,0.08267263525912905,109.0,0.0,0,0.1002712584633309,120.98382535878918,1206.5653429794424,198,baseline,0.0975397239472922,0.1030806496625285,0.06319157675753025,0.061470146552291265,0.06496207273341298,1.2003195806685415e-24,simulated,cortical volume,r,partial correlation,cross-sectional,False,-0.06565136800482158
lh-rostralanteriorcingulate,lh,,0.37095391868268834,0.09507029297946847,109.0,0.0,0,0.1584856014386832,87.1200294193564,549.7031189490258,198,baseline,0.1541682237847145,0.162926036920444,0.08264916797669668,0.08039768476495679,0.08496482501235313,1.090568539237028e-08,simulated,cortical volume,r,partial correlation,cross-sectional,False,-0.08866236680599841
rh-rostralanteriorcingulate,rh,,0.9085803225740415,0.09086771710951659,109.0,0.0,0,0.153741837472793,63.38764460629128,412.2992520985621,198,baseline,0.1495536868297081,0.1580493625977768,0.12136473611052596,0.11805858466896356,0.12476512248990454,6.821326990812621e-07,simulated,cortical volume,r,partial correlation,cross-sectional,False,0.008350080432417683
lh-rostralmiddlefrontal,lh,,0.4092652594569119,0.111547594706515,109.0,0.0,0,0.1556296671667517,313.0644899317948,2011.599045549312,198,baseline,0.1513900893046562,0.1599900853361539,0.08624862679481465,0.08389908910414001,0.08866513314741864,1.1178534576233709e-09,simulated,cortical volume,r,partial correlation,cross-sectional,False,-0.08198750169650412
rh-rostralmiddlefrontal,rh,,0.0815789597765342,0.035302290881071785,109.0,0.07692307692307693,2,0.1764470731150288,394.837530482926,2237.7108529622637,198,baseline,0.1716403989209081,0.1813907515123117,0.02862293596765837,0.027843205676603776,0.029424890841219103,0.12432494073129449,simulated,cortical volume,r,partial correlation,cross-sectional,False,-0.1717027624116903
lh-superiorfrontal,lh,,0.7431001606009949,0.13155019678633645,109.0,0.0,0,0.1091370636031664,271.21813773457006,2485.114852647558,198,baseline,0.1061640116959723,0.1121948561420436,0.08192265025551278,0.07969095844025414,0.0842179517822902,5.95693625863516e-22,simulated,cortical volume,r,partial correlation,cross-sectional,False,-0.031926368510118215
rh-superiorfrontal,rh,,0.14182513574372593,0.03712501041852517,109.0,0.0,0,0.1354507801937126,355.4848306322435,2624.4576083198112,198,baseline,0.1317609044806358,0.1392458281030777,0.035307023049236094,0.03434520853134182,0.03629625208001232,0.0004170801894955989,simulated,cortical volume,r,partial correlation,cross-sectional,False,-0.14407599932514775
lh-superiorparietal,lh,,0.8085289613453848,0.059744329126955764,109.0,0.0,0,0.1306042692151913,224.3119423018032,1717.4931849449235,198,baseline,0.1270464194906487,0.1342635280111201,0.10345248013298651,0.10063428452455703,0.10635100251791361,2.335993906655432e-13,simulated,cortical volume,r,partial correlation,cross-sectional,False,0.0023007919893511452
rh-superiorparietal,rh,,0.8527289858139575,0.09424644928911956,109.0,0.0,0,0.1656211911327158,262.6947257326247,1586.1178387620805,198,baseline,0.1611094296658754,0.1702615509317208,0.13077805554310873,0.1272154716269304,0.13444218346891257,7.863048172351551e-08,simulated,cortical volume,r,partial correlation,cross-sectional,False,0.008035853147522393
lh-superiortemporal,lh,,0.0801638540460714,0.01617648323923826,109.0,0.038461538461538464,1,0.1174554648262895,174.54947684799822,1486.0907247367984,198,baseline,0.1142558076045972,0.1207463215906067,0.01942625717130908,0.0188970577497193,0.019970540316517484,0.04431489635946518,simulated,cortical volume,r,partial correlation,cross-sectional,False,-0.17066608425101323
rh-superiortemporal,rh,,0.2913646057033018,0.05675345534967903,109.0,0.0,0,0.1095651687790874,139.86629754451636,1276.5580439758562,198,baseline,0.1065804546659686,0.1126349559306981,0.048962697241501894,0.047628882352139294,0.0503345297369478,3.9700654295097747e-13,simulated,cortical volume,r,partial correlation,cross-sectional,False,-0.10366846095907724
lh-supramarginal,lh,,0.20495457675523643,0.04166710642658849,109.0,0.0,0,0.098303667228574,178.33054388598967,1814.0782425882285,198,baseline,0.095625732751605,0.101057930631599,0.034087791416863786,0.033159190537034006,0.035042860124230656,1.0331700196719844e-10,simulated,cortical volume,r,partial correlation,cross-sectional,False,-0.12438031358689604
rh-supramarginal,rh,,0.9090696803099424,0.09879159619027891,109.0,0.0,0,0.1430471928483772,211.0791813153793,1475.591216523295,198,baseline,0.139150379836594,0.1470550763717013,0.11332499321373037,0.1102378560296852,0.11650012279186579,9.206189614057945e-08,simulated,cortical volume,r,partial correlation,cross-sectional,False,-0.0016012674873797797
lh-temporalpole,lh,,0.33863923796752715,0.22526285804315374,109.0,0.0,0,0.410241069452235,163.32994582853203,398.1316303767797,198,baseline,0.3990655076982635,0.4217351672398878,0.187382331364019,0.18227776487447214,0.1926323928540892,0.02799673684217859,simulated,cortical volume,r,partial correlation,cross-sectional,False,-0.1016804621711718
rh-temporalpole,rh,,0.1417669456723905,0.08432834999875985,109.0,0.07692307692307693,2,0.366074970656963,151.53368941838983,413.9416828920192,198,baseline,0.3561025574935936,0.3763316266177168,0.08723057291332623,0.08485428558614846,0.08967459134492183,0.12730768470411957,simulated,cortical volume,r,partial correlation,cross-sectional,False,-0.14971593584355752
lh-transversetemporal,lh,,0.13970613249561536,0.035853130064407907,109.0,0.0,0,0.1559208368155868,31.87000219057162,204.39860920106145,198,baseline,0.1516733270699387,0.1602894129503068,0.040074091095216736,0.038982414729496345,0.04119688341441278,0.0022716343824805336,simulated,cortical volume,r,partial correlation,cross-sectional,False,-0.14497663953814638
rh-transversetemporal,rh,,0.865480393720138,0.127776564426649,109.0,0.0,0,0.1820984539206673,25.391933665246828,139.44068781775067,198,baseline,0.1771378279165219,0.187200472202599,0.14320418472865867,0.13930309503035235,0.14721646683651798,2.2305497814308337e-06,simulated,cortical volume,r,partial correlation,cross-sectional,False,-0.011893018066018926
lh-BrainSegVolNotVent,lh,,0.46851823912145524,0.022456726652315937,109.0,0.0,0,0.0254340503680745,2748.4335500323227,108061.18216555168,198,baseline,0.0247411899459779,0.0261466593285988,0.022456726652315937,0.01501195464211807,0.01586473668974228,1.0974606709835452e-160,sampled,cortical volume,r,partial correlation,cross-sectional,False,-0.07086700487821232
rh-BrainSegVolNotVent,rh,,0.46851823912145524,0.022456726652315937,109.0,0.0,0,0.0254340503680745,2748.4335500323227,108061.18216555168,198,baseline,0.0247411899459779,0.0261466593285988,0.022456726652315937,0.01501195464211807,0.01586473668974228,1.0974606709835452e-160,sampled,cortical volume,r,partial correlation,cross-sectional,False,-0.07086700487821232
lh-bankssts,lh,,0.19633432488837202,0.03718131293845886,109.0,0.0,0,0.1741807583646439,81.50348956448927,467.92476005795857,198,baseline,0.1694358218714333,0.1790609393568686,0.03718131293845886,0.05701693807036708,0.06025589144826313,2.564359479839526e-08,sampled,cortical volume,r,partial correlation,cross-sectional,False,-0.12660038001633697
rh-bankssts,rh,,0.17786109268242672,0.05897501843722376,109.0,0.0,0,0.1787403088564449,62.112330128578776,347.50040730020334,198,baseline,0.1738711635945717,0.1837482389287179,0.05897501843722376,0.05323454663794154,0.056258634224702724,0.0021708377323578425,sampled,cortical volume,r,partial correlation,cross-sectional,False,-0.13334236256184812
lh-caudalanteriorcingulate,lh,,0.5774273846759919,0.08582576558492784,109.0,0.0,0,0.1479180237533074,59.082949209859926,399.4303581853989,198,baseline,0.1438885222429205,0.1520623777836023,0.08582576558492784,0.09717990569275277,0.10270039126177266,7.575483117468412e-17,sampled,cortical volume,r,partial correlation,cross-sectional,False,-0.05485066788720689
rh-caudalanteriorcingulate,rh,,0.8740924313370981,0.0848345720205198,109.0,0.0,0,0.1231442691714339,58.06105941202434,471.48811554677616,198,baseline,0.1197896406682209,0.1265945143498004,0.0848345720205198,0.09380356467035848,0.09913225089817354,4.59482642763644e-16,sampled,cortical volume,r,partial correlation,cross-sectional,False,-0.014892118179605852
lh-caudalmiddlefrontal,lh,,0.40684871422223173,0.16653243406204185,109.0,0.0,0,0.1251635401171438,126.47532084646706,1010.4805339326088,198,baseline,0.1217539037445775,0.1286703610492269,0.16653243406204185,0.06645206365963312,0.0702269969223226,0.002230805402745531,sampled,cortical volume,r,partial correlation,cross-sectional,False,-0.0837149662612095
rh-caudalmiddlefrontal,rh,,0.43409302796089244,0.059331458132388534,109.0,0.0,0,0.1332242021285834,135.3976447317759,1016.3141724136182,198,baseline,0.1295949816314754,0.1369568659718027,0.059331458132388534,0.07505572744562115,0.07931940785652675,3.318155198085908e-21,sampled,cortical volume,r,partial correlation,cross-sectional,False,-0.07678436192745337
lh-cuneus,lh,,0.6102748545425324,0.08794003381239354,109.0,0.0,0,0.1170819346541779,64.51694482371408,551.0409869317261,198,baseline,0.1138924529361497,0.1203623258833632,0.08794003381239354,0.07893570252234347,0.08341979214507654,3.5890281471740235e-17,sampled,cortical volume,r,partial correlation,cross-sectional,False,-0.05022086322057618
rh-cuneus,rh,,0.9326745462293731,0.04688415483664636,109.0,0.0,0,0.1224049013713863,76.52914269368031,625.2130579435271,198,baseline,0.1190704143194409,0.1258344310085075,0.04688415483664636,0.09424444683848555,0.09959817819913376,5.956863883597946e-33,sampled,cortical volume,r,partial correlation,cross-sectional,False,-0.004438587504061271
lh-eTIV,lh,,0.9640951007919395,0.0006305328650948022,109.0,0.0,0,0.0006775018545617,114.82821427547876,169487.675203119,198,baseline,0.0006590457213808,0.0006964840412503,0.0006305328650948022,0.0005216444507092049,0.0005512774354479322,0.0,sampled,cortical volume,r,partial correlation,cross-sectional,False,-0.004403496911471575
rh-eTIV,rh,,0.9640951007919395,0.0006305328650948022,109.0,0.0,0,0.0006775018545617,114.82821427547876,169487.675203119,198,baseline,0.0006590457213808,0.0006964840412503,0.0006305328650948022,0.0005216444507092049,0.0005512774354479322,0.0,sampled,cortical volume,r,partial correlation,cross-sectional,False,-0.004403496911471575
lh-entorhinal,lh,,0.32655801828102266,0.14779955298579733,109.0,0.0,0,0.3637805212166657,135.59204688304243,372.7303661822083,198,baseline,0.3538706121839667,0.3739728914971223,0.14779955298579733,0.16381451582612577,0.17312030455032243,0.006553672203716979,sampled,cortical volume,r,partial correlation,cross-sectional,False,-0.10044261338020524
rh-entorhinal,rh,,0.7701393089636946,0.14142438212064706,109.0,0.0,0,0.3389892195252126,123.55064292637805,364.4677641944565,198,baseline,0.3297546615084031,0.3484869893203856,0.14142438212064706,0.25708822123821673,0.27169259654804395,6.700572929445784e-08,sampled,cortical volume,r,partial correlation,cross-sectional,False,-0.017455174175649863
lh-frontalpole,lh,,0.42810968318195014,0.17227532098164552,109.0,0.0,0,0.3591808000050567,56.61336750232563,157.6180227382104,198,baseline,0.3493961940496923,0.3692442957058112,0.17227532098164552,0.19615895374253997,0.20730212851360266,0.0018949912102617541,sampled,cortical volume,r,partial correlation,cross-sectional,False,0.08049200179867824
rh-frontalpole,rh,,0.743502665263349,0.1382558940731227,109.0,0.0,0,0.3778968950366788,69.8161404919627,184.74917737862415,198,baseline,0.3676024355064435,0.3884847766229901,0.1382558940731227,0.28884165291843833,0.30524984106496184,2.4391562802407817e-08,sampled,cortical volume,r,partial correlation,cross-sectional,False,-0.012547097158679568
lh-fusiform,lh,,0.10655766961179568,0.032888462701522805,109.0,0.038461538461538464,1,0.1570814574934679,197.54387595998244,1257.588763894663,198,baseline,0.1528023307571661,0.1614825517950885,0.032888462701522805,0.031348449043187086,0.03312925608678743,0.021838713871470298,sampled,cortical volume,r,partial correlation,cross-sectional,False,-0.1586572671276578
rh-fusiform,rh,,0.015548515443762968,0.007541099252352776,109.0,1.0,26,0.156776669851862,200.1480391892401,1276.6442824583503,198,baseline,0.1525058459729878,0.1611692246404549,0.007541099252352776,0.0056788855529827315,0.006001485225413727,0.9991843008570555,sampled,cortical volume,r,partial correlation,cross-sectional,True,-0.23676832177406676
lh-inferiorparietal,lh,,0.05498821865846358,0.008558734849646355,109.0,0.3076923076923077,8,0.0916726387815729,156.10730204368966,1702.8778064919054,198,baseline,0.0891753431372803,0.0942411146194857,0.008558734849646355,0.01083011111866366,0.011445335755025123,0.2910038102249328,sampled,cortical volume,r,partial correlation,cross-sectional,False,-0.18646156362371152
rh-inferiorparietal,rh,,0.0028701949496728256,0.00109900406873617,109.0,1.0,26,0.0931063525084376,185.3137029692044,1990.3443532750423,198,baseline,0.0905700004227373,0.0957149980100023,0.00109900406873617,0.000736999389153616,0.0007788660123325113,1.0,sampled,cortical volume,r,partial correlation,cross-sectional,True,-0.28768182311795776
lh-inferiortemporal,lh,,0.0711641680862869,0.02609175978272166,109.0,0.2692307692307692,7,0.1317339377064384,211.06583778240352,1602.2130777928437,198,baseline,0.1281453141736998,0.1354248474536564,0.02609175978272166,0.01848342871901453,0.01953341431821787,0.21810105848784758,sampled,cortical volume,r,partial correlation,cross-sectional,False,-0.17785012846251094
rh-inferiortemporal,rh,,0.30192911783826354,0.056808458290755974,109.0,0.0,0,0.1143040116045029,176.71507059998075,1546.0093492730853,198,baseline,0.1111902045395046,0.1175065712328146,0.056808458290755974,0.0509188833195606,0.05381142533791747,6.236427518500372e-11,sampled,cortical volume,r,partial correlation,cross-sectional,False,-0.10144278095056548
lh-insula,lh,,0.8343630337522984,0.12092922013142174,109.0,0.0,0,0.2065107121011975,154.73237218105652,749.2704402918926,198,baseline,0.2008850607761726,0.2122967108610446,0.12092922013142174,0.15836450794318974,0.16736069881735435,1.6848611163265016e-09,sampled,cortical volume,r,partial correlation,cross-sectional,False,-0.009765471250602242
rh-insula,rh,,0.13074260586554576,0.10567655063347867,109.0,0.2692307692307692,7,0.2778051048648454,206.1979497364716,742.2395993651328,198,baseline,0.2702372908740839,0.2855886235785842,0.10567655063347867,0.05517700922177503,0.05831144201401845,0.2531718422311876,sampled,cortical volume,r,partial correlation,cross-sectional,False,-0.15893372037175502
lh-isthmuscingulate,lh,,0.8273716060980699,0.08938837265734388,109.0,0.0,0,0.126383228385466,59.49544980087592,470.7543125850223,198,baseline,0.1229403659354096,0.1299242224349439,0.08938837265734388,0.0952978514684939,0.10071142344142556,6.322413571193944e-17,sampled,cortical volume,r,partial correlation,cross-sectional,False,-0.020331520987761427
rh-isthmuscingulate,rh,,0.4236923030369804,0.10405163988779789,109.0,0.0,0,0.1411713067668144,55.793820761088185,395.2206864051202,198,baseline,0.1373255956127168,0.1451266318807897,0.10405163988779789,0.07784786148130503,0.08227015426727814,1.8426554580527653e-07,sampled,cortical volume,r,partial correlation,cross-sectional,False,-0.07935636883336691
lh-lateraloccipital,lh,,0.5495072904524236,0.06801808553506146,109.0,0.0,0,0.0950445382047058,164.37498065622475,1729.452146973409,198,baseline,0.0924553871294548,0.0977074876206818,0.06801808553506146,0.06097891001573549,0.06444293059032566,2.312536597516358e-24,sampled,cortical volume,r,partial correlation,cross-sectional,False,-0.05877719027743182
rh-lateraloccipital,rh,,0.16139311289439656,0.02703722000153889,109.0,0.0,0,0.0888939795987103,161.50901278913574,1816.872340716748,198,baseline,0.0864723786607834,0.0913846032108354,0.02703722000153889,0.025152163338679798,0.026580978830431895,1.6489097637799333e-08,sampled,cortical volume,r,partial correlation,cross-sectional,False,-0.13685744729597046
lh-lateralorbitofrontal,lh,,0.8444987403579957,0.09760513474416316,109.0,0.0,0,0.1261469608276379,103.84426437315275,823.2006834872645,198,baseline,0.1227105346485441,0.1296813351536996,0.09760513474416316,0.0957168384765576,0.10115421178696873,9.869714491301579e-14,sampled,cortical volume,r,partial correlation,cross-sectional,False,0.017185281085296957
rh-lateralorbitofrontal,rh,,0.8308807785710659,0.133764124640479,109.0,0.0,0,0.2683952989180537,233.42805305238264,869.7173683494835,198,baseline,0.261083821689459,0.2759151745258995,0.133764124640479,0.20676554002702813,0.21851124168986627,5.5838443105165585e-08,sampled,cortical volume,r,partial correlation,cross-sectional,False,-0.0030001619416315725
lh-lingual,lh,,0.4489944264277121,0.05757066853761609,109.0,0.0,0,0.097284827985421,92.7368801260261,953.2512113802932,198,baseline,0.0946346481671809,0.1000105456411703,0.05757066853761609,0.0559182398995149,0.05909477968116738,6.899207980445312e-24,sampled,cortical volume,r,partial correlation,cross-sectional,False,0.07429463577246112
rh-lingual,rh,,0.4692802939292932,0.0721014273955103,109.0,0.0,0,0.1044500550912397,101.69557157216472,973.6287020943277,198,baseline,0.1016046840940441,0.1073765274425999,0.0721014273955103,0.06149348619011472,0.06498673822283992,5.300004591263812e-17,sampled,cortical volume,r,partial correlation,cross-sectional,False,0.07120207763001538
lh-medialorbitofrontal,lh,,0.6604938882385163,0.13414174350138117,109.0,0.0,0,0.2305152714970621,158.35526100154894,686.9621260800811,198,baseline,0.2242357011573868,0.2369738278665459,0.13414174350138117,0.16123241019742604,0.17039151760145355,1.581178210659516e-08,sampled,cortical volume,r,partial correlation,cross-sectional,False,0.04277696989984088
rh-medialorbitofrontal,rh,,0.5830079275773727,0.16483630482182038,109.0,0.0,0,0.2103189891746084,141.25572144967737,671.6260952186575,198,baseline,0.2045895948585004,0.2162116879027028,0.16483630482182038,0.13802134131742672,0.14586190071628663,2.178518609352539e-05,sampled,cortical volume,r,partial correlation,cross-sectional,False,-0.05504286005167618
lh-middletemporal,lh,,0.29824572670157473,0.06642360856492031,109.0,0.0,0,0.125183856478654,199.75725003933883,1595.710945950933,198,baseline,0.1217736666589329,0.1286912466327465,0.06642360856492031,0.05505222745952743,0.05817957179132367,3.700556831397438e-08,sampled,cortical volume,r,partial correlation,cross-sectional,False,-0.1026206736636895
rh-middletemporal,rh,,0.08446327075997401,0.020954723375178636,109.0,0.038461538461538464,1,0.0939715628182081,152.38945699918548,1621.6550244459495,198,baseline,0.0914116411487509,0.0966044497052603,0.020954723375178636,0.01570032274254603,0.01659220882240301,0.03342748928646592,sampled,cortical volume,r,partial correlation,cross-sectional,False,-0.16862767700189119
lh-paracentral,lh,,0.23818256563015316,0.05639460950784735,109.0,0.0,0,0.1579696789669853,69.97383943394992,442.9574073425445,198,baseline,0.1536663557894502,0.1623956593788321,0.05639460950784735,0.05930941846270228,0.06267860045970364,1.2947006220144171e-06,sampled,cortical volume,r,partial correlation,cross-sectional,False,-0.11609840055385183
rh-paracentral,rh,,0.16647284829366032,0.03897320762943336,109.0,0.0,0,0.1446638423832821,83.14032632660195,574.7139365089195,198,baseline,0.1407229894933463,0.1487170210494533,0.03897320762943336,0.04167062722137038,0.044037804824473795,3.401541566548963e-05,sampled,cortical volume,r,partial correlation,cross-sectional,False,-0.1356421244175935
lh-parahippocampal,lh,,0.8176821581625249,0.11557072125630337,109.0,0.0,0,0.2045386895192526,66.16677423323591,323.49270638603474,198,baseline,0.1989667589496221,0.2102694363258357,0.11557072125630337,0.15391029925772928,0.16265346051024313,1.0476789150143567e-10,sampled,cortical volume,r,partial correlation,cross-sectional,False,0.02127245464023704
rh-parahippocampal,rh,,0.8131819849825791,0.14065151720058935,109.0,0.0,0,0.2569307522482654,69.13190538297307,269.06824028667745,198,baseline,0.2499315858993702,0.2641294152074371,0.14065151720058935,0.19457304798258532,0.2056261324227382,1.4631585016039136e-07,sampled,cortical volume,r,partial correlation,cross-sectional,False,0.018221735786887884
lh-parsopercularis,lh,,0.7887760078789251,0.09187438751811029,109.0,0.0,0,0.1253979197651749,91.94295569420804,733.209576892376,198,baseline,0.1219818985510472,0.1289113075253855,0.09187438751811029,0.09314336648243764,0.09843454892237469,3.743917716167523e-17,sampled,cortical volume,r,partial correlation,cross-sectional,False,0.026400734881800666
rh-parsopercularis,rh,,0.7395121848095172,0.12558060521775224,109.0,0.0,0,0.1773960971051967,107.55438681321245,606.2951134118365,198,baseline,0.1725635701210999,0.1823663651722082,0.12558060521775224,0.1290893959171382,0.13642255951916057,6.329319850520415e-10,sampled,cortical volume,r,partial correlation,cross-sectional,False,-0.03292370016294844
lh-parsorbitalis,lh,,0.6813032106190977,0.11824049968071303,109.0,0.0,0,0.1896818826185401,59.739809838707046,314.9473687945561,198,baseline,0.1845146730175036,0.1949963727310846,0.11824049968071303,0.13413292109835642,0.1417525915433462,6.957310762973879e-11,sampled,cortical volume,r,partial correlation,cross-sectional,False,0.04029346123195631
rh-parsorbitalis,rh,,0.16397259219473706,0.05115030166450362,109.0,0.0,0,0.1943779260459706,73.58622373265477,378.5729441070975,198,baseline,0.1890827894107328,0.1998239894854909,0.05115030166450362,0.054630254348821565,0.057733627712015186,0.00184803066466602,sampled,cortical volume,r,partial correlation,cross-sectional,False,-0.137310947784515
lh-parstriangularis,lh,,0.914933054368712,0.04555614542392206,109.0,0.0,0,0.124060284753811,77.30774584727953,623.146609736479,198,baseline,0.1206807026575262,0.1275361947752731,0.04555614542392206,0.09560574765440791,0.1010368102437275,2.563942702607977e-41,sampled,cortical volume,r,partial correlation,cross-sectional,False,-0.0016038447942718806
rh-parstriangularis,rh,,0.5611916213952204,0.11758170659751495,109.0,0.0,0,0.1649345915004672,119.27428241010064,723.1611108683818,198,baseline,0.1604415340034675,0.1695557142120578,0.11758170659751495,0.10652665515245524,0.11257810023560216,3.3997185804746187e-09,sampled,cortical volume,r,partial correlation,cross-sectional,False,0.057701409132715854
lh-pericalcarine,lh,,0.17666868007022865,0.0489844151642762,109.0,0.0,0,0.1354313413268199,63.103631419818456,465.94555441593207,198,baseline,0.1317419951566718,0.1392258445997417,0.0489844151642762,0.04056024416815348,0.042864344393504006,0.00028007515839582816,sampled,cortical volume,r,partial correlation,cross-sectional,False,-0.1329561039117209
rh-pericalcarine,rh,,0.6434272830989168,0.09511586612768039,109.0,0.0,0,0.1404774020149742,72.6746880263017,517.340774984968,198,baseline,0.1366505938327705,0.1444132853673443,0.09511586612768039,0.09693742065459607,0.10244413140932383,1.2987076680372797e-15,sampled,cortical volume,r,partial correlation,cross-sectional,False,-0.04565402889052081
lh-postcentral,lh,,0.028566957557866472,0.012241765058655709,109.0,0.8846153846153846,23,0.1039777943113013,129.98089062228314,1250.0831690382909,198,baseline,0.101145288382728,0.106891034902143,0.012241765058655709,0.006681098334886612,0.0070606305713095925,0.9426587150039263,sampled,cortical volume,r,partial correlation,cross-sectional,True,-0.2139988871871456
rh-postcentral,rh,,0.43221678969011496,0.07126082921540346,109.0,0.0,0,0.1364704136924596,165.73562189112022,1214.4436102070492,198,baseline,0.1327527616839795,0.140294029602483,0.07126082921540346,0.07661501031417244,0.08096726869304884,5.207287420255823e-15,sampled,cortical volume,r,partial correlation,cross-sectional,False,-0.07721213868402664
lh-posteriorcingulate,lh,,0.0010891855238184887,0.0005667652634119589,109.0,1.0,26,0.1462960350912535,63.29736102694893,432.66627825878254,198,baseline,0.1423107189045867,0.1503949443875119,0.0005667652634119589,0.0004496046293922378,0.00047514525788565977,1.0,sampled,cortical volume,r,partial correlation,cross-sectional,True,-0.31462561879795553
rh-posteriorcingulate,rh,,0.5206123509544601,0.0906785206765387,109.0,0.0,0,0.132675310945911,67.35949196461593,507.7017832811186,198,baseline,0.129061043040742,0.1363925960048051,0.0906785206765387,0.08260516978996707,0.08729771033629899,3.286521445642021e-13,sampled,cortical volume,r,partial correlation,cross-sectional,False,-0.06339529828348557
lh-precentral,lh,,0.10708503066157529,0.024232408280897007,109.0,0.038461538461538464,1,0.1068969662200469,159.70084586795454,1493.9698619623214,198,baseline,0.1039849378146524,0.1098919959097297,0.024232408280897007,0.021725871081920037,0.022960049659550324,0.0022612736421953965,sampled,cortical volume,r,partial correlation,cross-sectional,False,-0.15759637925205747
rh-precentral,rh,,0.33361837742486594,0.08739018292441672,109.0,0.0,0,0.1539680336965444,238.8950058558024,1551.5883402566562,198,baseline,0.1497737211402448,0.1582818963672022,0.08739018292441672,0.0729130848959067,0.07705504850547414,1.7354465571991014e-06,sampled,cortical volume,r,partial correlation,cross-sectional,False,-0.09564549593331116
lh-precuneus,lh,,0.8113539628683982,0.14488456698563631,109.0,0.0,0,0.1205596743827299,145.03639641805876,1203.0257808894269,198,baseline,0.1172754539903107,0.1239375046142398,0.14488456698563631,0.09017086785267255,0.09529319197079326,3.404065182917143e-07,sampled,cortical volume,r,partial correlation,cross-sectional,False,-0.0238040737088875
rh-precuneus,rh,,0.5056891532490514,0.08267263525912905,109.0,0.0,0,0.1002712584633309,120.98382535878918,1206.5653429794424,198,baseline,0.0975397239472922,0.1030806496625285,0.08267263525912905,0.061470146552291265,0.06496207273341298,5.911938327707655e-15,sampled,cortical volume,r,partial correlation,cross-sectional,False,-0.06565136800482158
lh-rostralanteriorcingulate,lh,,0.37095391868268834,0.09507029297946847,109.0,0.0,0,0.1584856014386832,87.1200294193564,549.7031189490258,198,baseline,0.1541682237847145,0.162926036920444,0.09507029297946847,0.08039768476495679,0.08496482501235313,7.109210008381385e-07,sampled,cortical volume,r,partial correlation,cross-sectional,False,-0.08866236680599841
rh-rostralanteriorcingulate,rh,,0.9085803225740415,0.09086771710951659,109.0,0.0,0,0.153741837472793,63.38764460629128,412.2992520985621,198,baseline,0.1495536868297081,0.1580493625977768,0.09086771710951659,0.11805858466896356,0.12476512248990454,1.1981354967990132e-11,sampled,cortical volume,r,partial correlation,cross-sectional,False,0.008350080432417683
lh-rostralmiddlefrontal,lh,,0.4092652594569119,0.111547594706515,109.0,0.0,0,0.1556296671667517,313.0644899317948,2011.599045549312,198,baseline,0.1513900893046562,0.1599900853361539,0.111547594706515,0.08389908910414001,0.08866513314741864,2.821231268203766e-06,sampled,cortical volume,r,partial correlation,cross-sectional,False,-0.08198750169650412
rh-rostralmiddlefrontal,rh,,0.0815789597765342,0.035302290881071785,109.0,0.07692307692307693,2,0.1764470731150288,394.837530482926,2237.7108529622637,198,baseline,0.1716403989209081,0.1813907515123117,0.035302290881071785,0.027843205676603776,0.029424890841219103,0.1884938196509775,sampled,cortical volume,r,partial correlation,cross-sectional,False,-0.1717027624116903
lh-superiorfrontal,lh,,0.7431001606009949,0.13155019678633645,109.0,0.0,0,0.1091370636031664,271.21813773457006,2485.114852647558,198,baseline,0.1061640116959723,0.1121948561420436,0.13155019678633645,0.07969095844025414,0.0842179517822902,4.050956333599706e-09,sampled,cortical volume,r,partial correlation,cross-sectional,False,-0.031926368510118215
rh-superiorfrontal,rh,,0.14182513574372593,0.03712501041852517,109.0,0.0,0,0.1354507801937126,355.4848306322435,2624.4576083198112,198,baseline,0.1317609044806358,0.1392458281030777,0.03712501041852517,0.03434520853134182,0.03629625208001232,0.0007686954117123725,sampled,cortical volume,r,partial correlation,cross-sectional,False,-0.14407599932514775
lh-superiorparietal,lh,,0.8085289613453848,0.059744329126955764,109.0,0.0,0,0.1306042692151913,224.3119423018032,1717.4931849449235,198,baseline,0.1270464194906487,0.1342635280111201,0.059744329126955764,0.10063428452455703,0.10635100251791361,5.38306962052337e-38,sampled,cortical volume,r,partial correlation,cross-sectional,False,0.0023007919893511452
rh-superiorparietal,rh,,0.8527289858139575,0.09424644928911956,109.0,0.0,0,0.1656211911327158,262.6947257326247,1586.1178387620805,198,baseline,0.1611094296658754,0.1702615509317208,0.09424644928911956,0.1272154716269304,0.13444218346891257,2.6973623251874435e-14,sampled,cortical volume,r,partial correlation,cross-sectional,False,0.008035853147522393
lh-superiortemporal,lh,,0.0801638540460714,0.01617648323923826,109.0,0.038461538461538464,1,0.1174554648262895,174.54947684799822,1486.0907247367984,198,baseline,0.1142558076045972,0.1207463215906067,0.01617648323923826,0.0188970577497193,0.019970540316517484,0.018972468445674708,sampled,cortical volume,r,partial correlation,cross-sectional,False,-0.17066608425101323
rh-superiortemporal,rh,,0.2913646057033018,0.05675345534967903,109.0,0.0,0,0.1095651687790874,139.86629754451636,1276.5580439758562,198,baseline,0.1065804546659686,0.1126349559306981,0.05675345534967903,0.047628882352139294,0.0503345297369478,3.8636828116263055e-10,sampled,cortical volume,r,partial correlation,cross-sectional,False,-0.10366846095907724
lh-supramarginal,lh,,0.20495457675523643,0.04166710642658849,109.0,0.0,0,0.098303667228574,178.33054388598967,1814.0782425882285,198,baseline,0.095625732751605,0.101057930631599,0.04166710642658849,0.033159190537034006,0.035042860124230656,1.1782709266746944e-07,sampled,cortical volume,r,partial correlation,cross-sectional,False,-0.12438031358689604
rh-supramarginal,rh,,0.9090696803099424,0.09879159619027891,109.0,0.0,0,0.1430471928483772,211.0791813153793,1475.591216523295,198,baseline,0.139150379836594,0.1470550763717013,0.09879159619027891,0.1102378560296852,0.11650012279186579,5.933518146684374e-10,sampled,cortical volume,r,partial correlation,cross-sectional,False,-0.0016012674873797797
lh-temporalpole,lh,,0.33863923796752715,0.22526285804315374,109.0,0.0,0,0.410241069452235,163.32994582853203,398.1316303767797,198,baseline,0.3990655076982635,0.4217351672398878,0.22526285804315374,0.18227776487447214,0.1926323928540892,0.07479111853243031,sampled,cortical volume,r,partial correlation,cross-sectional,False,-0.1016804621711718
rh-temporalpole,rh,,0.1417669456723905,0.08432834999875985,109.0,0.07692307692307693,2,0.366074970656963,151.53368941838983,413.9416828920192,198,baseline,0.3561025574935936,0.3763316266177168,0.08432834999875985,0.08485428558614846,0.08967459134492183,0.11585243953649348,sampled,cortical volume,r,partial correlation,cross-sectional,False,-0.14971593584355752
lh-transversetemporal,lh,,0.13970613249561536,0.035853130064407907,109.0,0.0,0,0.1559208368155868,31.87000219057162,204.39860920106145,198,baseline,0.1516733270699387,0.1602894129503068,0.035853130064407907,0.038982414729496345,0.04119688341441278,0.0006932007122975982,sampled,cortical volume,r,partial correlation,cross-sectional,False,-0.14497663953814638
rh-transversetemporal,rh,,0.865480393720138,0.127776564426649,109.0,0.0,0,0.1820984539206673,25.391933665246828,139.44068781775067,198,baseline,0.1771378279165219,0.187200472202599,0.127776564426649,0.13930309503035235,0.14721646683651798,8.147875318509473e-08,sampled,cortical volume,r,partial correlation,cross-sectional,False,-0.011893018066018926
lh-BrainSegVolNotVent,lh,0.9290183023909422,0.35621457132281314,0.10513277616594163,192.0,0.0,0,0.2259511761218401,0.0035163922666224,0.0155626198853076,390,baseline+follow-up,0.2215507055300968,0.2304407059010289,0.11300398224234917,0.11080319396081707,0.1152493113092374,7.183937066269584e-05,simulated,cortical thickness,F,Group differences,longitudinal,False,
rh-BrainSegVolNotVent,rh,0.9290183023909422,0.35621457132281314,0.10513277616594163,192.0,0.0,0,0.2259511761218401,0.0035163922666224,0.0155626198853076,390,baseline+follow-up,0.2215507055300968,0.2304407059010289,0.11300398224234917,0.11080319396081707,0.1152493113092374,7.183937066269584e-05,simulated,cortical thickness,F,Group differences,longitudinal,False,
lh-MeanThickness,lh,0.11013621778003499,0.7957597170229344,0.149523130088374,192.0,0.0,0,0.3456271521476431,0.0051542367034514,0.0149127077297726,390,baseline+follow-up,0.3388959540860161,0.3524945799641125,0.26058474304439977,0.255509772787084,0.26576242339101264,0.00982493273234057,simulated,cortical thickness,F,Group differences,longitudinal,False,
rh-MeanThickness,rh,0.10913715878255197,0.7972053443239927,0.15197908339599533,192.0,0.0,0,0.2865922083180647,0.0045131650975761,0.0157476894576541,390,baseline+follow-up,0.2810107344520187,0.292286643177008,0.21618395558433845,0.21197370470056945,0.2204794158826082,0.001079007372869297,simulated,cortical thickness,F,Group differences,longitudinal,False,
lh-bankssts,lh,0.4544777785454025,0.5843552538723392,0.219683336192144,192.0,0.0,0,0.4635427171398332,0.0140035371581689,0.0302098094531051,390,baseline+follow-up,0.4545150761697739,0.4727530645619825,0.2940214159051837,0.2882952558725588,0.29986346517034795,0.03155798736748004,simulated,cortical thickness,F,Group differences,longitudinal,False,
rh-bankssts,rh,0.152558896585905,0.7790311988542391,0.18413230410293113,192.0,0.0,0,0.4039423054360074,0.0117495644210584,0.0290872341493822,390,baseline+follow-up,0.3960754013271586,0.4119684243545089,0.2981308067258731,0.29232461500778945,0.3040545074025524,0.029374710785552927,simulated,cortical thickness,F,Group differences,longitudinal,False,
lh-caudalanteriorcingulate,lh,0.44734108521443466,0.5886290898656057,0.21363197698203568,192.0,0.0,0,0.6084525630191594,0.024234083171726,0.0398290427958357,390,baseline+follow-up,0.5966027569858735,0.6205421920610782,0.38732012398606297,0.37977694211622415,0.39501596899364505,0.15622881323351268,simulated,cortical thickness,F,Group differences,longitudinal,False,
rh-caudalanteriorcingulate,rh,0.5091681234396808,0.5559993436200331,0.216860226471425,192.0,0.0,0,0.599780232606556,0.0225773998844983,0.0376427875696741,390,baseline+follow-up,0.5880993229499013,0.6116975470524164,0.37014639370628083,0.3629376756632908,0.3775010058208362,0.13936974290905396,simulated,cortical thickness,F,Group differences,longitudinal,False,
lh-caudalmiddlefrontal,lh,0.8162518055590601,0.4491806384470356,0.20827785728117318,192.0,0.0,0,0.4232815927678811,0.0109202804386747,0.0257990912556956,390,baseline+follow-up,0.4150380499239309,0.4316919730470666,0.2239812320260173,0.2196191267183581,0.22843162006302392,0.0151635635322298,simulated,cortical thickness,F,Group differences,longitudinal,False,
rh-caudalmiddlefrontal,rh,0.12159665545222685,0.7769030134717249,0.14801569646219856,192.0,0.0,0,0.316147836868543,0.0107937340350391,0.0341414135296687,390,baseline+follow-up,0.3099907577921628,0.3224295263583206,0.23699069315630436,0.2323752244800589,0.24169957227159652,0.0029800247187278177,simulated,cortical thickness,F,Group differences,longitudinal,False,
lh-cuneus,lh,0.9445533652974498,0.39180935536751177,0.19140390441263047,192.0,0.0,0,0.4390834907097066,0.0187374744714058,0.042674058277891,390,baseline+follow-up,0.4305322009074081,0.4478078463024761,0.21789724980666564,0.2136536319762414,0.22222675235053765,0.02926838690832234,simulated,cortical thickness,F,Group differences,longitudinal,False,
rh-cuneus,rh,0.4932264643536126,0.5862160468465307,0.24848913911304488,192.0,0.0,0,0.4472378403497466,0.0184603773484468,0.0412764209173593,390,baseline+follow-up,0.4385277420101274,0.4561242185359242,0.27822142644144743,0.2728029761989566,0.28374953831347294,0.02051731957419181,simulated,cortical thickness,F,Group differences,longitudinal,False,
lh-eTIV,lh,2.2198934277065385,0.1379323187624728,0.0011446049162717818,192.0,0.0,0,0.0043793650819558,9.560383873559791e-05,0.0218305249611435,390,baseline+follow-up,0.0042940755624038,0.004466380738554,0.0011508299076331305,0.001128417131335369,0.0011736962862454428,0.0,simulated,cortical thickness,F,Group differences,longitudinal,False,
rh-eTIV,rh,2.2198934277065385,0.1379323187624728,0.0011446049162717818,192.0,0.0,0,0.0043793650819558,9.560383873559791e-05,0.0218305249611435,390,baseline+follow-up,0.0042940755624038,0.004466380738554,0.0011508299076331305,0.001128417131335369,0.0011736962862454428,0.0,simulated,cortical thickness,F,Group differences,longitudinal,False,
lh-entorhinal,lh,1.0799177646112044,0.38321963071566817,0.22535813894769605,192.0,0.0,0,0.5533835465419592,0.0444079706708947,0.0802480864282935,390,baseline+follow-up,0.5426062270151983,0.5643789834950007,0.25664850530592487,0.2516501945230476,0.2617479747007376,0.0803426406104576,simulated,cortical thickness,F,Group differences,longitudinal,False,
rh-entorhinal,rh,0.4542958218565072,0.613550902196665,0.2655046604564935,192.0,0.0,0,0.508374112334726,0.0411084656669154,0.0808626259077658,390,baseline+follow-up,0.498473365769343,0.5184752357520466,0.32248703034416415,0.31620649347064556,0.3288946762390968,0.052154448280794984,simulated,cortical thickness,F,Group differences,longitudinal,False,
lh-frontalpole,lh,0.7307965787985468,0.5626030505036007,0.2904699862810147,192.0,0.038461538461538464,1,0.5825582143768999,0.0388150941975221,0.0666286960506401,390,baseline+follow-up,0.5712127089701846,0.594133336473834,0.3217360639413583,0.31547015237596,0.32812878853299676,0.06412744616939015,simulated,cortical thickness,F,Group differences,longitudinal,False,
rh-frontalpole,rh,0.7982818221603062,0.49613402585222194,0.26631821875844114,192.0,0.0,0,0.518238590267114,0.0374611630247304,0.0722855528867928,390,baseline+follow-up,0.5081457298752424,0.528535715618099,0.2767056510686409,0.27131672103076343,0.2822036452896253,0.03965059349543093,simulated,cortical thickness,F,Group differences,longitudinal,False,
lh-fusiform,lh,1.0977251064613553,0.38561740264165467,0.23866832116398579,192.0,0.0,0,0.4739161901575238,0.0128424892863656,0.0270986506751267,390,baseline+follow-up,0.4646865225207656,0.4833326529751576,0.21784570710508622,0.21360309308507097,0.2221741855228722,0.032085444746368944,simulated,cortical thickness,F,Group differences,longitudinal,False,
rh-fusiform,rh,1.2161125758806988,0.337334393468466,0.1631099066756571,192.0,0.0,0,0.4882508372870045,0.0123595843913628,0.0253140055223245,390,baseline+follow-up,0.4787419978653547,0.4979521219244073,0.21154551813049877,0.20742560228263265,0.21574881514183486,0.05632901659773114,simulated,cortical thickness,F,Group differences,longitudinal,False,
lh-inferiorparietal,lh,0.1786227658231247,0.732413948861014,0.17291773134205252,192.0,0.0,0,0.3715899187594814,0.0093298313407651,0.0251078699118423,390,baseline+follow-up,0.3643530876096951,0.3789732129496275,0.2706868548838516,0.2654151428045767,0.2760652588235625,0.010537358124961182,simulated,cortical thickness,F,Group differences,longitudinal,False,
rh-inferiorparietal,rh,0.11251563415082659,0.7827450211972429,0.13891174218481317,192.0,0.0,0,0.3581482983492404,0.0085690098159972,0.0239258705276365,390,baseline+follow-up,0.3511732470066491,0.3652645146858957,0.26970248624245036,0.264449945053685,0.2750613313004368,0.012498286883835604,simulated,cortical thickness,F,Group differences,longitudinal,False,
lh-inferiortemporal,lh,0.3918908783616904,0.6352171625256781,0.2425934655089036,192.0,0.0,0,0.4563982770894876,0.0128443364665333,0.0281428241763825,390,baseline+follow-up,0.4475097763481964,0.4654666682850211,0.2987201449146625,0.29290247564902677,0.30465555542792666,0.02807990492558995,simulated,cortical thickness,F,Group differences,longitudinal,False,
rh-inferiortemporal,rh,0.09139667041484656,0.8048354342973195,0.12929633433946403,192.0,0.0,0,0.3891441417845991,0.0115154399273694,0.0295917082923568,390,baseline+follow-up,0.381565436591452,0.3968762290563944,0.296169217552309,0.2904012284035569,0.30205394249467077,0.032743831241552224,simulated,cortical thickness,F,Group differences,longitudinal,False,
lh-insula,lh,0.2921335476158682,0.664680358156376,0.20310283523089664,192.0,0.0,0,0.6413818996307941,0.0203101345477427,0.0316662109726421,390,baseline+follow-up,0.6288907843560507,0.6541258170896368,0.441340058680568,0.4327448215036,0.4501092510795796,0.25442428563595015,simulated,cortical thickness,F,Group differences,longitudinal,False,
rh-insula,rh,1.8258278765058322,0.32119268027278014,0.2659558339079855,192.0,0.07692307692307693,2,0.711144305809677,0.0213510172712637,0.0300234665409496,390,baseline+follow-up,0.6972945456185032,0.7252743652014083,0.22734054031604173,0.2229130114173547,0.2318576760233389,0.09761323518107445,simulated,cortical thickness,F,Group differences,longitudinal,False,
lh-isthmuscingulate,lh,1.6970481459646851,0.3260883165495831,0.25446981672796615,192.0,0.07692307692307693,2,0.5650826360657816,0.0195478134824243,0.0345928404711214,390,baseline+follow-up,0.5540774730717577,0.576310527709735,0.19261290652303895,0.1888617092719665,0.19644002260419183,0.04134983636696232,simulated,cortical thickness,F,Group differences,longitudinal,False,
rh-isthmuscingulate,rh,0.8973952023695927,0.4961988712004513,0.28630752771145146,192.0,0.038461538461538464,1,0.6095515925689862,0.0212407503518833,0.0348465176874744,390,baseline+follow-up,0.5976803825877479,0.6216630587439389,0.3097130967521964,0.3036813362739908,0.31586693137584976,0.07681666638481943,simulated,cortical thickness,F,Group differences,longitudinal,False,
lh-lateraloccipital,lh,0.4180600442081775,0.6343909144515704,0.25935252114450147,192.0,0.0,0,0.3719201998896283,0.0106780548927424,0.028710607533313,390,baseline+follow-up,0.3646769364104107,0.3793100565902899,0.24025373377223674,0.23557471634835242,0.2450274477703003,0.00371999964092934,simulated,cortical thickness,F,Group differences,longitudinal,False,
rh-lateraloccipital,rh,1.0571531018538738,0.35026576690836103,0.1613256239092885,192.0,0.0,0,0.3649710332419916,0.0106151739704091,0.0290849766243526,390,baseline+follow-up,0.3578631069802866,0.3722228136947638,0.17120341486435256,0.1678691742321623,0.17460513572513653,0.01172965646329972,simulated,cortical thickness,F,Group differences,longitudinal,False,
lh-lateralorbitofrontal,lh,0.17907947539511576,0.7250548903992977,0.16426802041380967,192.0,0.0,0,0.4526371849834849,0.0138266494681159,0.0305468704888229,390,baseline+follow-up,0.4438219327000657,0.4616308452778477,0.3296506035201337,0.32323055379417626,0.33620058580671924,0.05263270259771674,simulated,cortical thickness,F,Group differences,longitudinal,False,
rh-lateralorbitofrontal,rh,0.3380163071405903,0.6685029571355449,0.24495621929018926,192.0,0.0,0,0.4807914449236979,0.0178313245455993,0.0370874414132497,390,baseline+follow-up,0.4714278795266866,0.4903445153994198,0.3233066081804013,0.31701010976940414,0.32973053865134416,0.04613769283966463,simulated,cortical thickness,F,Group differences,longitudinal,False,
lh-lingual,lh,0.5149851934984988,0.5916145305021818,0.24969344186317846,192.0,0.0,0,0.5245706190659637,0.0187768895965399,0.0357947794140158,390,baseline+follow-up,0.514354440411299,0.534993558463784,0.3227891842185121,0.3165027628027615,0.3292028337503368,0.05716551742580518,simulated,cortical thickness,F,Group differences,longitudinal,False,
rh-lingual,rh,0.6708415237225549,0.5254662084766362,0.2619894598430048,192.0,0.0,0,0.4827870157782687,0.0195848542061773,0.0405662405286643,390,baseline+follow-up,0.4733845860079445,0.4923797371862488,0.2747611234327194,0.26941006368533377,0.2802204809230712,0.029377939847705484,simulated,cortical thickness,F,Group differences,longitudinal,False,
lh-medialorbitofrontal,lh,0.4300751560634227,0.6410762681168916,0.2632950911981143,192.0,0.0,0,0.5368886797526419,0.0189557222098044,0.0353066155511749,390,baseline+follow-up,0.5264326029716234,0.5475563724694044,0.34473689747121594,0.33802303740087536,0.35158663640042437,0.07358280749545802,simulated,cortical thickness,F,Group differences,longitudinal,False,
rh-medialorbitofrontal,rh,0.5074406619166058,0.5924451716638376,0.23792194564684907,192.0,0.0,0,0.4275188412849965,0.0168808024867336,0.0394855170265594,390,baseline+follow-up,0.4191927766865262,0.4360134134401701,0.2640661326848289,0.25892336126358895,0.2693129863932801,0.012699010697903355,simulated,cortical thickness,F,Group differences,longitudinal,False,
lh-middletemporal,lh,0.10279303930506846,0.8273908921580821,0.1572824745613306,192.0,0.0,0,0.4181022950691171,0.0106142813814899,0.0253868048720835,390,baseline+follow-up,0.4099596206853383,0.4264097654557631,0.3163921144152027,0.31023027795637054,0.3226786575700019,0.06272242651376908,simulated,cortical thickness,F,Group differences,longitudinal,False,
rh-middletemporal,rh,0.14325129282303606,0.7592498719838753,0.15911224906855026,192.0,0.0,0,0.3266452700824617,0.0088431487104118,0.0270726366500864,390,baseline+follow-up,0.3202837501753698,0.3331355379909395,0.24221106128897402,0.23749392429287217,0.247023666344499,0.0034820744509227474,simulated,cortical thickness,F,Group differences,longitudinal,False,
lh-paracentral,lh,0.19860246973481518,0.6957532085605818,0.14473354546375133,192.0,0.0,0,0.4746595739158761,0.0176045677398337,0.0370888289360698,390,baseline+follow-up,0.4654154286453956,0.4840908073736887,0.3423171312036831,0.33565039684643655,0.3491187906632325,0.06639561787127472,simulated,cortical thickness,F,Group differences,longitudinal,False,
rh-paracentral,rh,0.2553076005038096,0.6901085046193233,0.20446600439958756,192.0,0.0,0,0.4387137082674293,0.0158497418185102,0.0361277560281947,390,baseline+follow-up,0.4301696200951046,0.4474307164796057,0.3075138725214672,0.3015249426304623,0.31362400972851745,0.03125995571476655,simulated,cortical thickness,F,Group differences,longitudinal,False,
lh-parahippocampal,lh,1.1009794936209567,0.4058812337267914,0.24112989845333288,192.0,0.038461538461538464,1,0.4423457350763619,0.016841970287498,0.0380742232873356,390,baseline+follow-up,0.4337309120336309,0.4511349097308529,0.2030032483396048,0.19904969589664215,0.20703681499031026,0.014154800321136318,simulated,cortical thickness,F,Group differences,longitudinal,False,
rh-parahippocampal,rh,1.0191860071589693,0.4734545603566389,0.28752239883248726,192.0,0.038461538461538464,1,0.5109894628196148,0.015882378673186,0.0310816168019353,390,baseline+follow-up,0.5010377814766689,0.5211425518610425,0.24429174414225463,0.23953408518975605,0.24914569126021618,0.02126285860641389,simulated,cortical thickness,F,Group differences,longitudinal,False,
lh-parsopercularis,lh,4.136690845598307,0.06442030030960512,0.048718452253641624,192.0,0.5,13,0.4300683840759227,0.0106388992986141,0.0247376921730103,390,baseline+follow-up,0.4216926663255351,0.4386136142913004,0.043807880473173126,0.042954708150649556,0.044678319774809704,0.4496251084537733,simulated,cortical thickness,F,Group differences,longitudinal,False,
rh-parsopercularis,rh,0.18366244436452694,0.7242540284667781,0.16647885246760313,192.0,0.0,0,0.4245854551655003,0.0113745262446079,0.0267897218480417,390,baseline+follow-up,0.4163165191891271,0.4330217424975392,0.3085100672681049,0.30250173616945214,0.31463999833530526,0.03239416839020976,simulated,cortical thickness,F,Group differences,longitudinal,False,
lh-parsorbitalis,lh,0.14808711365458554,0.7603206902010526,0.16224307060974394,192.0,0.0,0,0.4844939967358448,0.0212949191467023,0.0439529061044542,390,baseline+follow-up,0.4750583229716923,0.494120634948212,0.3583861722844795,0.3514064882717931,0.36550711504980093,0.09722425798754326,simulated,cortical thickness,F,Group differences,longitudinal,False,
rh-parsorbitalis,rh,1.4835109392852226,0.27794514352105926,0.168824998779303,192.0,0.0,0,0.4712431182429263,0.0197168218875139,0.0418400208389883,390,baseline+follow-up,0.4620655095268239,0.4806064685423228,0.17866771318413155,0.17518810298224954,0.18221774568534407,0.06731513074517927,simulated,cortical thickness,F,Group differences,longitudinal,False,
lh-parstriangularis,lh,0.7701997879384231,0.472967563233548,0.2319565717052137,192.0,0.0,0,0.4858708782009499,0.0141325016595949,0.0290869494214673,390,baseline+follow-up,0.4764083892349493,0.4955248743162326,0.26309579669771244,0.25797192287660314,0.2683233703458216,0.03565243748036264,simulated,cortical thickness,F,Group differences,longitudinal,False,
rh-parstriangularis,rh,0.2071414626896776,0.7244087252635729,0.1825427168189404,192.0,0.0,0,0.4305641112027566,0.0138205182106397,0.0320986302644522,390,baseline+follow-up,0.4221787390098448,0.4391191912526715,0.3091877702285825,0.30316624065051173,0.31533116689341645,0.03295391450297821,simulated,cortical thickness,F,Group differences,longitudinal,False,
lh-pericalcarine,lh,1.7850427764149377,0.23464794786490784,0.15649866030316822,192.0,0.0,0,0.4927206674355809,0.0322175591373618,0.0653870666823084,390,baseline+follow-up,0.4831247766586051,0.5025107652223746,0.16074574880120399,0.15761517452189144,0.16393968139543785,0.09752997499525684,simulated,cortical thickness,F,Group differences,longitudinal,False,
rh-pericalcarine,rh,1.3392803493792984,0.39436464458909926,0.2633456101680915,192.0,0.038461538461538464,1,0.4772531024372288,0.0337439403977238,0.0707044966819509,390,baseline+follow-up,0.4679584473788244,0.4867358679283313,0.19444755041461342,0.19066062289371116,0.19831111989480057,0.012508289299857263,simulated,cortical thickness,F,Group differences,longitudinal,False,
lh-postcentral,lh,0.257658041096834,0.6881265846612084,0.1974212897164899,192.0,0.0,0,0.4801270096532951,0.0146736325732568,0.0305619810554978,390,baseline+follow-up,0.4707763843432427,0.4896668781533334,0.3361454832305432,0.32959894366880305,0.3428245153250235,0.05904322466663565,simulated,cortical thickness,F,Group differences,longitudinal,False,
rh-postcentral,rh,0.17442183441934306,0.7364401001511932,0.17121079455167948,192.0,0.0,0,0.3390448422664102,0.0104458435547966,0.0308096223643143,390,baseline+follow-up,0.3324418367707846,0.3457814830839585,0.24750074728714774,0.24268059198384323,0.2524184555920515,0.004130103214426678,simulated,cortical thickness,F,Group differences,longitudinal,False,
lh-posteriorcingulate,lh,0.5340527932017292,0.5754140260939793,0.23936319740249803,192.0,0.0,0,0.546999475907578,0.0154232913445731,0.028196172069421,390,baseline+follow-up,0.5363464881748109,0.5578680647701717,0.3333889641515401,0.3268961086703652,0.34001322567697767,0.07447046023509925,simulated,cortical thickness,F,Group differences,longitudinal,False,
rh-posteriorcingulate,rh,0.6916764343364086,0.5431676242693775,0.2739341112935629,192.0,0.0,0,0.5359216631784107,0.0160471790069831,0.0299431430179768,390,baseline+follow-up,0.5254844193509076,0.546570141789801,0.30183478379609957,0.29595645595352305,0.3078320805285446,0.048369812366380265,simulated,cortical thickness,F,Group differences,longitudinal,False,
lh-precentral,lh,0.47574318940630334,0.5705157890093783,0.21891575258925633,192.0,0.0,0,0.4326373792484138,0.0159367627837797,0.0368363057567179,390,baseline+follow-up,0.4242116295048279,0.4412336540324786,0.271508032755514,0.26622032797756473,0.2769027530630886,0.018797030421005587,simulated,cortical thickness,F,Group differences,longitudinal,False,
rh-precentral,rh,0.40823899095908434,0.6060889992964859,0.2190759573756134,192.0,0.0,0,0.3542043585265226,0.0125801439973633,0.0355166267566448,390,baseline+follow-up,0.3473061166588955,0.3612422108750575,0.2299394027990236,0.22546126023182358,0.23450817652259326,0.0028037607884334776,simulated,cortical thickness,F,Group differences,longitudinal,False,
lh-precuneus,lh,0.13822693591857887,0.7789852804815965,0.16794365163360628,192.0,0.0,0,0.4121459733752892,0.0086583010890286,0.0210078507333727,390,baseline+follow-up,0.4041193002396495,0.4203350948155926,0.306382929426488,0.30041602500981696,0.31247059539532374,0.03634966595232662,simulated,cortical thickness,F,Group differences,longitudinal,False,
rh-precuneus,rh,0.10060238106324872,0.7905138621967063,0.1279232010036501,192.0,0.0,0,0.3779139537612681,0.0081193654998306,0.0214846935896939,390,baseline+follow-up,0.3705539600304138,0.3854229031657505,0.28629512098763094,0.28071943299127233,0.29198365287921685,0.02249431313793979,simulated,cortical thickness,F,Group differences,longitudinal,False,
lh-rostralanteriorcingulate,lh,1.935650764288245,0.23491842492640644,0.1804987237164653,192.0,0.07692307692307693,2,0.6777560457696714,0.0258864669361676,0.0381943725884002,390,baseline+follow-up,0.6645565324988159,0.6912226981798693,0.20514132026148352,0.201146128191869,0.209217369264917,0.2050691931470498,simulated,cortical thickness,F,Group differences,longitudinal,False,
rh-rostralanteriorcingulate,rh,0.6468474979516563,0.5602937952617917,0.2845884748319056,192.0,0.0,0,0.6106231582755175,0.0240130336525192,0.0393254551961889,390,baseline+follow-up,0.5987310792133581,0.6227559158915347,0.3517162513534195,0.34486646615962907,0.3587046663348241,0.10637850230223048,simulated,cortical thickness,F,Group differences,longitudinal,False,
lh-rostralmiddlefrontal,lh,0.27864256396747433,0.6417160039363785,0.16012582229272046,192.0,0.0,0,0.344188722669395,0.0103196414550833,0.0299825089417461,390,baseline+follow-up,0.337485538476631,0.3510275696566396,0.23844801017127595,0.2338041597854183,0.24318584540110905,0.003263047790512345,simulated,cortical thickness,F,Group differences,longitudinal,False,
rh-rostralmiddlefrontal,rh,0.41448846949969276,0.5691340027067542,0.17147410027014706,192.0,0.0,0,0.2885829474523045,0.0107603337128424,0.037286796769656,390,baseline+follow-up,0.2829627033122267,0.2943169372397911,0.18675358794301766,0.18311650277377453,0.19046428247814337,0.00026863676469035834,simulated,cortical thickness,F,Group differences,longitudinal,False,
lh-superiorfrontal,lh,0.8101218231086075,0.4404554121124006,0.20798040904859247,192.0,0.0,0,0.3660619295772769,0.0083397511147954,0.0227823503100311,390,baseline+follow-up,0.3589327577645443,0.3733353855604329,0.1942983933942069,0.1905143707534346,0.19815899920367377,0.005106111605067505,simulated,cortical thickness,F,Group differences,longitudinal,False,
rh-superiorfrontal,rh,0.18342160538996904,0.7552744646802563,0.1957680935258997,192.0,0.0,0,0.3461758713395315,0.0080863708352153,0.0233591405545539,390,baseline+follow-up,0.3394339867981593,0.353054201914706,0.25156692515237256,0.24666757974957923,0.2565654262503334,0.005272867606679773,simulated,cortical thickness,F,Group differences,longitudinal,False,
lh-superiorparietal,lh,0.13068875422247828,0.7762197618208586,0.15778182441755306,192.0,0.0,0,0.2795116690491244,0.0079098888122839,0.028298957389481,390,baseline+follow-up,0.2740680909239257,0.2850654173560159,0.2085728214144376,0.20451079977496514,0.21271705252197837,0.0005149522972943316,simulated,cortical thickness,F,Group differences,longitudinal,False,
rh-superiorparietal,rh,0.1489853883835455,0.7533599798516868,0.15971600007056794,192.0,0.0,0,0.2634422733056444,0.0072603802254351,0.0275596628222673,390,baseline+follow-up,0.2583116517430535,0.2686767312598049,0.19478359978897328,0.1909901276002599,0.19865384639162267,0.00014114708000498272,simulated,cortical thickness,F,Group differences,longitudinal,False,
lh-superiortemporal,lh,0.5232371421437513,0.5200419948617648,0.18095652035503965,192.0,0.0,0,0.3724443272790846,0.0088731833506542,0.023824187135505,390,baseline+follow-up,0.3651908562532491,0.3798445981124073,0.22823382675477008,0.2237889008202672,0.2327687115888337,0.006735605356280401,simulated,cortical thickness,F,Group differences,longitudinal,False,
rh-superiortemporal,rh,0.30861223923706393,0.64787527267356,0.19375771252823293,192.0,0.0,0,0.2949163351064442,0.0080811182021686,0.0274013923279357,390,baseline+follow-up,0.2891727462394369,0.3007761659404986,0.20126309927725944,0.19734343678745184,0.2052620900909645,0.00031604420253368456,simulated,cortical thickness,F,Group differences,longitudinal,False,
lh-supramarginal,lh,0.13053963399074806,0.7570311483219215,0.13271068471727587,192.0,0.0,0,0.3967886891044754,0.0092112571243358,0.0232145153762447,390,baseline+follow-up,0.3890611039353719,0.404672669468531,0.2961076200246316,0.29034083050720566,0.3019911210568567,0.025239245213432255,simulated,cortical thickness,F,Group differences,longitudinal,False,
rh-supramarginal,rh,0.8406477199176046,0.43173402571176045,0.1825212281562974,192.0,0.0,0,0.3706133069370373,0.0082549125551317,0.0222736539692951,390,baseline+follow-up,0.363395495611259,0.377977196369329,0.1937318549120228,0.18995886578730797,0.1975812039029571,0.005885916009882638,simulated,cortical thickness,F,Group differences,longitudinal,False,
lh-temporalpole,lh,0.5687742536618411,0.5725731594838208,0.26106259176019003,192.0,0.0,0,0.5563699502251839,0.0449635874985835,0.0808159884989925,390,baseline+follow-up,0.5455344695425103,0.5674247254321731,0.333250446905757,0.3267602890917374,0.33987195616714105,0.07521406497379526,simulated,cortical thickness,F,Group differences,longitudinal,False,
rh-temporalpole,rh,0.3938247089175869,0.6495124206017133,0.22978433064612053,192.0,0.0,0,0.4500766232351239,0.0426546460127012,0.0947719650625313,390,baseline+follow-up,0.4413112387013018,0.4590194065284547,0.29429692228706567,0.2885653966805494,0.30014444571760956,0.023843439265590766,simulated,cortical thickness,F,Group differences,longitudinal,False,
lh-transversetemporal,lh,0.27642015751969196,0.6792013339459709,0.20592755241039792,192.0,0.0,0,0.4477656859462305,0.0222376342884298,0.0496635516887289,390,baseline+follow-up,0.439045307646736,0.4566625521438666,0.31055053201709265,0.30450246222233945,0.31672100603437264,0.03401685473862903,simulated,cortical thickness,F,Group differences,longitudinal,False,
rh-transversetemporal,rh,0.21772437948033324,0.7575757427364475,0.2244399936791054,192.0,0.0,0,0.4491927126489389,0.0219954596251188,0.0489666439497852,390,baseline+follow-up,0.4404445425532402,0.4581179331087102,0.32085566742466043,0.31460690185977125,0.3272308990054324,0.046858876800026615,simulated,cortical thickness,F,Group differences,longitudinal,False,
lh-BrainSegVolNotVent,lh,0.9290183023909422,0.35621457132281314,0.10513277616594163,192.0,0.0,0,0.2259511761218401,0.0035163922666224,0.0155626198853076,390,baseline+follow-up,0.2215507055300968,0.2304407059010289,0.10513277616594163,0.11080319396081707,0.1152493113092374,1.9126683194286594e-05,sampled,cortical thickness,F,Group differences,longitudinal,False,
rh-BrainSegVolNotVent,rh,0.9290183023909422,0.35621457132281314,0.10513277616594163,192.0,0.0,0,0.2259511761218401,0.0035163922666224,0.0155626198853076,390,baseline+follow-up,0.2215507055300968,0.2304407059010289,0.10513277616594163,0.11080319396081707,0.1152493113092374,1.9126683194286594e-05,sampled,cortical thickness,F,Group differences,longitudinal,False,
lh-MeanThickness,lh,0.11013621778003499,0.7957597170229344,0.149523130088374,192.0,0.0,0,0.3456271521476431,0.0051542367034514,0.0149127077297726,390,baseline+follow-up,0.3388959540860161,0.3524945799641125,0.149523130088374,0.255509772787084,0.26576242339101264,5.754600286247313e-07,sampled,cortical thickness,F,Group differences,longitudinal,False,
rh-MeanThickness,rh,0.10913715878255197,0.7972053443239927,0.15197908339599533,192.0,0.0,0,0.2865922083180647,0.0045131650975761,0.0157476894576541,390,baseline+follow-up,0.2810107344520187,0.292286643177008,0.15197908339599533,0.21197370470056945,0.2204794158826082,9.360005471234573e-07,sampled,cortical thickness,F,Group differences,longitudinal,False,
lh-bankssts,lh,0.4544777785454025,0.5843552538723392,0.219683336192144,192.0,0.0,0,0.4635427171398332,0.0140035371581689,0.0302098094531051,390,baseline+follow-up,0.4545150761697739,0.4727530645619825,0.219683336192144,0.2882952558725588,0.29986346517034795,0.002036781698895132,sampled,cortical thickness,F,Group differences,longitudinal,False,
rh-bankssts,rh,0.152558896585905,0.7790311988542391,0.18413230410293113,192.0,0.0,0,0.4039423054360074,0.0117495644210584,0.0290872341493822,390,baseline+follow-up,0.3960754013271586,0.4119684243545089,0.18413230410293113,0.29232461500778945,0.3040545074025524,6.0975380557889195e-05,sampled,cortical thickness,F,Group differences,longitudinal,False,
lh-caudalanteriorcingulate,lh,0.44734108521443466,0.5886290898656057,0.21363197698203568,192.0,0.0,0,0.6084525630191594,0.024234083171726,0.0398290427958357,390,baseline+follow-up,0.5966027569858735,0.6205421920610782,0.21363197698203568,0.37977694211622415,0.39501596899364505,0.0013708894161237751,sampled,cortical thickness,F,Group differences,longitudinal,False,
rh-caudalanteriorcingulate,rh,0.5091681234396808,0.5559993436200331,0.216860226471425,192.0,0.0,0,0.599780232606556,0.0225773998844983,0.0376427875696741,390,baseline+follow-up,0.5880993229499013,0.6116975470524164,0.216860226471425,0.3629376756632908,0.3775010058208362,0.00246689428751682,sampled,cortical thickness,F,Group differences,longitudinal,False,
lh-caudalmiddlefrontal,lh,0.8162518055590601,0.4491806384470356,0.20827785728117318,192.0,0.0,0,0.4232815927678811,0.0109202804386747,0.0257990912556956,390,baseline+follow-up,0.4150380499239309,0.4316919730470666,0.20827785728117318,0.2196191267183581,0.22843162006302392,0.008289745119378255,sampled,cortical thickness,F,Group differences,longitudinal,False,
rh-caudalmiddlefrontal,rh,0.12159665545222685,0.7769030134717249,0.14801569646219856,192.0,0.0,0,0.316147836868543,0.0107937340350391,0.0341414135296687,390,baseline+follow-up,0.3099907577921628,0.3224295263583206,0.14801569646219856,0.2323752244800589,0.24169957227159652,3.040037007220178e-07,sampled,cortical thickness,F,Group differences,longitudinal,False,
lh-cuneus,lh,0.9445533652974498,0.39180935536751177,0.19140390441263047,192.0,0.0,0,0.4390834907097066,0.0187374744714058,0.042674058277891,390,baseline+follow-up,0.4305322009074081,0.4478078463024761,0.19140390441263047,0.2136536319762414,0.22222675235053765,0.011600444676616176,sampled,cortical thickness,F,Group differences,longitudinal,False,
rh-cuneus,rh,0.4932264643536126,0.5862160468465307,0.24848913911304488,192.0,0.0,0,0.4472378403497466,0.0184603773484468,0.0412764209173593,390,baseline+follow-up,0.4385277420101274,0.4561242185359242,0.24848913911304488,0.2728029761989566,0.28374953831347294,0.007590070913363482,sampled,cortical thickness,F,Group differences,longitudinal,False,
lh-eTIV,lh,2.2198934277065385,0.1379323187624728,0.0011446049162717818,192.0,0.0,0,0.0043793650819558,9.560383873559791e-05,0.0218305249611435,390,baseline+follow-up,0.0042940755624038,0.004466380738554,0.0011446049162717818,0.001128417131335369,0.0011736962862454428,0.0,sampled,cortical thickness,F,Group differences,longitudinal,False,
rh-eTIV,rh,2.2198934277065385,0.1379323187624728,0.0011446049162717818,192.0,0.0,0,0.0043793650819558,9.560383873559791e-05,0.0218305249611435,390,baseline+follow-up,0.0042940755624038,0.004466380738554,0.0011446049162717818,0.001128417131335369,0.0011736962862454428,0.0,sampled,cortical thickness,F,Group differences,longitudinal,False,
lh-entorhinal,lh,1.0799177646112044,0.38321963071566817,0.22535813894769605,192.0,0.0,0,0.5533835465419592,0.0444079706708947,0.0802480864282935,390,baseline+follow-up,0.5426062270151983,0.5643789834950007,0.22535813894769605,0.2516501945230476,0.2617479747007376,0.040707927456061686,sampled,cortical thickness,F,Group differences,longitudinal,False,
rh-entorhinal,rh,0.4542958218565072,0.613550902196665,0.2655046604564935,192.0,0.0,0,0.508374112334726,0.0411084656669154,0.0808626259077658,390,baseline+follow-up,0.498473365769343,0.5184752357520466,0.2655046604564935,0.31620649347064556,0.3288946762390968,0.011620723137109561,sampled,cortical thickness,F,Group differences,longitudinal,False,
lh-frontalpole,lh,0.7307965787985468,0.5626030505036007,0.2904699862810147,192.0,0.038461538461538464,1,0.5825582143768999,0.0388150941975221,0.0666286960506401,390,baseline+follow-up,0.5712127089701846,0.594133336473834,0.2904699862810147,0.31547015237596,0.32812878853299676,0.03301731218013231,sampled,cortical thickness,F,Group differences,longitudinal,False,
rh-frontalpole,rh,0.7982818221603062,0.49613402585222194,0.26631821875844114,192.0,0.0,0,0.518238590267114,0.0374611630247304,0.0722855528867928,390,baseline+follow-up,0.5081457298752424,0.528535715618099,0.26631821875844114,0.27131672103076343,0.2822036452896253,0.03077096612706881,sampled,cortical thickness,F,Group differences,longitudinal,False,
lh-fusiform,lh,1.0977251064613553,0.38561740264165467,0.23866832116398579,192.0,0.0,0,0.4739161901575238,0.0128424892863656,0.0270986506751267,390,baseline+follow-up,0.4646865225207656,0.4833326529751576,0.23866832116398579,0.21360309308507097,0.2221741855228722,0.05426372441370094,sampled,cortical thickness,F,Group differences,longitudinal,False,
rh-fusiform,rh,1.2161125758806988,0.337334393468466,0.1631099066756571,192.0,0.0,0,0.4882508372870045,0.0123595843913628,0.0253140055223245,390,baseline+follow-up,0.4787419978653547,0.4979521219244073,0.1631099066756571,0.20742560228263265,0.21574881514183486,0.010987898613032033,sampled,cortical thickness,F,Group differences,longitudinal,False,
lh-inferiorparietal,lh,0.1786227658231247,0.732413948861014,0.17291773134205252,192.0,0.0,0,0.3715899187594814,0.0093298313407651,0.0251078699118423,390,baseline+follow-up,0.3643530876096951,0.3789732129496275,0.17291773134205252,0.2654151428045767,0.2760652588235625,1.2111565113209552e-05,sampled,cortical thickness,F,Group differences,longitudinal,False,
rh-inferiorparietal,rh,0.11251563415082659,0.7827450211972429,0.13891174218481317,192.0,0.0,0,0.3581482983492404,0.0085690098159972,0.0239258705276365,390,baseline+follow-up,0.3511732470066491,0.3652645146858957,0.13891174218481317,0.264449945053685,0.2750613313004368,4.57230129522103e-08,sampled,cortical thickness,F,Group differences,longitudinal,False,
lh-inferiortemporal,lh,0.3918908783616904,0.6352171625256781,0.2425934655089036,192.0,0.0,0,0.4563982770894876,0.0128443364665333,0.0281428241763825,390,baseline+follow-up,0.4475097763481964,0.4654666682850211,0.2425934655089036,0.29290247564902677,0.30465555542792666,0.004121408402647568,sampled,cortical thickness,F,Group differences,longitudinal,False,
rh-inferiortemporal,rh,0.09139667041484656,0.8048354342973195,0.12929633433946403,192.0,0.0,0,0.3891441417845991,0.0115154399273694,0.0295917082923568,390,baseline+follow-up,0.381565436591452,0.3968762290563944,0.12929633433946403,0.2904012284035569,0.30205394249467077,6.3749014470686035e-09,sampled,cortical thickness,F,Group differences,longitudinal,False,
lh-insula,lh,0.2921335476158682,0.664680358156376,0.20310283523089664,192.0,0.0,0,0.6413818996307941,0.0203101345477427,0.0316662109726421,390,baseline+follow-up,0.6288907843560507,0.6541258170896368,0.20310283523089664,0.4327448215036,0.4501092510795796,0.0003209558735463864,sampled,cortical thickness,F,Group differences,longitudinal,False,
rh-insula,rh,1.8258278765058322,0.32119268027278014,0.2659558339079855,192.0,0.07692307692307693,2,0.711144305809677,0.0213510172712637,0.0300234665409496,390,baseline+follow-up,0.6972945456185032,0.7252743652014083,0.2659558339079855,0.2229130114173547,0.2318576760233389,0.17327782493640106,sampled,cortical thickness,F,Group differences,longitudinal,False,
lh-isthmuscingulate,lh,1.6970481459646851,0.3260883165495831,0.25446981672796615,192.0,0.07692307692307693,2,0.5650826360657816,0.0195478134824243,0.0345928404711214,390,baseline+follow-up,0.5540774730717577,0.576310527709735,0.25446981672796615,0.1888617092719665,0.19644002260419183,0.14201486491478035,sampled,cortical thickness,F,Group differences,longitudinal,False,
rh-isthmuscingulate,rh,0.8973952023695927,0.4961988712004513,0.28630752771145146,192.0,0.038461538461538464,1,0.6095515925689862,0.0212407503518833,0.0348465176874744,390,baseline+follow-up,0.5976803825877479,0.6216630587439389,0.28630752771145146,0.3036813362739908,0.31586693137584976,0.04903870898993952,sampled,cortical thickness,F,Group differences,longitudinal,False,
lh-lateraloccipital,lh,0.4180600442081775,0.6343909144515704,0.25935252114450147,192.0,0.0,0,0.3719201998896283,0.0106780548927424,0.028710607533313,390,baseline+follow-up,0.3646769364104107,0.3793100565902899,0.25935252114450147,0.23557471634835242,0.2450274477703003,0.008284411166567373,sampled,cortical thickness,F,Group differences,longitudinal,False,
rh-lateraloccipital,rh,1.0571531018538738,0.35026576690836103,0.1613256239092885,192.0,0.0,0,0.3649710332419916,0.0106151739704091,0.0290849766243526,390,baseline+follow-up,0.3578631069802866,0.3722228136947638,0.1613256239092885,0.1678691742321623,0.17460513572513653,0.007226180880014451,sampled,cortical thickness,F,Group differences,longitudinal,False,
lh-lateralorbitofrontal,lh,0.17907947539511576,0.7250548903992977,0.16426802041380967,192.0,0.0,0,0.4526371849834849,0.0138266494681159,0.0305468704888229,390,baseline+follow-up,0.4438219327000657,0.4616308452778477,0.16426802041380967,0.32323055379417626,0.33620058580671924,3.6074701985555607e-06,sampled,cortical thickness,F,Group differences,longitudinal,False,
rh-lateralorbitofrontal,rh,0.3380163071405903,0.6685029571355449,0.24495621929018926,192.0,0.0,0,0.4807914449236979,0.0178313245455993,0.0370874414132497,390,baseline+follow-up,0.4714278795266866,0.4903445153994198,0.24495621929018926,0.31701010976940414,0.32973053865134416,0.003889052445842318,sampled,cortical thickness,F,Group differences,longitudinal,False,
lh-lingual,lh,0.5149851934984988,0.5916145305021818,0.24969344186317846,192.0,0.0,0,0.5245706190659637,0.0187768895965399,0.0357947794140158,390,baseline+follow-up,0.514354440411299,0.534993558463784,0.24969344186317846,0.3165027628027615,0.3292028337503368,0.007609241329077872,sampled,cortical thickness,F,Group differences,longitudinal,False,
rh-lingual,rh,0.6708415237225549,0.5254662084766362,0.2619894598430048,192.0,0.0,0,0.4827870157782687,0.0195848542061773,0.0405662405286643,390,baseline+follow-up,0.4733845860079445,0.4923797371862488,0.2619894598430048,0.26941006368533377,0.2802204809230712,0.020701968885004564,sampled,cortical thickness,F,Group differences,longitudinal,False,
lh-medialorbitofrontal,lh,0.4300751560634227,0.6410762681168916,0.2632950911981143,192.0,0.0,0,0.5368886797526419,0.0189557222098044,0.0353066155511749,390,baseline+follow-up,0.5264326029716234,0.5475563724694044,0.2632950911981143,0.33802303740087536,0.35158663640042437,0.009275213481830562,sampled,cortical thickness,F,Group differences,longitudinal,False,
rh-medialorbitofrontal,rh,0.5074406619166058,0.5924451716638376,0.23792194564684907,192.0,0.0,0,0.4275188412849965,0.0168808024867336,0.0394855170265594,390,baseline+follow-up,0.4191927766865262,0.4360134134401701,0.23792194564684907,0.25892336126358895,0.2693129863932801,0.004626819557189016,sampled,cortical thickness,F,Group differences,longitudinal,False,
lh-middletemporal,lh,0.10279303930506846,0.8273908921580821,0.1572824745613306,192.0,0.0,0,0.4181022950691171,0.0106142813814899,0.0253868048720835,390,baseline+follow-up,0.4099596206853383,0.4264097654557631,0.1572824745613306,0.31023027795637054,0.3226786575700019,4.964655525039624e-06,sampled,cortical thickness,F,Group differences,longitudinal,False,
rh-middletemporal,rh,0.14325129282303606,0.7592498719838753,0.15911224906855026,192.0,0.0,0,0.3266452700824617,0.0088431487104118,0.0270726366500864,390,baseline+follow-up,0.3202837501753698,0.3331355379909395,0.15911224906855026,0.23749392429287217,0.247023666344499,1.847302417268358e-06,sampled,cortical thickness,F,Group differences,longitudinal,False,
lh-paracentral,lh,0.19860246973481518,0.6957532085605818,0.14473354546375133,192.0,0.0,0,0.4746595739158761,0.0176045677398337,0.0370888289360698,390,baseline+follow-up,0.4654154286453956,0.4840908073736887,0.14473354546375133,0.33565039684643655,0.3491187906632325,1.2040576596308186e-07,sampled,cortical thickness,F,Group differences,longitudinal,False,
rh-paracentral,rh,0.2553076005038096,0.6901085046193233,0.20446600439958756,192.0,0.0,0,0.4387137082674293,0.0158497418185102,0.0361277560281947,390,baseline+follow-up,0.4301696200951046,0.4474307164796057,0.20446600439958756,0.3015249426304623,0.31362400972851745,0.0003125024691635962,sampled,cortical thickness,F,Group differences,longitudinal,False,
lh-parahippocampal,lh,1.1009794936209567,0.4058812337267914,0.24112989845333288,192.0,0.038461538461538464,1,0.4423457350763619,0.016841970287498,0.0380742232873356,390,baseline+follow-up,0.4337309120336309,0.4511349097308529,0.24112989845333288,0.19904969589664215,0.20703681499031026,0.044612972893278306,sampled,cortical thickness,F,Group differences,longitudinal,False,
rh-parahippocampal,rh,1.0191860071589693,0.4734545603566389,0.28752239883248726,192.0,0.038461538461538464,1,0.5109894628196148,0.015882378673186,0.0310816168019353,390,baseline+follow-up,0.5010377814766689,0.5211425518610425,0.28752239883248726,0.23953408518975605,0.24914569126021618,0.06065128687854086,sampled,cortical thickness,F,Group differences,longitudinal,False,
lh-parsopercularis,lh,4.136690845598307,0.06442030030960512,0.048718452253641624,192.0,0.5,13,0.4300683840759227,0.0106388992986141,0.0247376921730103,390,baseline+follow-up,0.4216926663255351,0.4386136142913004,0.048718452253641624,0.042954708150649556,0.044678319774809704,0.4745608914172423,sampled,cortical thickness,F,Group differences,longitudinal,False,
rh-parsopercularis,rh,0.18366244436452694,0.7242540284667781,0.16647885246760313,192.0,0.0,0,0.4245854551655003,0.0113745262446079,0.0267897218480417,390,baseline+follow-up,0.4163165191891271,0.4330217424975392,0.16647885246760313,0.30250173616945214,0.31463999833530526,4.992856848961205e-06,sampled,cortical thickness,F,Group differences,longitudinal,False,
lh-parsorbitalis,lh,0.14808711365458554,0.7603206902010526,0.16224307060974394,192.0,0.0,0,0.4844939967358448,0.0212949191467023,0.0439529061044542,390,baseline+follow-up,0.4750583229716923,0.494120634948212,0.16224307060974394,0.3514064882717931,0.36550711504980093,3.068091998214274e-06,sampled,cortical thickness,F,Group differences,longitudinal,False,
rh-parsorbitalis,rh,1.4835109392852226,0.27794514352105926,0.168824998779303,192.0,0.0,0,0.4712431182429263,0.0197168218875139,0.0418400208389883,390,baseline+follow-up,0.4620655095268239,0.4806064685423228,0.168824998779303,0.17518810298224954,0.18221774568534407,0.051739134607834664,sampled,cortical thickness,F,Group differences,longitudinal,False,
lh-parstriangularis,lh,0.7701997879384231,0.472967563233548,0.2319565717052137,192.0,0.0,0,0.4858708782009499,0.0141325016595949,0.0290869494214673,390,baseline+follow-up,0.4764083892349493,0.4955248743162326,0.2319565717052137,0.25797192287660314,0.2683233703458216,0.014377595553253518,sampled,cortical thickness,F,Group differences,longitudinal,False,
rh-parstriangularis,rh,0.2071414626896776,0.7244087252635729,0.1825427168189404,192.0,0.0,0,0.4305641112027566,0.0138205182106397,0.0320986302644522,390,baseline+follow-up,0.4221787390098448,0.4391191912526715,0.1825427168189404,0.30316624065051173,0.31533116689341645,3.791516054810216e-05,sampled,cortical thickness,F,Group differences,longitudinal,False,
lh-pericalcarine,lh,1.7850427764149377,0.23464794786490784,0.15649866030316822,192.0,0.0,0,0.4927206674355809,0.0322175591373618,0.0653870666823084,390,baseline+follow-up,0.4831247766586051,0.5025107652223746,0.15649866030316822,0.15761517452189144,0.16393968139543785,0.08830410386291067,sampled,cortical thickness,F,Group differences,longitudinal,False,
rh-pericalcarine,rh,1.3392803493792984,0.39436464458909926,0.2633456101680915,192.0,0.038461538461538464,1,0.4772531024372288,0.0337439403977238,0.0707044966819509,390,baseline+follow-up,0.4679584473788244,0.4867358679283313,0.2633456101680915,0.19066062289371116,0.19831111989480057,0.08069961320059518,sampled,cortical thickness,F,Group differences,longitudinal,False,
lh-postcentral,lh,0.257658041096834,0.6881265846612084,0.1974212897164899,192.0,0.0,0,0.4801270096532951,0.0146736325732568,0.0305619810554978,390,baseline+follow-up,0.4707763843432427,0.4896668781533334,0.1974212897164899,0.32959894366880305,0.3428245153250235,0.0001764253474585691,sampled,cortical thickness,F,Group differences,longitudinal,False,
rh-postcentral,rh,0.17442183441934306,0.7364401001511932,0.17121079455167948,192.0,0.0,0,0.3390448422664102,0.0104458435547966,0.0308096223643143,390,baseline+follow-up,0.3324418367707846,0.3457814830839585,0.17121079455167948,0.24268059198384323,0.2524184555920515,9.768321640352514e-06,sampled,cortical thickness,F,Group differences,longitudinal,False,
lh-posteriorcingulate,lh,0.5340527932017292,0.5754140260939793,0.23936319740249803,192.0,0.0,0,0.546999475907578,0.0154232913445731,0.028196172069421,390,baseline+follow-up,0.5363464881748109,0.5578680647701717,0.23936319740249803,0.3268961086703652,0.34001322567697767,0.005773990801247536,sampled,cortical thickness,F,Group differences,longitudinal,False,
rh-posteriorcingulate,rh,0.6916764343364086,0.5431676242693775,0.2739341112935629,192.0,0.0,0,0.5359216631784107,0.0160471790069831,0.0299431430179768,390,baseline+follow-up,0.5254844193509076,0.546570141789801,0.2739341112935629,0.29595645595352305,0.3078320805285446,0.024857749893693732,sampled,cortical thickness,F,Group differences,longitudinal,False,
lh-precentral,lh,0.47574318940630334,0.5705157890093783,0.21891575258925633,192.0,0.0,0,0.4326373792484138,0.0159367627837797,0.0368363057567179,390,baseline+follow-up,0.4242116295048279,0.4412336540324786,0.21891575258925633,0.26622032797756473,0.2769027530630886,0.0022958367401808553,sampled,cortical thickness,F,Group differences,longitudinal,False,
rh-precentral,rh,0.40823899095908434,0.6060889992964859,0.2190759573756134,192.0,0.0,0,0.3542043585265226,0.0125801439973633,0.0355166267566448,390,baseline+follow-up,0.3473061166588955,0.3612422108750575,0.2190759573756134,0.22546126023182358,0.23450817652259326,0.001561131010803598,sampled,cortical thickness,F,Group differences,longitudinal,False,
lh-precuneus,lh,0.13822693591857887,0.7789852804815965,0.16794365163360628,192.0,0.0,0,0.4121459733752892,0.0086583010890286,0.0210078507333727,390,baseline+follow-up,0.4041193002396495,0.4203350948155926,0.16794365163360628,0.30041602500981696,0.31247059539532374,8.622703836160259e-06,sampled,cortical thickness,F,Group differences,longitudinal,False,
rh-precuneus,rh,0.10060238106324872,0.7905138621967063,0.1279232010036501,192.0,0.0,0,0.3779139537612681,0.0081193654998306,0.0214846935896939,390,baseline+follow-up,0.3705539600304138,0.3854229031657505,0.1279232010036501,0.28071943299127233,0.29198365287921685,2.8082123604239486e-09,sampled,cortical thickness,F,Group differences,longitudinal,False,
lh-rostralanteriorcingulate,lh,1.935650764288245,0.23491842492640644,0.1804987237164653,192.0,0.07692307692307693,2,0.6777560457696714,0.0258864669361676,0.0381943725884002,390,baseline+follow-up,0.6645565324988159,0.6912226981798693,0.1804987237164653,0.201146128191869,0.209217369264917,0.14303197888554536,sampled,cortical thickness,F,Group differences,longitudinal,False,
rh-rostralanteriorcingulate,rh,0.6468474979516563,0.5602937952617917,0.2845884748319056,192.0,0.0,0,0.6106231582755175,0.0240130336525192,0.0393254551961889,390,baseline+follow-up,0.5987310792133581,0.6227559158915347,0.2845884748319056,0.34486646615962907,0.3587046663348241,0.028964881091349964,sampled,cortical thickness,F,Group differences,longitudinal,False,
lh-rostralmiddlefrontal,lh,0.27864256396747433,0.6417160039363785,0.16012582229272046,192.0,0.0,0,0.344188722669395,0.0103196414550833,0.0299825089417461,390,baseline+follow-up,0.337485538476631,0.3510275696566396,0.16012582229272046,0.2338041597854183,0.24318584540110905,3.801687156200601e-06,sampled,cortical thickness,F,Group differences,longitudinal,False,
rh-rostralmiddlefrontal,rh,0.41448846949969276,0.5691340027067542,0.17147410027014706,192.0,0.0,0,0.2885829474523045,0.0107603337128424,0.037286796769656,390,baseline+follow-up,0.2829627033122267,0.2943169372397911,0.17147410027014706,0.18311650277377453,0.19046428247814337,6.279606534201563e-05,sampled,cortical thickness,F,Group differences,longitudinal,False,
lh-superiorfrontal,lh,0.8101218231086075,0.4404554121124006,0.20798040904859247,192.0,0.0,0,0.3660619295772769,0.0083397511147954,0.0227823503100311,390,baseline+follow-up,0.3589327577645443,0.3733353855604329,0.20798040904859247,0.1905143707534346,0.19815899920367377,0.009484669809208411,sampled,cortical thickness,F,Group differences,longitudinal,False,
rh-superiorfrontal,rh,0.18342160538996904,0.7552744646802563,0.1957680935258997,192.0,0.0,0,0.3461758713395315,0.0080863708352153,0.0233591405545539,390,baseline+follow-up,0.3394339867981593,0.353054201914706,0.1957680935258997,0.24666757974957923,0.2565654262503334,0.000155938558002449,sampled,cortical thickness,F,Group differences,longitudinal,False,
lh-superiorparietal,lh,0.13068875422247828,0.7762197618208586,0.15778182441755306,192.0,0.0,0,0.2795116690491244,0.0079098888122839,0.028298957389481,390,baseline+follow-up,0.2740680909239257,0.2850654173560159,0.15778182441755306,0.20451079977496514,0.21271705252197837,1.785363767966571e-06,sampled,cortical thickness,F,Group differences,longitudinal,False,
rh-superiorparietal,rh,0.1489853883835455,0.7533599798516868,0.15971600007056794,192.0,0.0,0,0.2634422733056444,0.0072603802254351,0.0275596628222673,390,baseline+follow-up,0.2583116517430535,0.2686767312598049,0.15971600007056794,0.1909901276002599,0.19865384639162267,1.9481217428199494e-06,sampled,cortical thickness,F,Group differences,longitudinal,False,
lh-superiortemporal,lh,0.5232371421437513,0.5200419948617648,0.18095652035503965,192.0,0.0,0,0.3724443272790846,0.0088731833506542,0.023824187135505,390,baseline+follow-up,0.3651908562532491,0.3798445981124073,0.18095652035503965,0.2237889008202672,0.2327687115888337,0.00042642557598015097,sampled,cortical thickness,F,Group differences,longitudinal,False,
rh-superiortemporal,rh,0.30861223923706393,0.64787527267356,0.19375771252823293,192.0,0.0,0,0.2949163351064442,0.0080811182021686,0.0274013923279357,390,baseline+follow-up,0.2891727462394369,0.3007761659404986,0.19375771252823293,0.19734343678745184,0.2052620900909645,0.00016967075369890314,sampled,cortical thickness,F,Group differences,longitudinal,False,
lh-supramarginal,lh,0.13053963399074806,0.7570311483219215,0.13271068471727587,192.0,0.0,0,0.3967886891044754,0.0092112571243358,0.0232145153762447,390,baseline+follow-up,0.3890611039353719,0.404672669468531,0.13271068471727587,0.29034083050720566,0.3019911210568567,6.270252929816338e-09,sampled,cortical thickness,F,Group differences,longitudinal,False,
rh-supramarginal,rh,0.8406477199176046,0.43173402571176045,0.1825212281562974,192.0,0.0,0,0.3706133069370373,0.0082549125551317,0.0222736539692951,390,baseline+follow-up,0.363395495611259,0.377977196369329,0.1825212281562974,0.18995886578730797,0.1975812039029571,0.003266483525257256,sampled,cortical thickness,F,Group differences,longitudinal,False,
lh-temporalpole,lh,0.5687742536618411,0.5725731594838208,0.26106259176019003,192.0,0.0,0,0.5563699502251839,0.0449635874985835,0.0808159884989925,390,baseline+follow-up,0.5455344695425103,0.5674247254321731,0.26106259176019003,0.3267602890917374,0.33987195616714105,0.013340703430203257,sampled,cortical thickness,F,Group differences,longitudinal,False,
rh-temporalpole,rh,0.3938247089175869,0.6495124206017133,0.22978433064612053,192.0,0.0,0,0.4500766232351239,0.0426546460127012,0.0947719650625313,390,baseline+follow-up,0.4413112387013018,0.4590194065284547,0.22978433064612053,0.2885653966805494,0.30014444571760956,0.0020020086807788083,sampled,cortical thickness,F,Group differences,longitudinal,False,
lh-transversetemporal,lh,0.27642015751969196,0.6792013339459709,0.20592755241039792,192.0,0.0,0,0.4477656859462305,0.0222376342884298,0.0496635516887289,390,baseline+follow-up,0.439045307646736,0.4566625521438666,0.20592755241039792,0.30450246222233945,0.31672100603437264,0.00036673912979734376,sampled,cortical thickness,F,Group differences,longitudinal,False,
rh-transversetemporal,rh,0.21772437948033324,0.7575757427364475,0.2244399936791054,192.0,0.0,0,0.4491927126489389,0.0219954596251188,0.0489666439497852,390,baseline+follow-up,0.4404445425532402,0.4581179331087102,0.2244399936791054,0.31460690185977125,0.3272308990054324,0.0013136845445276138,sampled,cortical thickness,F,Group differences,longitudinal,False,
lh-BrainSegVolNotVent,lh,0.9290183023909422,0.35621457132281314,0.10513277616594163,192.0,0.0,0,0.2259511761218401,0.0035163922666224,0.0155626198853076,390,baseline+follow-up,0.2215507055300968,0.2304407059010289,0.11300398224234917,0.11080319396081707,0.1152493113092374,7.183937066269584e-05,simulated,cortical area,F,Group differences,longitudinal,False,
rh-BrainSegVolNotVent,rh,0.9290183023909422,0.35621457132281314,0.10513277616594163,192.0,0.0,0,0.2259511761218401,0.0035163922666224,0.0155626198853076,390,baseline+follow-up,0.2215507055300968,0.2304407059010289,0.11300398224234917,0.11080319396081707,0.1152493113092374,7.183937066269584e-05,simulated,cortical area,F,Group differences,longitudinal,False,
lh-WhiteSurfArea,lh,1.7678952462688011,0.22557429056572595,0.11595398438982057,192.0,0.038461538461538464,1,0.3037348685015072,0.0066873782221028,0.0220171567890621,390,baseline+follow-up,0.2978195359085617,0.3097699189071764,0.09994060787089257,0.09799423293536373,0.1019263746320475,0.010725488609515528,simulated,cortical area,F,Group differences,longitudinal,False,
rh-WhiteSurfArea,rh,1.4168636880022416,0.26074444966130916,0.10480942903317951,192.0,0.0,0,0.2753033951230814,0.0061221505060505,0.0222378314779353,390,baseline+follow-up,0.2699417744630812,0.2807735272637098,0.10790739609751415,0.10580586544249046,0.11005145870647921,0.004327548498167756,simulated,cortical area,F,Group differences,longitudinal,False,
lh-bankssts,lh,1.4190962355635541,0.39160741981423464,0.29621076668144297,192.0,0.07692307692307693,2,0.6955203002699123,0.0433077464273456,0.0622666892836041,390,baseline+follow-up,0.6819748225263143,0.7093399189755408,0.2723113303761404,0.26700798112305874,0.27772201178049377,0.09681733230178137,simulated,cortical area,F,Group differences,longitudinal,False,
rh-bankssts,rh,1.756979406813385,0.37156566406966834,0.3089583034677914,192.0,0.11538461538461539,3,0.758673214213216,0.0345816786063191,0.0455817840388396,390,baseline+follow-up,0.7438978135041338,0.7737476477538783,0.25099386351055725,0.2461056786644175,0.2559809781782706,0.08231191409739073,simulated,cortical area,F,Group differences,longitudinal,False,
lh-caudalanteriorcingulate,lh,0.3373798078876015,0.6792028206711348,0.24853017085460294,192.0,0.0,0,0.7356941591805468,0.0546968225464474,0.0743472295707383,390,baseline+follow-up,0.7213662828332886,0.7503120111108034,0.4948731009229908,0.48523529082333394,0.5047059664191866,0.32079717932592083,simulated,cortical area,F,Group differences,longitudinal,False,
rh-caudalanteriorcingulate,rh,0.676211730618523,0.524554263019849,0.27410417396505354,192.0,0.0,0,0.6306699659754583,0.0407578661126548,0.0646262995093077,390,baseline+follow-up,0.6183874689953398,0.6432010430058344,0.3579593820628499,0.35098800992466384,0.3650718447333014,0.13523339009820426,simulated,cortical area,F,Group differences,longitudinal,False,
lh-caudalmiddlefrontal,lh,0.48012428887258474,0.6032905049949843,0.2515709700501712,192.0,0.0,0,0.6390621296022266,0.0262735086347081,0.0411126045773697,390,baseline+follow-up,0.6266161925822086,0.6517599544635319,0.40017301757134893,0.39237952153536315,0.40812424274331116,0.17592705110737034,simulated,cortical area,F,Group differences,longitudinal,False,
rh-caudalmiddlefrontal,rh,0.2697173827957963,0.6882505004951738,0.20730353258003206,192.0,0.0,0,0.5965261456119033,0.030157119150721,0.0505545639073146,390,baseline+follow-up,0.5849086103282823,0.6083788030786883,0.4151183620441045,0.4070338006993887,0.4233665432674682,0.19280378928930086,simulated,cortical area,F,Group differences,longitudinal,False,
lh-cuneus,lh,4.534120022001157,0.06776580302691766,0.08521585057181537,192.0,0.6153846153846154,16,0.6381353063689204,0.0267819464325033,0.0419690717081559,390,baseline+follow-up,0.6257074195243956,0.6508147157451752,0.05346787469298785,0.05242657092892763,0.05453025294560057,0.46248470796642854,simulated,cortical area,F,Group differences,longitudinal,False,
rh-cuneus,rh,2.4712063469126475,0.3061663971781894,0.302457026450033,192.0,0.19230769230769232,5,0.6874664272966741,0.0264910887216131,0.0385343744359766,390,baseline+follow-up,0.674077801275544,0.7011260198268616,0.15946206952719508,0.15635649530759219,0.16263049609651456,0.020081081833767347,simulated,cortical area,F,Group differences,longitudinal,False,
lh-eTIV,lh,2.2198934277065385,0.1379323187624728,0.0011446049162717818,192.0,0.0,0,0.0043793650819558,9.560383873559791e-05,0.0218305249611435,390,baseline+follow-up,0.0042940755624038,0.004466380738554,0.0011508299076331305,0.001128417131335369,0.0011736962862454428,0.0,simulated,cortical area,F,Group differences,longitudinal,False,
rh-eTIV,rh,2.2198934277065385,0.1379323187624728,0.0011446049162717818,192.0,0.0,0,0.0043793650819558,9.560383873559791e-05,0.0218305249611435,390,baseline+follow-up,0.0042940755624038,0.004466380738554,0.0011508299076331305,0.001128417131335369,0.0011736962862454428,0.0,simulated,cortical area,F,Group differences,longitudinal,False,
lh-entorhinal,lh,1.4302896041501776,0.3785331932405972,0.2662308560636338,192.0,0.038461538461538464,1,0.7701913518379035,0.0941777311285092,0.1222783544683713,390,baseline+follow-up,0.7551916317570038,0.7854946446514157,0.29986740891484387,0.29402739632008545,0.30582561495403454,0.1604686396778574,simulated,cortical area,F,Group differences,longitudinal,False,
rh-entorhinal,rh,1.205654457841479,0.390438221736381,0.2689804897041358,192.0,0.0,0,0.7440525165807369,0.0886946084047927,0.1192047690563365,390,baseline+follow-up,0.72956185858053,0.7588364446301681,0.32406557175075473,0.3177542922842708,0.33050458242446046,0.19432977709207597,simulated,cortical area,F,Group differences,longitudinal,False,
lh-frontalpole,lh,0.658463191405316,0.634387315941923,0.31523766598844727,192.0,0.038461538461538464,1,0.7915072343379755,0.0660561652401174,0.0834561737080868,390,baseline+follow-up,0.776092380706153,0.8072340624076272,0.4532597864061447,0.4444324087631775,0.46226581745987055,0.28886863132611856,simulated,cortical area,F,Group differences,longitudinal,False,
rh-frontalpole,rh,0.512440592714836,0.5784146002111391,0.25074227426500295,192.0,0.0,0,0.7754735918295115,0.0712466356566868,0.0918749992357579,390,baseline+follow-up,0.7603709984547411,0.7908818399442095,0.4777888093140233,0.46848372119482423,0.4872822190160459,0.3759711710592958,simulated,cortical area,F,Group differences,longitudinal,False,
lh-fusiform,lh,2.5104054535057494,0.1794458682872436,0.16444129787882736,192.0,0.11538461538461539,3,0.6207349628618035,0.0238690138348785,0.0384528265088116,390,baseline+follow-up,0.608645953208376,0.6330686366606467,0.141209975501076,0.13845986658321757,0.14401574266286654,0.1825082118449762,simulated,cortical area,F,Group differences,longitudinal,False,
rh-fusiform,rh,4.433915045991558,0.10869337307462697,0.18256111189478985,192.0,0.5769230769230769,15,0.5824541473627107,0.0230943865384401,0.0396501366554071,390,baseline+follow-up,0.5711106686939986,0.5940272017033833,0.05126433095312275,0.05026594190006924,0.05228292596278153,0.10573321140778166,simulated,cortical area,F,Group differences,longitudinal,False,
lh-inferiorparietal,lh,5.776623541334908,0.030570281054330024,0.03713937055279928,192.0,0.8461538461538461,22,0.5441458354057082,0.0196689994471176,0.0361465588217773,390,baseline+follow-up,0.5335484232239225,0.5549577239482055,0.024818468544298148,0.02433512102278581,0.02531159832355367,0.8189572356899939,simulated,cortical area,F,Group differences,longitudinal,True,
rh-inferiorparietal,rh,1.1575441012505594,0.4037742317385089,0.20691979684625952,192.0,0.07692307692307693,2,0.4454932527539186,0.0163061596467979,0.0366024839792693,390,baseline+follow-up,0.4368171308092974,0.4543449669117946,0.19875023284191176,0.19487950922040093,0.202699294335105,0.01246424856556712,simulated,cortical area,F,Group differences,longitudinal,False,
lh-inferiortemporal,lh,3.0333283092710763,0.1479776780819921,0.14448257679919133,192.0,0.34615384615384615,9,0.4969251214918371,0.0301485760335058,0.0606702594205655,390,baseline+follow-up,0.4872473476428347,0.5067987595461115,0.08724324108683962,0.08554415138383234,0.08897671791849425,0.10495553926994947,simulated,cortical area,F,Group differences,longitudinal,False,
rh-inferiortemporal,rh,0.4233688582368983,0.6199613813999286,0.2492000941417171,192.0,0.0,0,0.5016312366072558,0.0258207103566837,0.0514734898315345,390,baseline+follow-up,0.4918618096784943,0.5115983826676296,0.32318313283009226,0.31688903914058025,0.32960460991145013,0.0517411887815205,simulated,cortical area,F,Group differences,longitudinal,False,
lh-insula,lh,0.6724154202744236,0.5235607572872151,0.26108463861976605,192.0,0.0,0,0.8120331808027869,0.0436808328528787,0.053791931026384,390,baseline+follow-up,0.7962185778740747,0.8281678485193988,0.46177575559312667,0.4527825267578324,0.4709509944284619,0.37032882509715387,simulated,cortical area,F,Group differences,longitudinal,False,
rh-insula,rh,0.5921567765568159,0.6154764967854554,0.27201957072472566,192.0,0.038461538461538464,1,0.894053542292942,0.0584461458886576,0.0653720869320234,390,baseline+follow-up,0.8766415668926346,0.9118179109995206,0.5292758663212255,0.5189680514886525,0.5397922964812252,0.3845235032116004,simulated,cortical area,F,Group differences,longitudinal,False,
lh-isthmuscingulate,lh,0.5290991340094207,0.6187545744664119,0.2698609853204558,192.0,0.0,0,0.6918526473669648,0.0331857610969515,0.0479665160251234,390,baseline+follow-up,0.6783785983232176,0.7055993917587255,0.422723320257382,0.4144906499470774,0.4311226079584991,0.21916630714160995,simulated,cortical area,F,Group differences,longitudinal,False,
rh-isthmuscingulate,rh,0.36223889060665776,0.6545409778046909,0.25288242342435785,192.0,0.0,0,0.6822777263109878,0.0353683026685693,0.0518385714565277,390,baseline+follow-up,0.6689901518820147,0.6958342221103224,0.45325374950524255,0.4444264894328291,0.462259660608956,0.2854532090103712,simulated,cortical area,F,Group differences,longitudinal,False,
lh-lateraloccipital,lh,2.368037671523679,0.1898669353256297,0.14277267146814246,192.0,0.19230769230769232,5,0.5245849830665008,0.0163963404113839,0.0312558325927249,390,baseline+follow-up,0.5143685246683843,0.5350082078693775,0.128073998426356,0.12557971681510097,0.1306187607052868,0.11285259878921176,simulated,cortical area,F,Group differences,longitudinal,False,
rh-lateraloccipital,rh,8.1975340289897,0.013836052110952683,0.027233365288132232,192.0,0.9230769230769231,24,0.4784119584952982,0.0156307856936123,0.0326722303154259,390,baseline+follow-up,0.4690947343487788,0.4879177498403564,0.006744943853310089,0.006613583939284034,0.006878962302818242,0.9997792825134173,simulated,cortical area,F,Group differences,longitudinal,True,
lh-lateralorbitofrontal,lh,0.37311012523528314,0.635955130908096,0.22622377243628758,192.0,0.0,0,0.4729793707379882,0.0269326780330776,0.0569426061670611,390,baseline+follow-up,0.4637679479556105,0.4823772194516641,0.31250285749912493,0.3064167655483616,0.31871212318609526,0.03907012737090947,simulated,cortical area,F,Group differences,longitudinal,False,
rh-lateralorbitofrontal,rh,0.65795013286923,0.6041353088741098,0.2792133980147028,192.0,0.038461538461538464,1,0.7577082377921127,0.0649977099225503,0.0857819760702975,390,baseline+follow-up,0.7429516303039186,0.7727634977641611,0.4340161767712501,0.42556357450998605,0.44263984752927926,0.2505046846134062,simulated,cortical area,F,Group differences,longitudinal,False,
lh-lingual,lh,1.7806271288328732,0.2649075417267469,0.17824573870051158,192.0,0.07692307692307693,2,0.603464965454846,0.0214100606039885,0.0354785477692997,390,baseline+follow-up,0.5917122944610049,0.6154554935840104,0.19730847994867712,0.19346583492058694,0.20122889457815624,0.12259768312674003,simulated,cortical area,F,Group differences,longitudinal,False,
rh-lingual,rh,2.850010701366252,0.1472347690145332,0.12516297280083208,192.0,0.23076923076923078,6,0.5431445856932705,0.0211336628370822,0.038909828789156,390,baseline+follow-up,0.5325666731661899,0.553936579936134,0.10441592059762457,0.10238238753182685,0.10649060944408437,0.17266682176368978,simulated,cortical area,F,Group differences,longitudinal,False,
lh-medialorbitofrontal,lh,0.6563172410291007,0.5935932367131755,0.29950787186963485,192.0,0.0,0,0.8320127512025716,0.0507050978860937,0.0609426932613782,390,baseline+follow-up,0.8158090398235786,0.8485444023641242,0.4769678421240557,0.4676787426004384,0.4864449396443479,0.3661552846049265,simulated,cortical area,F,Group differences,longitudinal,False,
rh-medialorbitofrontal,rh,0.8942123773253267,0.5337791885954922,0.296903497814617,192.0,0.038461538461538464,1,0.7142096698285639,0.041593802839172,0.0582375240721061,390,baseline+follow-up,0.7003002107039762,0.7284006363741461,0.3634681339064881,0.3563894770844991,0.3706900525482369,0.13951114807567547,simulated,cortical area,F,Group differences,longitudinal,False,
lh-middletemporal,lh,2.998523296761767,0.17181607213624034,0.2001481389409419,192.0,0.34615384615384615,9,0.5481240145684629,0.0290427711211207,0.0529857666316372,390,baseline+follow-up,0.5374491260897406,0.5590149474165695,0.09790375615266993,0.09599704954832494,0.09984905175274612,0.07236637154662588,simulated,cortical area,F,Group differences,longitudinal,False,
rh-middletemporal,rh,1.4392073334794768,0.3471830197252869,0.25136539190236445,192.0,0.07692307692307693,2,0.4972616003390127,0.0184911090736015,0.0371858777371811,390,baseline+follow-up,0.4875772734580804,0.5071419240491459,0.19274514363779888,0.18899137102710842,0.1965748872001396,0.0284332193251294,simulated,cortical area,F,Group differences,longitudinal,False,
lh-paracentral,lh,0.36127240782390574,0.6150535589245121,0.19546229203976198,192.0,0.0,0,0.5266117352473596,0.0244144221569034,0.0463613332608995,390,baseline+follow-up,0.5163558052097424,0.5370752305388754,0.35001069120425315,0.34319412233359803,0.35696521761197864,0.08575063971850506,simulated,cortical area,F,Group differences,longitudinal,False,
rh-paracentral,rh,0.2099732497696206,0.7603235118131975,0.22123724227798336,192.0,0.0,0,0.5169912601447377,0.0245311489861737,0.047449833057731,390,baseline+follow-up,0.5069226919013555,0.5272636017091321,0.3707236006837232,0.36350364135235763,0.3780896815941417,0.11816671109605985,simulated,cortical area,F,Group differences,longitudinal,False,
lh-parahippocampal,lh,0.6277371256633786,0.5776571777378361,0.2818023036156872,192.0,0.0,0,0.760495727021465,0.0420777204202641,0.0553293318097453,390,baseline+follow-up,0.7456848322992361,0.7756063729229834,0.4422557833019365,0.4336427120984517,0.45104317066247795,0.2826872999131731,simulated,cortical area,F,Group differences,longitudinal,False,
rh-parahippocampal,rh,1.1951611424578479,0.44284902557567746,0.2681328314328581,192.0,0.038461538461538464,1,0.8247878793613079,0.0476932452868283,0.0578248619799803,390,baseline+follow-up,0.8087248746456405,0.8411759761593077,0.3611168935528999,0.3540840278801657,0.3682920942984791,0.20956530483173,simulated,cortical area,F,Group differences,longitudinal,False,
lh-parsopercularis,lh,1.8903489021968574,0.3082615972299967,0.2914800966710669,192.0,0.11538461538461539,3,0.8169424984118208,0.0340847006406067,0.0417222763008035,390,baseline+follow-up,0.8010322849705418,0.8331747116600805,0.25290772400094447,0.2479822661166679,0.2579328660594078,0.16677292872231717,simulated,cortical area,F,Group differences,longitudinal,False,
rh-parsopercularis,rh,3.825745497483076,0.1018867320421631,0.09918646103114728,192.0,0.5,13,0.6733562838317181,0.028289792269404,0.0420131109617357,390,baseline+follow-up,0.6602424573156338,0.6867355153106298,0.07993803499446989,0.07838121648972696,0.08152636126369892,0.3083127000676446,simulated,cortical area,F,Group differences,longitudinal,False,
lh-parsorbitalis,lh,1.0145723220313738,0.41919062687580555,0.24797088528624875,192.0,0.0,0,0.7058233002063043,0.0385264520565766,0.054583706779467,390,baseline+follow-up,0.6920771682815464,0.7198476340447475,0.3382163496648275,0.3316294793245541,0.34493652877471626,0.1883343353163387,simulated,cortical area,F,Group differences,longitudinal,False,
rh-parsorbitalis,rh,0.8157701131894066,0.4648565271699404,0.23387577872274457,192.0,0.0,0,0.6412039850971721,0.0389617467773574,0.060763419571469,390,baseline+follow-up,0.6287163347642205,0.6539443674887913,0.3393775868395823,0.3327681010381936,0.3461208391149498,0.14520072681941326,simulated,cortical area,F,Group differences,longitudinal,False,
lh-parstriangularis,lh,1.2511900177737472,0.428043997245693,0.2813222610727883,192.0,0.07692307692307693,2,0.7425350722244377,0.0306756175962189,0.0413120117064947,390,baseline+follow-up,0.7280739669328252,0.7572888494610127,0.31613315377362944,0.30997636065516493,0.32241455151811504,0.1364097762969227,simulated,cortical area,F,Group differences,longitudinal,False,
rh-parstriangularis,rh,1.1850174327155,0.388030466650262,0.2498537076543507,192.0,0.0,0,0.6336894898979787,0.0303471177336209,0.0478895708661772,390,baseline+follow-up,0.6213481867348157,0.6462805632638543,0.2788576422427148,0.2734268014963483,0.28439839538457046,0.11105655828690154,simulated,cortical area,F,Group differences,longitudinal,False,
lh-pericalcarine,lh,2.062742705795066,0.28269487319676156,0.2358263181028858,192.0,0.19230769230769232,5,0.6638991880671439,0.0390267408668088,0.0587841370621797,390,baseline+follow-up,0.650969541481032,0.677090512079547,0.18863677387001543,0.18496301305945556,0.19238488630861977,0.07846159382877897,simulated,cortical area,F,Group differences,longitudinal,False,
rh-pericalcarine,rh,1.3670356011792804,0.4317211458054597,0.31297134810350824,192.0,0.07692307692307693,2,0.6533182991007876,0.041582258965203,0.0636477793786518,390,baseline+follow-up,0.6405947186725517,0.6662993864730453,0.26252010588188657,0.25740744382142605,0.267736240859458,0.053840920321979735,simulated,cortical area,F,Group differences,longitudinal,False,
lh-postcentral,lh,0.37725182518812217,0.6401418375106124,0.24236341510982332,192.0,0.0,0,0.7160327197128848,0.0282698750130035,0.0394812614489729,390,baseline+follow-up,0.7020877561154241,0.7302599092907393,0.47210911143403317,0.4629146372267413,0.48148966855787195,0.3379477037839992,simulated,cortical area,F,Group differences,longitudinal,False,
rh-postcentral,rh,0.2761314116663448,0.6793722851631302,0.20945146151849048,192.0,0.0,0,0.4702850212711304,0.0200152037709537,0.0425597305158789,390,baseline+follow-up,0.4611260717964658,0.4796293346929144,0.3262162204676308,0.3198630564374362,0.33269796338829666,0.04847875147748981,simulated,cortical area,F,Group differences,longitudinal,False,
lh-posteriorcingulate,lh,0.9696023147123373,0.5241441672000756,0.29105252742689575,192.0,0.07692307692307693,2,0.6190755995987346,0.0311167064621826,0.0502631770374273,390,baseline+follow-up,0.60701890656948,0.6313763027314724,0.3033945725532186,0.29748586733145405,0.30942286145925846,0.056553394855125796,simulated,cortical area,F,Group differences,longitudinal,False,
rh-posteriorcingulate,rh,0.9724804295383452,0.5114798117454235,0.2916242653293412,192.0,0.038461538461538464,1,0.6516191031485984,0.0328015987116893,0.0503386081733842,390,baseline+follow-up,0.6389286150987494,0.6645664284003885,0.31888409594830347,0.3126737273612487,0.32522015345170696,0.08134294783509649,simulated,cortical area,F,Group differences,longitudinal,False,
lh-precentral,lh,0.6920839784245114,0.46466214936670147,0.17981978038363447,192.0,0.0,0,0.375208329361254,0.0144555548244092,0.0385267428604745,390,baseline+follow-up,0.3679010285210008,0.3826635194469153,0.21127679815089032,0.20716211570958568,0.2154747558390531,0.007299898880170973,simulated,cortical area,F,Group differences,longitudinal,False,
rh-precentral,rh,0.17224591966082278,0.7481300191172651,0.18368341995416493,192.0,0.0,0,0.3963837640685029,0.0171125588075048,0.0431716946018692,390,baseline+follow-up,0.3886640649424962,0.4042596987873065,0.2896741600401212,0.28403266418989764,0.29542983164176123,0.020372395961508697,simulated,cortical area,F,Group differences,longitudinal,False,
lh-precuneus,lh,0.7978834605028892,0.4546729253973952,0.22331509846108896,192.0,0.0,0,0.7216976920720009,0.0231196424802152,0.032035078862229,390,baseline+follow-up,0.7076424013468074,0.7360374416397657,0.3854163991589714,0.37791029293202216,0.3930744181660461,0.24997148889598467,simulated,cortical area,F,Group differences,longitudinal,False,
rh-precuneus,rh,0.3049887374251346,0.6478819337956858,0.1971026579941452,192.0,0.0,0,0.4358639442051866,0.0145874244482649,0.0334678393159259,390,baseline+follow-up,0.4273753560889561,0.4445243291200618,0.2979929174172402,0.2921894111370372,0.3039138783066434,0.026443919110710323,simulated,cortical area,F,Group differences,longitudinal,False,
lh-rostralanteriorcingulate,lh,0.4561880233160323,0.6233592410881281,0.2576898640355529,192.0,0.0,0,0.6337741783910102,0.0634466680983883,0.1001092664574361,390,baseline+follow-up,0.6214312258926704,0.6463669344722315,0.40165327965780273,0.39383095504968335,0.4096339168506812,0.1725674215243559,simulated,cortical area,F,Group differences,longitudinal,False,
rh-rostralanteriorcingulate,rh,0.5950626728917531,0.5831904353114472,0.26920763241437673,192.0,0.0,0,0.5865462066219757,0.0502175554289453,0.0856156852810577,390,baseline+follow-up,0.575123033805443,0.5982005680052492,0.3467276331671916,0.3399750028897805,0.3536169269566268,0.09015301590136375,simulated,cortical area,F,Group differences,longitudinal,False,
lh-rostralmiddlefrontal,lh,0.60062835995951,0.5447068076329564,0.24279300048907587,192.0,0.0,0,0.634198955680458,0.0338708715943115,0.0534073279227811,390,baseline+follow-up,0.6218477305101086,0.6468001518606565,0.3738528106062801,0.36657190892234115,0.3812810672547221,0.15219654398471014,simulated,cortical area,F,Group differences,longitudinal,False,
rh-rostralmiddlefrontal,rh,0.2106288913466911,0.713576288611316,0.1796576716303231,192.0,0.0,0,0.4370708908445925,0.0273202879758378,0.062507681358153,390,baseline+follow-up,0.4285587970609711,0.4457552571477149,0.3133112294494879,0.3072093941994163,0.3195365570574719,0.0360546051010763,simulated,cortical area,F,Group differences,longitudinal,False,
lh-superiorfrontal,lh,0.8039120495532603,0.534942251083659,0.2963007438558877,192.0,0.0,0,0.6193236274797477,0.0228644031003306,0.036918344603409,390,baseline+follow-up,0.6072621040290939,0.6316292587946574,0.3297479305322022,0.32332598533191387,0.3362998466547894,0.08513629505248116,simulated,cortical area,F,Group differences,longitudinal,False,
rh-superiorfrontal,rh,0.45322895904892985,0.599998720381247,0.2399345828316129,192.0,0.0,0,0.5053332211931956,0.0196331263510559,0.0388518417702641,390,baseline+follow-up,0.4954916969442027,0.5153739237197313,0.32072956850831896,0.31448325875969296,0.3271022945706433,0.05300570791733348,simulated,cortical area,F,Group differences,longitudinal,False,
lh-superiorparietal,lh,1.3110393279049637,0.4042284445800052,0.2732068048419099,192.0,0.038461538461538464,1,0.7543747853123357,0.0242125665428858,0.0320962033916086,390,baseline+follow-up,0.7396830978650903,0.7693638113553012,0.3117188214139786,0.30564799881385457,0.3179125087206429,0.15293279387755707,simulated,cortical area,F,Group differences,longitudinal,False,
rh-superiorparietal,rh,0.5883077428075107,0.6711870683801908,0.2709885976285861,192.0,0.07692307692307693,2,0.4737663193255862,0.0188462919489972,0.0397797208881906,390,baseline+follow-up,0.4645395704706632,0.483179804289444,0.28100906618191684,0.2755363257741397,0.2865925669739883,0.015252412914403444,simulated,cortical area,F,Group differences,longitudinal,False,
lh-superiortemporal,lh,2.508226336620341,0.22526992390858475,0.21109969905658904,192.0,0.23076923076923078,6,0.5864186635248838,0.019172330833707,0.0326939301666573,390,baseline+follow-up,0.5749979746504911,0.5980704906946058,0.1335477179624172,0.13094683393262507,0.136201240139313,0.05679720818621723,simulated,cortical area,F,Group differences,longitudinal,False,
rh-superiortemporal,rh,2.1418287268447176,0.21512331783032718,0.2010413438223258,192.0,0.11538461538461539,3,0.4992573456128098,0.0157775683655844,0.0316020755713036,390,baseline+follow-up,0.489534150961695,0.5091773237208186,0.13638697596277843,0.13373079648576885,0.13909691268710964,0.07912894061621435,simulated,cortical area,F,Group differences,longitudinal,False,
lh-supramarginal,lh,2.2957932869954307,0.29747251231617194,0.2903036378097251,192.0,0.2692307692307692,7,0.754720218864404,0.0278858415131174,0.0369485814956383,390,baseline+follow-up,0.7400218039895197,0.7697161084884552,0.19099027210210803,0.18727067616939566,0.19478514729972782,0.06481782120767986,simulated,cortical area,F,Group differences,longitudinal,False,
rh-supramarginal,rh,0.38690566609620203,0.6871197758138401,0.24662402517002524,192.0,0.0,0,0.5521026788399864,0.022914307016036,0.041503705550172,390,baseline+follow-up,0.5413503046166809,0.5630726656325556,0.3622649609511737,0.3552097363028848,0.3694629731857725,0.0940662661358079,simulated,cortical area,F,Group differences,longitudinal,False,
lh-temporalpole,lh,0.4517860484666748,0.6617307822722165,0.24667571905127475,192.0,0.038461538461538464,1,0.7268552856247384,0.0689056914830267,0.0947997391582585,390,baseline+follow-up,0.7126995491344796,0.7412975138351968,0.46166113837217926,0.45267014174350034,0.47083409982425195,0.3069625765821011,simulated,cortical area,F,Group differences,longitudinal,False,
rh-temporalpole,rh,0.32744771007615664,0.6655892291161045,0.22401919968122957,192.0,0.0,0,0.7014641756534404,0.073177675900541,0.104321330212442,390,baseline+follow-up,0.6878029390575313,0.7154018960038409,0.47420513211931403,0.4649698372464981,0.4836273360601594,0.33441077088095106,simulated,cortical area,F,Group differences,longitudinal,False,
lh-transversetemporal,lh,2.006043405289301,0.3227420015330243,0.28510786529355575,192.0,0.11538461538461539,3,0.6787517180033606,0.0387130557792572,0.0570356652549431,390,baseline+follow-up,0.6655328137009621,0.692238153891654,0.19837257279141282,0.19450920421878654,0.20231413038012444,0.051158250837286014,simulated,cortical area,F,Group differences,longitudinal,False,
rh-transversetemporal,rh,1.7220447603780604,0.35108448392205344,0.2922533252203092,192.0,0.15384615384615385,4,0.7033700038623495,0.0424899762521394,0.0604091388868138,390,baseline+follow-up,0.6896716506595247,0.717345592006336,0.23678228214002342,0.2321708723342113,0.24148702023919003,0.08012508315853618,simulated,cortical area,F,Group differences,longitudinal,False,
lh-BrainSegVolNotVent,lh,0.9290183023909422,0.35621457132281314,0.10513277616594163,192.0,0.0,0,0.2259511761218401,0.0035163922666224,0.0155626198853076,390,baseline+follow-up,0.2215507055300968,0.2304407059010289,0.10513277616594163,0.11080319396081707,0.1152493113092374,1.9126683194286594e-05,sampled,cortical area,F,Group differences,longitudinal,False,
rh-BrainSegVolNotVent,rh,0.9290183023909422,0.35621457132281314,0.10513277616594163,192.0,0.0,0,0.2259511761218401,0.0035163922666224,0.0155626198853076,390,baseline+follow-up,0.2215507055300968,0.2304407059010289,0.10513277616594163,0.11080319396081707,0.1152493113092374,1.9126683194286594e-05,sampled,cortical area,F,Group differences,longitudinal,False,
lh-WhiteSurfArea,lh,1.7678952462688011,0.22557429056572595,0.11595398438982057,192.0,0.038461538461538464,1,0.3037348685015072,0.0066873782221028,0.0220171567890621,390,baseline+follow-up,0.2978195359085617,0.3097699189071764,0.11595398438982057,0.09799423293536373,0.1019263746320475,0.027781674740424915,sampled,cortical area,F,Group differences,longitudinal,False,
rh-WhiteSurfArea,rh,1.4168636880022416,0.26074444966130916,0.10480942903317951,192.0,0.0,0,0.2753033951230814,0.0061221505060505,0.0222378314779353,390,baseline+follow-up,0.2699417744630812,0.2807735272637098,0.10480942903317951,0.10580586544249046,0.11005145870647921,0.003300566632543064,sampled,cortical area,F,Group differences,longitudinal,False,
lh-bankssts,lh,1.4190962355635541,0.39160741981423464,0.29621076668144297,192.0,0.07692307692307693,2,0.6955203002699123,0.0433077464273456,0.0622666892836041,390,baseline+follow-up,0.6819748225263143,0.7093399189755408,0.29621076668144297,0.26700798112305874,0.27772201178049377,0.13796142046880086,sampled,cortical area,F,Group differences,longitudinal,False,
rh-bankssts,rh,1.756979406813385,0.37156566406966834,0.3089583034677914,192.0,0.11538461538461539,3,0.758673214213216,0.0345816786063191,0.0455817840388396,390,baseline+follow-up,0.7438978135041338,0.7737476477538783,0.3089583034677914,0.2461056786644175,0.2559809781782706,0.18814347730201905,sampled,cortical area,F,Group differences,longitudinal,False,
lh-caudalanteriorcingulate,lh,0.3373798078876015,0.6792028206711348,0.24853017085460294,192.0,0.0,0,0.7356941591805468,0.0546968225464474,0.0743472295707383,390,baseline+follow-up,0.7213662828332886,0.7503120111108034,0.24853017085460294,0.48523529082333394,0.5047059664191866,0.004416415225287367,sampled,cortical area,F,Group differences,longitudinal,False,
rh-caudalanteriorcingulate,rh,0.676211730618523,0.524554263019849,0.27410417396505354,192.0,0.0,0,0.6306699659754583,0.0407578661126548,0.0646262995093077,390,baseline+follow-up,0.6183874689953398,0.6432010430058344,0.27410417396505354,0.35098800992466384,0.3650718447333014,0.029107493669734516,sampled,cortical area,F,Group differences,longitudinal,False,
lh-caudalmiddlefrontal,lh,0.48012428887258474,0.6032905049949843,0.2515709700501712,192.0,0.0,0,0.6390621296022266,0.0262735086347081,0.0411126045773697,390,baseline+follow-up,0.6266161925822086,0.6517599544635319,0.2515709700501712,0.39237952153536315,0.40812424274331116,0.0074813325879744584,sampled,cortical area,F,Group differences,longitudinal,False,
rh-caudalmiddlefrontal,rh,0.2697173827957963,0.6882505004951738,0.20730353258003206,192.0,0.0,0,0.5965261456119033,0.030157119150721,0.0505545639073146,390,baseline+follow-up,0.5849086103282823,0.6083788030786883,0.20730353258003206,0.4070338006993887,0.4233665432674682,0.00039123971901681265,sampled,cortical area,F,Group differences,longitudinal,False,
lh-cuneus,lh,4.534120022001157,0.06776580302691766,0.08521585057181537,192.0,0.6153846153846154,16,0.6381353063689204,0.0267819464325033,0.0419690717081559,390,baseline+follow-up,0.6257074195243956,0.6508147157451752,0.08521585057181537,0.05242657092892763,0.05453025294560057,0.5854133955645987,sampled,cortical area,F,Group differences,longitudinal,False,
rh-cuneus,rh,2.4712063469126475,0.3061663971781894,0.302457026450033,192.0,0.19230769230769232,5,0.6874664272966741,0.0264910887216131,0.0385343744359766,390,baseline+follow-up,0.674077801275544,0.7011260198268616,0.302457026450033,0.15635649530759219,0.16263049609651456,0.2845754975328696,sampled,cortical area,F,Group differences,longitudinal,False,
lh-eTIV,lh,2.2198934277065385,0.1379323187624728,0.0011446049162717818,192.0,0.0,0,0.0043793650819558,9.560383873559791e-05,0.0218305249611435,390,baseline+follow-up,0.0042940755624038,0.004466380738554,0.0011446049162717818,0.001128417131335369,0.0011736962862454428,0.0,sampled,cortical area,F,Group differences,longitudinal,False,
rh-eTIV,rh,2.2198934277065385,0.1379323187624728,0.0011446049162717818,192.0,0.0,0,0.0043793650819558,9.560383873559791e-05,0.0218305249611435,390,baseline+follow-up,0.0042940755624038,0.004466380738554,0.0011446049162717818,0.001128417131335369,0.0011736962862454428,0.0,sampled,cortical area,F,Group differences,longitudinal,False,
lh-entorhinal,lh,1.4302896041501776,0.3785331932405972,0.2662308560636338,192.0,0.038461538461538464,1,0.7701913518379035,0.0941777311285092,0.1222783544683713,390,baseline+follow-up,0.7551916317570038,0.7854946446514157,0.2662308560636338,0.29402739632008545,0.30582561495403454,0.09961172608506083,sampled,cortical area,F,Group differences,longitudinal,False,
rh-entorhinal,rh,1.205654457841479,0.390438221736381,0.2689804897041358,192.0,0.0,0,0.7440525165807369,0.0886946084047927,0.1192047690563365,390,baseline+follow-up,0.72956185858053,0.7588364446301681,0.2689804897041358,0.3177542922842708,0.33050458242446046,0.09264458043962161,sampled,cortical area,F,Group differences,longitudinal,False,
lh-frontalpole,lh,0.658463191405316,0.634387315941923,0.31523766598844727,192.0,0.038461538461538464,1,0.7915072343379755,0.0660561652401174,0.0834561737080868,390,baseline+follow-up,0.776092380706153,0.8072340624076272,0.31523766598844727,0.4444324087631775,0.46226581745987055,0.041742613114182876,sampled,cortical area,F,Group differences,longitudinal,False,
rh-frontalpole,rh,0.512440592714836,0.5784146002111391,0.25074227426500295,192.0,0.0,0,0.7754735918295115,0.0712466356566868,0.0918749992357579,390,baseline+follow-up,0.7603709984547411,0.7908818399442095,0.25074227426500295,0.46848372119482423,0.4872822190160459,0.008838225539203805,sampled,cortical area,F,Group differences,longitudinal,False,
lh-fusiform,lh,2.5104054535057494,0.1794458682872436,0.16444129787882736,192.0,0.11538461538461539,3,0.6207349628618035,0.0238690138348785,0.0384528265088116,390,baseline+follow-up,0.608645953208376,0.6330686366606467,0.16444129787882736,0.13845986658321757,0.14401574266286654,0.25511671394693164,sampled,cortical area,F,Group differences,longitudinal,False,
rh-fusiform,rh,4.433915045991558,0.10869337307462697,0.18256111189478985,192.0,0.5769230769230769,15,0.5824541473627107,0.0230943865384401,0.0396501366554071,390,baseline+follow-up,0.5711106686939986,0.5940272017033833,0.18256111189478985,0.05026594190006924,0.05228292596278153,0.6186985862044198,sampled,cortical area,F,Group differences,longitudinal,False,
lh-inferiorparietal,lh,5.776623541334908,0.030570281054330024,0.03713937055279928,192.0,0.8461538461538461,22,0.5441458354057082,0.0196689994471176,0.0361465588217773,390,baseline+follow-up,0.5335484232239225,0.5549577239482055,0.03713937055279928,0.02433512102278581,0.02531159832355367,0.79430677982354,sampled,cortical area,F,Group differences,longitudinal,True,
rh-inferiorparietal,rh,1.1575441012505594,0.4037742317385089,0.20691979684625952,192.0,0.07692307692307693,2,0.4454932527539186,0.0163061596467979,0.0366024839792693,390,baseline+follow-up,0.4368171308092974,0.4543449669117946,0.20691979684625952,0.19487950922040093,0.202699294335105,0.016950186785572495,sampled,cortical area,F,Group differences,longitudinal,False,
lh-inferiortemporal,lh,3.0333283092710763,0.1479776780819921,0.14448257679919133,192.0,0.34615384615384615,9,0.4969251214918371,0.0301485760335058,0.0606702594205655,390,baseline+follow-up,0.4872473476428347,0.5067987595461115,0.14448257679919133,0.08554415138383234,0.08897671791849425,0.3154357429966614,sampled,cortical area,F,Group differences,longitudinal,False,
rh-inferiortemporal,rh,0.4233688582368983,0.6199613813999286,0.2492000941417171,192.0,0.0,0,0.5016312366072558,0.0258207103566837,0.0514734898315345,390,baseline+follow-up,0.4918618096784943,0.5115983826676296,0.2492000941417171,0.31688903914058025,0.32960460991145013,0.006051269721595165,sampled,cortical area,F,Group differences,longitudinal,False,
lh-insula,lh,0.6724154202744236,0.5235607572872151,0.26108463861976605,192.0,0.0,0,0.8120331808027869,0.0436808328528787,0.053791931026384,390,baseline+follow-up,0.7962185778740747,0.8281678485193988,0.26108463861976605,0.4527825267578324,0.4709509944284619,0.020524813749362623,sampled,cortical area,F,Group differences,longitudinal,False,
rh-insula,rh,0.5921567765568159,0.6154764967854554,0.27201957072472566,192.0,0.038461538461538464,1,0.894053542292942,0.0584461458886576,0.0653720869320234,390,baseline+follow-up,0.8766415668926346,0.9118179109995206,0.27201957072472566,0.5189680514886525,0.5397922964812252,0.014261159935580385,sampled,cortical area,F,Group differences,longitudinal,False,
lh-isthmuscingulate,lh,0.5290991340094207,0.6187545744664119,0.2698609853204558,192.0,0.0,0,0.6918526473669648,0.0331857610969515,0.0479665160251234,390,baseline+follow-up,0.6783785983232176,0.7055993917587255,0.2698609853204558,0.4144906499470774,0.4311226079584991,0.013055438147527479,sampled,cortical area,F,Group differences,longitudinal,False,
rh-isthmuscingulate,rh,0.36223889060665776,0.6545409778046909,0.25288242342435785,192.0,0.0,0,0.6822777263109878,0.0353683026685693,0.0518385714565277,390,baseline+follow-up,0.6689901518820147,0.6958342221103224,0.25288242342435785,0.4444264894328291,0.462259660608956,0.005820040782465077,sampled,cortical area,F,Group differences,longitudinal,False,
lh-lateraloccipital,lh,2.368037671523679,0.1898669353256297,0.14277267146814246,192.0,0.19230769230769232,5,0.5245849830665008,0.0163963404113839,0.0312558325927249,390,baseline+follow-up,0.5143685246683843,0.5350082078693775,0.14277267146814246,0.12557971681510097,0.1306187607052868,0.15521861482894744,sampled,cortical area,F,Group differences,longitudinal,False,
rh-lateraloccipital,rh,8.1975340289897,0.013836052110952683,0.027233365288132232,192.0,0.9230769230769231,24,0.4784119584952982,0.0156307856936123,0.0326722303154259,390,baseline+follow-up,0.4690947343487788,0.4879177498403564,0.027233365288132232,0.006613583939284034,0.006878962302818242,0.919608109330014,sampled,cortical area,F,Group differences,longitudinal,True,
lh-lateralorbitofrontal,lh,0.37311012523528314,0.635955130908096,0.22622377243628758,192.0,0.0,0,0.4729793707379882,0.0269326780330776,0.0569426061670611,390,baseline+follow-up,0.4637679479556105,0.4823772194516641,0.22622377243628758,0.3064167655483616,0.31871212318609526,0.0018043073436270066,sampled,cortical area,F,Group differences,longitudinal,False,
rh-lateralorbitofrontal,rh,0.65795013286923,0.6041353088741098,0.2792133980147028,192.0,0.038461538461538464,1,0.7577082377921127,0.0649977099225503,0.0857819760702975,390,baseline+follow-up,0.7429516303039186,0.7727634977641611,0.2792133980147028,0.42556357450998605,0.44263984752927926,0.018951111632750834,sampled,cortical area,F,Group differences,longitudinal,False,
lh-lingual,lh,1.7806271288328732,0.2649075417267469,0.17824573870051158,192.0,0.07692307692307693,2,0.603464965454846,0.0214100606039885,0.0354785477692997,390,baseline+follow-up,0.5917122944610049,0.6154554935840104,0.17824573870051158,0.19346583492058694,0.20122889457815624,0.0839185599502075,sampled,cortical area,F,Group differences,longitudinal,False,
rh-lingual,rh,2.850010701366252,0.1472347690145332,0.12516297280083208,192.0,0.23076923076923078,6,0.5431445856932705,0.0211336628370822,0.038909828789156,390,baseline+follow-up,0.5325666731661899,0.553936579936134,0.12516297280083208,0.10238238753182685,0.10649060944408437,0.2505480200895084,sampled,cortical area,F,Group differences,longitudinal,False,
lh-medialorbitofrontal,lh,0.6563172410291007,0.5935932367131755,0.29950787186963485,192.0,0.0,0,0.8320127512025716,0.0507050978860937,0.0609426932613782,390,baseline+follow-up,0.8158090398235786,0.8485444023641242,0.29950787186963485,0.4676787426004384,0.4864449396443479,0.034298369800731865,sampled,cortical area,F,Group differences,longitudinal,False,
rh-medialorbitofrontal,rh,0.8942123773253267,0.5337791885954922,0.296903497814617,192.0,0.038461538461538464,1,0.7142096698285639,0.041593802839172,0.0582375240721061,390,baseline+follow-up,0.7003002107039762,0.7284006363741461,0.296903497814617,0.3563894770844991,0.3706900525482369,0.04636282969616643,sampled,cortical area,F,Group differences,longitudinal,False,
lh-middletemporal,lh,2.998523296761767,0.17181607213624034,0.2001481389409419,192.0,0.34615384615384615,9,0.5481240145684629,0.0290427711211207,0.0529857666316372,390,baseline+follow-up,0.5374491260897406,0.5590149474165695,0.2001481389409419,0.09599704954832494,0.09984905175274612,0.3907868829598253,sampled,cortical area,F,Group differences,longitudinal,False,
rh-middletemporal,rh,1.4392073334794768,0.3471830197252869,0.25136539190236445,192.0,0.07692307692307693,2,0.4972616003390127,0.0184911090736015,0.0371858777371811,390,baseline+follow-up,0.4875772734580804,0.5071419240491459,0.25136539190236445,0.18899137102710842,0.1965748872001396,0.10841428688751886,sampled,cortical area,F,Group differences,longitudinal,False,
lh-paracentral,lh,0.36127240782390574,0.6150535589245121,0.19546229203976198,192.0,0.0,0,0.5266117352473596,0.0244144221569034,0.0463613332608995,390,baseline+follow-up,0.5163558052097424,0.5370752305388754,0.19546229203976198,0.34319412233359803,0.35696521761197864,0.00028027414341061103,sampled,cortical area,F,Group differences,longitudinal,False,
rh-paracentral,rh,0.2099732497696206,0.7603235118131975,0.22123724227798336,192.0,0.0,0,0.5169912601447377,0.0245311489861737,0.047449833057731,390,baseline+follow-up,0.5069226919013555,0.5272636017091321,0.22123724227798336,0.36350364135235763,0.3780896815941417,0.001093625762447367,sampled,cortical area,F,Group differences,longitudinal,False,
lh-parahippocampal,lh,0.6277371256633786,0.5776571777378361,0.2818023036156872,192.0,0.0,0,0.760495727021465,0.0420777204202641,0.0553293318097453,390,baseline+follow-up,0.7456848322992361,0.7756063729229834,0.2818023036156872,0.4336427120984517,0.45104317066247795,0.023961024564615192,sampled,cortical area,F,Group differences,longitudinal,False,
rh-parahippocampal,rh,1.1951611424578479,0.44284902557567746,0.2681328314328581,192.0,0.038461538461538464,1,0.8247878793613079,0.0476932452868283,0.0578248619799803,390,baseline+follow-up,0.8087248746456405,0.8411759761593077,0.2681328314328581,0.3540840278801657,0.3682920942984791,0.05413424846482846,sampled,cortical area,F,Group differences,longitudinal,False,
lh-parsopercularis,lh,1.8903489021968574,0.3082615972299967,0.2914800966710669,192.0,0.11538461538461539,3,0.8169424984118208,0.0340847006406067,0.0417222763008035,390,baseline+follow-up,0.8010322849705418,0.8331747116600805,0.2914800966710669,0.2479822661166679,0.2579328660594078,0.2541453113294804,sampled,cortical area,F,Group differences,longitudinal,False,
rh-parsopercularis,rh,3.825745497483076,0.1018867320421631,0.09918646103114728,192.0,0.5,13,0.6733562838317181,0.028289792269404,0.0420131109617357,390,baseline+follow-up,0.6602424573156338,0.6867355153106298,0.09918646103114728,0.07838121648972696,0.08152636126369892,0.3939338757141643,sampled,cortical area,F,Group differences,longitudinal,False,
lh-parsorbitalis,lh,1.0145723220313738,0.41919062687580555,0.24797088528624875,192.0,0.0,0,0.7058233002063043,0.0385264520565766,0.054583706779467,390,baseline+follow-up,0.6920771682815464,0.7198476340447475,0.24797088528624875,0.3316294793245541,0.34493652877471626,0.04467221292406424,sampled,cortical area,F,Group differences,longitudinal,False,
rh-parsorbitalis,rh,0.8157701131894066,0.4648565271699404,0.23387577872274457,192.0,0.0,0,0.6412039850971721,0.0389617467773574,0.060763419571469,390,baseline+follow-up,0.6287163347642205,0.6539443674887913,0.23387577872274457,0.3327681010381936,0.3461208391149498,0.017067806270111292,sampled,cortical area,F,Group differences,longitudinal,False,
lh-parstriangularis,lh,1.2511900177737472,0.428043997245693,0.2813222610727883,192.0,0.07692307692307693,2,0.7425350722244377,0.0306756175962189,0.0413120117064947,390,baseline+follow-up,0.7280739669328252,0.7572888494610127,0.2813222610727883,0.30997636065516493,0.32241455151811504,0.0803047185427213,sampled,cortical area,F,Group differences,longitudinal,False,
rh-parstriangularis,rh,1.1850174327155,0.388030466650262,0.2498537076543507,192.0,0.0,0,0.6336894898979787,0.0303471177336209,0.0478895708661772,390,baseline+follow-up,0.6213481867348157,0.6462805632638543,0.2498537076543507,0.2734268014963483,0.28439839538457046,0.06683521750996986,sampled,cortical area,F,Group differences,longitudinal,False,
lh-pericalcarine,lh,2.062742705795066,0.28269487319676156,0.2358263181028858,192.0,0.19230769230769232,5,0.6638991880671439,0.0390267408668088,0.0587841370621797,390,baseline+follow-up,0.650969541481032,0.677090512079547,0.2358263181028858,0.18496301305945556,0.19238488630861977,0.17494173854506692,sampled,cortical area,F,Group differences,longitudinal,False,
rh-pericalcarine,rh,1.3670356011792804,0.4317211458054597,0.31297134810350824,192.0,0.07692307692307693,2,0.6533182991007876,0.041582258965203,0.0636477793786518,390,baseline+follow-up,0.6405947186725517,0.6662993864730453,0.31297134810350824,0.25740744382142605,0.267736240859458,0.1273606600426665,sampled,cortical area,F,Group differences,longitudinal,False,
lh-postcentral,lh,0.37725182518812217,0.6401418375106124,0.24236341510982332,192.0,0.0,0,0.7160327197128848,0.0282698750130035,0.0394812614489729,390,baseline+follow-up,0.7020877561154241,0.7302599092907393,0.24236341510982332,0.4629146372267413,0.48148966855787195,0.0039588590064788395,sampled,cortical area,F,Group differences,longitudinal,False,
rh-postcentral,rh,0.2761314116663448,0.6793722851631302,0.20945146151849048,192.0,0.0,0,0.4702850212711304,0.0200152037709537,0.0425597305158789,390,baseline+follow-up,0.4611260717964658,0.4796293346929144,0.20945146151849048,0.3198630564374362,0.33269796338829666,0.00047602111565201875,sampled,cortical area,F,Group differences,longitudinal,False,
lh-posteriorcingulate,lh,0.9696023147123373,0.5241441672000756,0.29105252742689575,192.0,0.07692307692307693,2,0.6190755995987346,0.0311167064621826,0.0502631770374273,390,baseline+follow-up,0.60701890656948,0.6313763027314724,0.29105252742689575,0.29748586733145405,0.30942286145925846,0.04373106378126123,sampled,cortical area,F,Group differences,longitudinal,False,
rh-posteriorcingulate,rh,0.9724804295383452,0.5114798117454235,0.2916242653293412,192.0,0.038461538461538464,1,0.6516191031485984,0.0328015987116893,0.0503386081733842,390,baseline+follow-up,0.6389286150987494,0.6645664284003885,0.2916242653293412,0.3126737273612487,0.32522015345170696,0.048671536157621806,sampled,cortical area,F,Group differences,longitudinal,False,
lh-precentral,lh,0.6920839784245114,0.46466214936670147,0.17981978038363447,192.0,0.0,0,0.375208329361254,0.0144555548244092,0.0385267428604745,390,baseline+follow-up,0.3679010285210008,0.3826635194469153,0.17981978038363447,0.20716211570958568,0.2154747558390531,0.0013206098140940477,sampled,cortical area,F,Group differences,longitudinal,False,
rh-precentral,rh,0.17224591966082278,0.7481300191172651,0.18368341995416493,192.0,0.0,0,0.3963837640685029,0.0171125588075048,0.0431716946018692,390,baseline+follow-up,0.3886640649424962,0.4042596987873065,0.18368341995416493,0.28403266418989764,0.29542983164176123,4.5605803847276294e-05,sampled,cortical area,F,Group differences,longitudinal,False,
lh-precuneus,lh,0.7978834605028892,0.4546729253973952,0.22331509846108896,192.0,0.0,0,0.7216976920720009,0.0231196424802152,0.032035078862229,390,baseline+follow-up,0.7076424013468074,0.7360374416397657,0.22331509846108896,0.37791029293202216,0.3930744181660461,0.013677344041815994,sampled,cortical area,F,Group differences,longitudinal,False,
rh-precuneus,rh,0.3049887374251346,0.6478819337956858,0.1971026579941452,192.0,0.0,0,0.4358639442051866,0.0145874244482649,0.0334678393159259,390,baseline+follow-up,0.4273753560889561,0.4445243291200618,0.1971026579941452,0.2921894111370372,0.3039138783066434,0.00022574751689485718,sampled,cortical area,F,Group differences,longitudinal,False,
lh-rostralanteriorcingulate,lh,0.4561880233160323,0.6233592410881281,0.2576898640355529,192.0,0.0,0,0.6337741783910102,0.0634466680983883,0.1001092664574361,390,baseline+follow-up,0.6214312258926704,0.6463669344722315,0.2576898640355529,0.39383095504968335,0.4096339168506812,0.00827697403238171,sampled,cortical area,F,Group differences,longitudinal,False,
rh-rostralanteriorcingulate,rh,0.5950626728917531,0.5831904353114472,0.26920763241437673,192.0,0.0,0,0.5865462066219757,0.0502175554289453,0.0856156852810577,390,baseline+follow-up,0.575123033805443,0.5982005680052492,0.26920763241437673,0.3399750028897805,0.3536169269566268,0.01599824875011743,sampled,cortical area,F,Group differences,longitudinal,False,
lh-rostralmiddlefrontal,lh,0.60062835995951,0.5447068076329564,0.24279300048907587,192.0,0.0,0,0.634198955680458,0.0338708715943115,0.0534073279227811,390,baseline+follow-up,0.6218477305101086,0.6468001518606565,0.24279300048907587,0.36657190892234115,0.3812810672547221,0.009032545676071372,sampled,cortical area,F,Group differences,longitudinal,False,
rh-rostralmiddlefrontal,rh,0.2106288913466911,0.713576288611316,0.1796576716303231,192.0,0.0,0,0.4370708908445925,0.0273202879758378,0.062507681358153,390,baseline+follow-up,0.4285587970609711,0.4457552571477149,0.1796576716303231,0.3072093941994163,0.3195365570574719,2.7571699641240597e-05,sampled,cortical area,F,Group differences,longitudinal,False,
lh-superiorfrontal,lh,0.8039120495532603,0.534942251083659,0.2963007438558877,192.0,0.0,0,0.6193236274797477,0.0228644031003306,0.036918344603409,390,baseline+follow-up,0.6072621040290939,0.6316292587946574,0.2963007438558877,0.32332598533191387,0.3362998466547894,0.04540288752068064,sampled,cortical area,F,Group differences,longitudinal,False,
rh-superiorfrontal,rh,0.45322895904892985,0.599998720381247,0.2399345828316129,192.0,0.0,0,0.5053332211931956,0.0196331263510559,0.0388518417702641,390,baseline+follow-up,0.4954916969442027,0.5153739237197313,0.2399345828316129,0.31448325875969296,0.3271022945706433,0.004737125889696011,sampled,cortical area,F,Group differences,longitudinal,False,
lh-superiorparietal,lh,1.3110393279049637,0.4042284445800052,0.2732068048419099,192.0,0.038461538461538464,1,0.7543747853123357,0.0242125665428858,0.0320962033916086,390,baseline+follow-up,0.7396830978650903,0.7693638113553012,0.2732068048419099,0.30564799881385457,0.3179125087206429,0.08705653830241049,sampled,cortical area,F,Group differences,longitudinal,False,
rh-superiorparietal,rh,0.5883077428075107,0.6711870683801908,0.2709885976285861,192.0,0.07692307692307693,2,0.4737663193255862,0.0188462919489972,0.0397797208881906,390,baseline+follow-up,0.4645395704706632,0.483179804289444,0.2709885976285861,0.2755363257741397,0.2865925669739883,0.01094315687191876,sampled,cortical area,F,Group differences,longitudinal,False,
lh-superiortemporal,lh,2.508226336620341,0.22526992390858475,0.21109969905658904,192.0,0.23076923076923078,6,0.5864186635248838,0.019172330833707,0.0326939301666573,390,baseline+follow-up,0.5749979746504911,0.5980704906946058,0.21109969905658904,0.13094683393262507,0.136201240139313,0.24606959670326653,sampled,cortical area,F,Group differences,longitudinal,False,
rh-superiortemporal,rh,2.1418287268447176,0.21512331783032718,0.2010413438223258,192.0,0.11538461538461539,3,0.4992573456128098,0.0157775683655844,0.0316020755713036,390,baseline+follow-up,0.489534150961695,0.5091773237208186,0.2010413438223258,0.13373079648576885,0.13909691268710964,0.247440435154661,sampled,cortical area,F,Group differences,longitudinal,False,
lh-supramarginal,lh,2.2957932869954307,0.29747251231617194,0.2903036378097251,192.0,0.2692307692307692,7,0.754720218864404,0.0278858415131174,0.0369485814956383,390,baseline+follow-up,0.7400218039895197,0.7697161084884552,0.2903036378097251,0.18727067616939566,0.19478514729972782,0.2731391991163501,sampled,cortical area,F,Group differences,longitudinal,False,
rh-supramarginal,rh,0.38690566609620203,0.6871197758138401,0.24662402517002524,192.0,0.0,0,0.5521026788399864,0.022914307016036,0.041503705550172,390,baseline+follow-up,0.5413503046166809,0.5630726656325556,0.24662402517002524,0.3552097363028848,0.3694629731857725,0.00397212906753035,sampled,cortical area,F,Group differences,longitudinal,False,
lh-temporalpole,lh,0.4517860484666748,0.6617307822722165,0.24667571905127475,192.0,0.038461538461538464,1,0.7268552856247384,0.0689056914830267,0.0947997391582585,390,baseline+follow-up,0.7126995491344796,0.7412975138351968,0.24667571905127475,0.45267014174350034,0.47083409982425195,0.004319032749027493,sampled,cortical area,F,Group differences,longitudinal,False,
rh-temporalpole,rh,0.32744771007615664,0.6655892291161045,0.22401919968122957,192.0,0.0,0,0.7014641756534404,0.073177675900541,0.104321330212442,390,baseline+follow-up,0.6878029390575313,0.7154018960038409,0.22401919968122957,0.4649698372464981,0.4836273360601594,0.0013216265726150413,sampled,cortical area,F,Group differences,longitudinal,False,
lh-transversetemporal,lh,2.006043405289301,0.3227420015330243,0.28510786529355575,192.0,0.11538461538461539,3,0.6787517180033606,0.0387130557792572,0.0570356652549431,390,baseline+follow-up,0.6655328137009621,0.692238153891654,0.28510786529355575,0.19450920421878654,0.20231413038012444,0.21260386937985326,sampled,cortical area,F,Group differences,longitudinal,False,
rh-transversetemporal,rh,1.7220447603780604,0.35108448392205344,0.2922533252203092,192.0,0.15384615384615385,4,0.7033700038623495,0.0424899762521394,0.0604091388868138,390,baseline+follow-up,0.6896716506595247,0.717345592006336,0.2922533252203092,0.2321708723342113,0.24148702023919003,0.1824946218536219,sampled,cortical area,F,Group differences,longitudinal,False,
3rd-Ventricle,,0.2887457785424789,0.6859726375189052,0.22374221098710823,192.0,0.0,0,0.4002621020410591,0.0252802645398518,0.0631592759118089,390,baseline+follow-up,0.3924668710568608,0.4082150972740871,0.27589223658602885,0.27051914805236954,0.28137406869356385,0.012559856173415032,simulated,subcortical volume,F,Group differences,longitudinal,False,
4th-Ventricle,,2.5584903690039127,0.14414007063033255,0.07965698591809477,192.0,0.19230769230769232,5,0.4418529063488977,0.0303452343404945,0.0686772315050322,390,baseline+follow-up,0.4332476813014469,0.4506322887585065,0.09814716052785964,0.09623571354635307,0.10009729244350433,0.16100159636431474,simulated,subcortical volume,F,Group differences,longitudinal,False,
Brain-Stem,,4.021437712801609,0.06451701948750801,0.05664026070882187,192.0,0.5,13,0.4276468446979438,0.01328770857307,0.0310716862238407,390,baseline+follow-up,0.4193182871925368,0.4361439602129004,0.04610349983801809,0.04520561960258068,0.04701955187633986,0.46054131233574475,simulated,subcortical volume,F,Group differences,longitudinal,False,
BrainSegVol,,0.8833464567403035,0.3687242840765795,0.10575685784580456,192.0,0.0,0,0.2308937198079375,0.0034063546802356,0.0147529117858603,390,baseline+follow-up,0.2263969916152719,0.2354814553032662,0.11814452512853818,0.1158436231490625,0.12049199405043787,8.058196173810557e-05,simulated,subcortical volume,F,Group differences,longitudinal,False,
BrainSegVol-to-eTIV,,4.366187045384797,0.04042557684563298,0.01400754353761754,192.0,0.8461538461538461,22,0.1639922843869211,0.0034070737656566,0.020775817462351,390,baseline+follow-up,0.1607984828006513,0.1672507239177482,0.014922078188733676,0.014631465998240764,0.015218571951437434,0.7620569255319085,simulated,subcortical volume,F,Group differences,longitudinal,True,
BrainSegVolNotVent,,0.9290183023909422,0.35621457132281314,0.10513277616594163,192.0,0.0,0,0.2259511761218401,0.0035163922666224,0.0155626198853076,390,baseline+follow-up,0.2215507055300968,0.2304407059010289,0.11300398224234917,0.11080319396081707,0.1152493113092374,7.183937066269584e-05,simulated,subcortical volume,F,Group differences,longitudinal,False,
CC_Anterior,,0.5061401052954069,0.5584406492718416,0.22582933913599107,192.0,0.0,0,0.8272891248246738,0.0550077641462893,0.0664915837712082,390,baseline+follow-up,0.811177407562813,0.8437269200406485,0.5113260241816909,0.5013677881998113,0.5214858005185048,0.44155935072521424,simulated,subcortical volume,F,Group differences,longitudinal,False,
CC_Central,,0.31404576999257444,0.6803857735539922,0.23216079339938298,192.0,0.0,0,0.6789315102001462,0.0843430005565203,0.1242290264767006,390,baseline+follow-up,0.6657091043878721,0.6924215184638323,0.4620693819182955,0.45307043461748564,0.4712504549526529,0.3080105142161837,simulated,subcortical volume,F,Group differences,longitudinal,False,
CC_Mid_Anterior,,0.6017052843767229,0.5643592157987378,0.26916214357345597,192.0,0.0,0,0.664023666368263,0.0778951924417395,0.1173078557090756,390,baseline+follow-up,0.6510915955278819,0.6772174636983506,0.39122297411072376,0.38360378300078124,0.3989963666759645,0.17507194155373182,simulated,subcortical volume,F,Group differences,longitudinal,False,
CC_Mid_Posterior,,0.6489214166201627,0.5368371508023666,0.2578731406416092,192.0,0.0,0,0.7465825219814721,0.0838638368347153,0.1123302975431784,390,baseline+follow-up,0.7320425913261989,0.7614167198935482,0.42958174150980943,0.4212155012772539,0.4381173023960432,0.27746087997986124,simulated,subcortical volume,F,Group differences,longitudinal,False,
CC_Posterior,,2.14077209726126,0.32130730370759103,0.3125643137515535,192.0,0.19230769230769232,5,0.9292757386289316,0.1135149153427008,0.1221541794582763,390,baseline+follow-up,0.911177799819124,0.9477399536565296,0.25399263925352134,0.2490460523016938,0.2590393380014339,0.1481739869950861,simulated,subcortical volume,F,Group differences,longitudinal,False,
CSF,,0.48135687878694383,0.6134025295420887,0.25607233813385627,192.0,0.0,0,0.5974901055104201,0.04999787621757,0.0836798396432995,390,baseline+follow-up,0.5858537968030098,0.6093619163480555,0.3739099842958724,0.36662796913625256,0.3813393769551394,0.1234665697558456,simulated,subcortical volume,F,Group differences,longitudinal,False,
CerebralWhiteMatterVol,,0.502137280260344,0.5170302002398578,0.1579828806812451,192.0,0.0,0,0.2327052635804351,0.0058338743266614,0.0250697996121816,390,baseline+follow-up,0.228173255000062,0.2373289934877094,0.14411800103378763,0.1413112573992777,0.1469815491173323,7.488463972028871e-06,simulated,subcortical volume,F,Group differences,longitudinal,False,
CortexVol,,0.8222223989919208,0.3752542311369634,0.07132742831981935,192.0,0.0,0,0.1419785270211943,0.0038332543593074,0.0269988317228792,390,baseline+follow-up,0.1392134503194961,0.1447995648932136,0.07490437753634462,0.07344559110204084,0.07639268770720951,1.5926978825557683e-10,simulated,subcortical volume,F,Group differences,longitudinal,False,
EstimatedTotalIntraCranialVol,,2.2198934277065385,0.1379323187624728,0.0011446049162717818,192.0,0.0,0,0.0043793650819558,9.560383873559791e-05,0.0218305249611435,390,baseline+follow-up,0.0042940755624038,0.004466380738554,0.0011508299076331305,0.001128417131335369,0.0011736962862454428,0.0,simulated,subcortical volume,F,Group differences,longitudinal,False,
Left-Accumbens-area,,0.5942186965049764,0.5291522734395826,0.227766519465931,192.0,0.0,0,0.5442618871361837,0.081005684064671,0.1488358563758883,390,baseline+follow-up,0.5336622148102561,0.5550760815648855,0.3218679994199604,0.31559951836940364,0.32826334549943664,0.07702332828374359,simulated,subcortical volume,F,Group differences,longitudinal,False,
Left-Amygdala,,0.36907844103654547,0.6579520555507554,0.220714728035789,192.0,0.0,0,0.5926464814872665,0.0469547775480259,0.0792289822259491,390,baseline+follow-up,0.5811045038890682,0.6044220520898902,0.3923610022865364,0.3847196477180707,0.40015700686678224,0.14753034252307684,simulated,subcortical volume,F,Group differences,longitudinal,False,
Left-Caudate,,1.1312352514992234,0.3340521411649756,0.1568623048979833,192.0,0.0,0,0.452558734995989,0.0168429187216333,0.0372170890078667,390,baseline+follow-up,0.4437450105508791,0.4615508365307955,0.204573836788891,0.2005896966393209,0.20863861019733473,0.04991840246489683,simulated,subcortical volume,F,Group differences,longitudinal,False,
Left-Cerebellum-Cortex,,0.11800510159319591,0.784188905257336,0.15031913017056506,192.0,0.0,0,0.3673318499335827,0.0094609679413408,0.0257559151025196,390,baseline+follow-up,0.3601779460204127,0.3746305385592709,0.2758564428092413,0.2704840513707015,0.2813375637134555,0.015571010310106883,simulated,subcortical volume,F,Group differences,longitudinal,False,
Left-Cerebellum-White-Matter,,1.9141864723201285,0.2802869472468894,0.22010786676536281,192.0,0.15384615384615385,4,0.5406572131370063,0.0393840135776137,0.0728447020046204,390,baseline+follow-up,0.5301277429768672,0.5513997846091856,0.16540187527574324,0.16218062146125717,0.16868832262835054,0.04452897832360861,simulated,subcortical volume,F,Group differences,longitudinal,False,
Left-Hippocampus,,0.5185279007797006,0.6372675910489638,0.2930150460842625,192.0,0.0,0,0.610305954456862,0.0232723144368352,0.0381322093728322,390,baseline+follow-up,0.5984200530393582,0.6224324094015925,0.3748792470751416,0.36757835521645316,0.3823278984706811,0.11941221898300054,simulated,subcortical volume,F,Group differences,longitudinal,False,
Left-Inf-Lat-Vent,,0.2558303736072479,0.7018673082720921,0.21688350594208056,192.0,0.0,0,0.5533218865008883,0.1140936661769373,0.206197638229071,390,baseline+follow-up,0.5425457678229217,0.5643160983016853,0.3877460642262798,0.38019458703559733,0.3954503724400527,0.13766480186099309,simulated,subcortical volume,F,Group differences,longitudinal,False,
Left-Lateral-Ventricle,,0.0205242249378813,0.9053052001431544,0.06353487252856097,192.0,0.0,0,0.1750509806410287,0.0098180340596584,0.0560867127033807,390,baseline+follow-up,0.1716418074488905,0.1785291505888599,0.13805729907874442,0.1353685895309617,0.14080042423563308,1.2894717860830045e-05,simulated,subcortical volume,F,Group differences,longitudinal,False,
Left-Pallidum,,0.5480883974000998,0.5661985230488686,0.2457867910956889,192.0,0.0,0,0.5578097255531542,0.0380447531849873,0.0682038183311703,390,baseline+follow-up,0.5469462047907687,0.5688931083306868,0.33759447795659997,0.3310197187644554,0.34430230080616364,0.08324205355098348,simulated,subcortical volume,F,Group differences,longitudinal,False,
Left-Putamen,,0.2892126570673203,0.7233954062605675,0.2518695531470768,192.0,0.0,0,0.5934137200498346,0.0254773642865596,0.0429335612335016,390,baseline+follow-up,0.58185680023806,0.6052045352749184,0.4089317537707785,0.40096767857814497,0.4170570103758596,0.18379022225564293,simulated,subcortical volume,F,Group differences,longitudinal,False,
Left-Thalamus,,0.3909468237840026,0.6437921342505114,0.24631765811105813,192.0,0.0,0,0.5204235988066399,0.0263912703745696,0.0507111330752223,390,baseline+follow-up,0.5102881846826482,0.5307641391159993,0.3407870977102173,0.3341501612389917,0.34755835621744613,0.06816126199679746,simulated,subcortical volume,F,Group differences,longitudinal,False,
Left-VentralDC,,0.3852156754972461,0.6358255868618586,0.22664351351428338,192.0,0.0,0,0.518629501010731,0.0229529828958855,0.044256994349827,390,baseline+follow-up,0.508529027508537,0.5289343935504273,0.34058995926348623,0.3339568621258381,0.3473573007345553,0.0691145696105231,simulated,subcortical volume,F,Group differences,longitudinal,False,
Left-choroid-plexus,,1.3097648087200318,0.4085549049682164,0.3032729026876431,192.0,0.038461538461538464,1,0.6322591741813464,0.0962644965045809,0.1522548037823649,390,baseline+follow-up,0.6199457268689738,0.6448218279341282,0.2614251195907751,0.256333782734525,0.2666194977727143,0.06713121042287085,simulated,subcortical volume,F,Group differences,longitudinal,False,
Left-vessel,,1.0224549394448113,0.4746267883668799,0.2912415736628845,192.0,0.038461538461538464,1,0.9169776480491044,0.8206685305389285,0.8949711394655299,390,baseline+follow-up,0.8991192184415057,0.9351975065531694,0.4376690457754052,0.42914530273539336,0.4463652970990907,0.35465105983807055,simulated,subcortical volume,F,Group differences,longitudinal,False,
MaskVol,,1.006414478512433,0.32458464200620535,0.061329083617820364,192.0,0.0,0,0.1433701320509625,0.002290377463985,0.0159752762393417,390,baseline+follow-up,0.1405779534013395,0.1462188203753018,0.06898086709144342,0.0676374428958324,0.07035148025804318,4.19629141967907e-09,simulated,subcortical volume,F,Group differences,longitudinal,False,
MaskVol-to-eTIV,,0.3186384522360185,0.5798172086238067,0.06403956602523547,192.0,0.0,0,0.0987904978786462,0.0022918380920442,0.0231989729908994,390,baseline+follow-up,0.0968665216988354,0.1007534125655249,0.06708038818223071,0.06577397641423242,0.0684132398429863,6.609479658545191e-27,simulated,subcortical volume,F,Group differences,longitudinal,False,
Optic-Chiasm,,1.1926985413565958,0.43917540354467677,0.2945580089173097,192.0,0.07692307692307693,2,0.7423883909393134,0.1937340610940024,0.260960520744241,390,baseline+follow-up,0.7279301423121035,0.7571392536967124,0.3254399899994995,0.31910194330308495,0.3319063096333209,0.1426906271333673,simulated,subcortical volume,F,Group differences,longitudinal,False,
Right-Accumbens-area,,0.4521601136348457,0.6188525207229312,0.24885776111514926,192.0,0.0,0,0.5362698339922046,0.0611908697066784,0.1141046276109723,390,baseline+follow-up,0.5258258094280251,0.5469252305726163,0.3405471692197368,0.33391490543171926,0.3473136604753789,0.0721921008225908,simulated,subcortical volume,F,Group differences,longitudinal,False,
Right-Amygdala,,1.6410825436545353,0.2745408633463946,0.17609232990928636,192.0,0.07692307692307693,2,0.580230428886389,0.0363417528233613,0.0626333108608427,390,baseline+follow-up,0.5689302578380545,0.5917592991228169,0.20336898224622424,0.19940830701979964,0.207409815835271,0.11887675709479166,simulated,subcortical volume,F,Group differences,longitudinal,False,
Right-Caudate,,2.2228592736455215,0.23265612683168138,0.22508617146226514,192.0,0.19230769230769232,5,0.5109226384487832,0.0231209560452689,0.0452533403402649,390,baseline+follow-up,0.5009722585315863,0.5210743997254789,0.134064921881434,0.13145396514179972,0.13672872062531294,0.04788542577549718,simulated,subcortical volume,F,Group differences,longitudinal,False,
Right-Cerebellum-Cortex,,0.5968349184497871,0.48425293514623424,0.16363564543800366,192.0,0.0,0,0.3696342571946054,0.0099111068877311,0.0268132801406259,390,baseline+follow-up,0.3624355131720975,0.3769786934288682,0.21830957956060876,0.2140579314778642,0.22264727487754327,0.007275459322245184,simulated,subcortical volume,F,Group differences,longitudinal,False,
Right-Cerebellum-White-Matter,,0.16661229917730636,0.7322492810749174,0.15343177477956527,192.0,0.0,0,0.5828623229957879,0.0436856908468538,0.0749502740584066,390,baseline+follow-up,0.5715108949775727,0.5944434875693493,0.4271579506008543,0.41883891446255694,0.4356453520499431,0.22835361021774597,simulated,subcortical volume,F,Group differences,longitudinal,False,
Right-Hippocampus,,0.5133429162299395,0.5883312681280397,0.25708555940424804,192.0,0.0,0,0.6302122361696282,0.0212491968664773,0.0337175250604907,390,baseline+follow-up,0.6179386536221941,0.6427342183520403,0.3881140448809224,0.38055540115064995,0.39582566467472574,0.15786984934010895,simulated,subcortical volume,F,Group differences,longitudinal,False,
Right-Inf-Lat-Vent,,0.5102772979846256,0.572754080548335,0.22753603206860656,192.0,0.0,0,0.6076548439411439,0.1008170419709849,0.1659116897959754,390,baseline+follow-up,0.5958205737391093,0.6197286227289607,0.3747976600419282,0.3674983571165062,0.38224469034648034,0.13976370002932778,simulated,subcortical volume,F,Group differences,longitudinal,False,
Right-Lateral-Ventricle,,0.029833903218724075,0.8920736997399273,0.08409040946389236,192.0,0.0,0,0.1884897402528028,0.0106541105529863,0.0565235568720981,390,baseline+follow-up,0.1848188429684243,0.1922349312115797,0.1479621751416899,0.1450805650010537,0.15090210492162595,2.2932759580431668e-05,simulated,subcortical volume,F,Group differences,longitudinal,False,
Right-Pallidum,,0.37416373608955666,0.6592011495739444,0.2454863209319587,192.0,0.0,0,0.572812572781918,0.0389047542958497,0.0679188204736938,390,baseline+follow-up,0.561656866826449,0.584194054160052,0.3782638180987744,0.37089701064933406,0.38577971912169445,0.12178569410400825,simulated,subcortical volume,F,Group differences,longitudinal,False,
Right-Putamen,,0.5214236477377847,0.5991012723143359,0.2489070492743421,192.0,0.0,0,0.6574161173265474,0.0317093910138104,0.048233364193686,390,baseline+follow-up,0.6446127305927977,0.6704786261690094,0.4032308651666695,0.39537781658199517,0.4112428481451412,0.18375813947517597,simulated,subcortical volume,F,Group differences,longitudinal,False,
Right-Thalamus,,0.49972995747269944,0.5971460381125869,0.25608864136359394,192.0,0.0,0,0.4915500127265285,0.0245322038689191,0.0499078491176186,390,baseline+follow-up,0.481976920820126,0.5013168502264423,0.3047921892365381,0.29885626498799517,0.310848248043259,0.03813130968472846,simulated,subcortical volume,F,Group differences,longitudinal,False,
Right-VentralDC,,0.3469194026158749,0.6760662226713349,0.2403346400677158,192.0,0.0,0,0.522789522649814,0.0240096210969952,0.0459259798767578,390,baseline+follow-up,0.5126080314109657,0.533177072608477,0.34998129485961016,0.34316529849206096,0.35693523717759146,0.07685923388147839,simulated,subcortical volume,F,Group differences,longitudinal,False,
Right-choroid-plexus,,2.4173352743207177,0.28525417421107446,0.2459343097778581,192.0,0.19230769230769232,5,0.5814554113331754,0.0842754513827903,0.1449388031140023,390,baseline+follow-up,0.5701313833643991,0.5930086213197574,0.1385266669309367,0.13582881629583715,0.14127911817758507,0.013379129227434476,simulated,subcortical volume,F,Group differences,longitudinal,False,
Right-vessel,,2.151283685469186,0.5437800497812642,0.44357872496593176,191.4,0.2,1,0.7054345090335055,0.6783963641930024,0.9616716442217332,390,baseline+follow-up,0.691695948939758,0.719451117797983,0.1918063196233686,0.18807083090717794,0.19561740925151636,0.0006210937957451191,simulated,subcortical volume,F,Group differences,longitudinal,False,
SubCortGrayVol,,0.1818284225211386,0.7331261637360081,0.17361688243178397,192.0,0.0,0,0.429201747094905,0.0083756581745378,0.0195145015863269,390,baseline+follow-up,0.4208429073737189,0.4377297576940771,0.3121516646361897,0.3060724122774653,0.31835395230762836,0.03593658626159722,simulated,subcortical volume,F,Group differences,longitudinal,False,
SupraTentorialVol,,1.1777929237743914,0.3010918914813231,0.10495854813343124,192.0,0.0,0,0.2445600032601116,0.0037973925536291,0.0155274472645072,390,baseline+follow-up,0.2397971198764799,0.2494192805441685,0.10800871206940314,0.10590520825379485,0.11015478777288142,0.0006477587831624873,simulated,subcortical volume,F,Group differences,longitudinal,False,
SupraTentorialVolNotVent,,1.2386759495268993,0.2888266973099931,0.10467038891600079,192.0,0.0,0,0.2392631990714389,0.0039347502811608,0.0164452799111242,390,baseline+follow-up,0.2346034726240203,0.2440172316714551,0.10250449932770136,0.10050819179545074,0.10454120924942539,0.0006317017657024135,simulated,subcortical volume,F,Group differences,longitudinal,False,
SurfaceHoles,,0.15920320962892626,0.7524095833394904,0.1661348808658761,192.0,0.0,0,0.5590604234270993,0.4137834792872959,0.7401408898715449,390,baseline+follow-up,0.5481725449281978,0.5701686569066562,0.4112416872238417,0.40323262534690074,0.4194128409789331,0.19822957693789714,simulated,subcortical volume,F,Group differences,longitudinal,False,
TotalGrayVol,,0.6974781868914198,0.41336944915625207,0.07067779560937264,192.0,0.0,0,0.1365551964669927,0.0031609476369908,0.0231477652903157,390,baseline+follow-up,0.133895740842479,0.1392684756433355,0.07668569790297,0.07519221969134361,0.07820940196276926,4.054385126469457e-12,simulated,subcortical volume,F,Group differences,longitudinal,False,
WM-hypointensities,,0.9021460654674317,0.4126247276389502,0.22124273192129942,192.0,0.0,0,0.7021222019024588,0.6615241233620535,0.9421780447471944,390,baseline+follow-up,0.6884481500373083,0.7160729968846941,0.35590134858978467,0.34897005730415487,0.3629729192289466,0.23407435202375435,simulated,subcortical volume,F,Group differences,longitudinal,False,
lhCerebralWhiteMatterVol,,0.631470583569586,0.48486312269119597,0.18480358485247514,192.0,0.0,0,0.3035872376913366,0.0077970312503649,0.0256830007402761,390,baseline+follow-up,0.2976747802550941,0.3096193547512716,0.17621707338800843,0.17278519017095068,0.17971841297895777,0.0006390712373474918,simulated,subcortical volume,F,Group differences,longitudinal,False,
lhCortexVol,,1.0943554799529744,0.3141438764782384,0.0937796031561003,192.0,0.0,0,0.2090627907936135,0.0055975705198605,0.0267745900579048,390,baseline+follow-up,0.2049912268455729,0.2132167573323057,0.09626214731974808,0.09438741156643567,0.09817482502480962,5.436102818391184e-05,simulated,subcortical volume,F,Group differences,longitudinal,False,
lhSurfaceHoles,,0.34833043491059823,0.6167608807176155,0.19136725946518618,192.0,0.0,0,0.6645098892685866,0.606190378216169,0.912236804908037,390,baseline+follow-up,0.6515683490834973,0.6777133475892819,0.4445411472407891,0.43588356785205395,0.4533739435681519,0.2716626340862872,simulated,subcortical volume,F,Group differences,longitudinal,False,
rhCerebralWhiteMatterVol,,0.3927524412857728,0.5957695136730886,0.20034375966967977,192.0,0.0,0,0.2923462757670543,0.0077398449485129,0.0264749223440771,390,baseline+follow-up,0.286652739618232,0.2981550408879909,0.19126275349382588,0.187537850899862,0.1950630427518785,0.0002569250460443363,simulated,subcortical volume,F,Group differences,longitudinal,False,
rhCortexVol,,0.5767667178381534,0.46453623968458974,0.09766713744144812,192.0,0.0,0,0.1692788233025303,0.0047994374043694,0.0283522611436875,390,baseline+follow-up,0.1659820646994859,0.1726423035518783,0.10098812630636143,0.09902135061811825,0.10299470670208558,3.869656399583055e-09,simulated,subcortical volume,F,Group differences,longitudinal,False,
rhSurfaceHoles,,0.35365377062598247,0.6177884850556741,0.19015058162312012,192.0,0.0,0,0.6492047494386912,0.7112805390575099,1.0956182000709176,390,baseline+follow-up,0.6365612816906653,0.6621041027654656,0.4331440549037136,0.4247084374915501,0.4417503970637572,0.24363372202454142,simulated,subcortical volume,F,Group differences,longitudinal,False,
3rd-Ventricle,,0.2887457785424789,0.6859726375189052,0.22374221098710823,192.0,0.0,0,0.4002621020410591,0.0252802645398518,0.0631592759118089,390,baseline+follow-up,0.3924668710568608,0.4082150972740871,0.22374221098710823,0.27051914805236954,0.28137406869356385,0.0011940951117574582,sampled,subcortical volume,F,Group differences,longitudinal,False,
4th-Ventricle,,2.5584903690039127,0.14414007063033255,0.07965698591809477,192.0,0.19230769230769232,5,0.4418529063488977,0.0303452343404945,0.0686772315050322,390,baseline+follow-up,0.4332476813014469,0.4506322887585065,0.07965698591809477,0.09623571354635307,0.10009729244350433,0.08978739490682053,sampled,subcortical volume,F,Group differences,longitudinal,False,
Brain-Stem,,4.021437712801609,0.06451701948750801,0.05664026070882187,192.0,0.5,13,0.4276468446979438,0.01328770857307,0.0310716862238407,390,baseline+follow-up,0.4193182871925368,0.4361439602129004,0.05664026070882187,0.04520561960258068,0.04701955187633986,0.5090413615256157,sampled,subcortical volume,F,Group differences,longitudinal,False,
BrainSegVol,,0.8833464567403035,0.3687242840765795,0.10575685784580456,192.0,0.0,0,0.2308937198079375,0.0034063546802356,0.0147529117858603,390,baseline+follow-up,0.2263969916152719,0.2354814553032662,0.10575685784580456,0.1158436231490625,0.12049199405043787,9.97863389905164e-06,sampled,subcortical volume,F,Group differences,longitudinal,False,
BrainSegVol-to-eTIV,,4.366187045384797,0.04042557684563298,0.01400754353761754,192.0,0.8461538461538461,22,0.1639922843869211,0.0034070737656566,0.020775817462351,390,baseline+follow-up,0.1607984828006513,0.1672507239177482,0.01400754353761754,0.014631465998240764,0.015218571951437434,0.7718543998192489,sampled,subcortical volume,F,Group differences,longitudinal,True,
BrainSegVolNotVent,,0.9290183023909422,0.35621457132281314,0.10513277616594163,192.0,0.0,0,0.2259511761218401,0.0035163922666224,0.0155626198853076,390,baseline+follow-up,0.2215507055300968,0.2304407059010289,0.10513277616594163,0.11080319396081707,0.1152493113092374,1.9126683194286594e-05,sampled,subcortical volume,F,Group differences,longitudinal,False,
CC_Anterior,,0.5061401052954069,0.5584406492718416,0.22582933913599107,192.0,0.0,0,0.8272891248246738,0.0550077641462893,0.0664915837712082,390,baseline+follow-up,0.811177407562813,0.8437269200406485,0.22582933913599107,0.5013677881998113,0.5214858005185048,0.0037649651510864384,sampled,subcortical volume,F,Group differences,longitudinal,False,
CC_Central,,0.31404576999257444,0.6803857735539922,0.23216079339938298,192.0,0.0,0,0.6789315102001462,0.0843430005565203,0.1242290264767006,390,baseline+follow-up,0.6657091043878721,0.6924215184638323,0.23216079339938298,0.45307043461748564,0.4712504549526529,0.0019679082966048336,sampled,subcortical volume,F,Group differences,longitudinal,False,
CC_Mid_Anterior,,0.6017052843767229,0.5643592157987378,0.26916214357345597,192.0,0.0,0,0.664023666368263,0.0778951924417395,0.1173078557090756,390,baseline+follow-up,0.6510915955278819,0.6772174636983506,0.26916214357345597,0.38360378300078124,0.3989963666759645,0.01836154397713897,sampled,subcortical volume,F,Group differences,longitudinal,False,
CC_Mid_Posterior,,0.6489214166201627,0.5368371508023666,0.2578731406416092,192.0,0.0,0,0.7465825219814721,0.0838638368347153,0.1123302975431784,390,baseline+follow-up,0.7320425913261989,0.7614167198935482,0.2578731406416092,0.4212155012772539,0.4381173023960432,0.01642942264623972,sampled,subcortical volume,F,Group differences,longitudinal,False,
CC_Posterior,,2.14077209726126,0.32130730370759103,0.3125643137515535,192.0,0.19230769230769232,5,0.9292757386289316,0.1135149153427008,0.1221541794582763,390,baseline+follow-up,0.911177799819124,0.9477399536565296,0.3125643137515535,0.2490460523016938,0.2590393380014339,0.2789166424025716,sampled,subcortical volume,F,Group differences,longitudinal,False,
CSF,,0.48135687878694383,0.6134025295420887,0.25607233813385627,192.0,0.0,0,0.5974901055104201,0.04999787621757,0.0836798396432995,390,baseline+follow-up,0.5858537968030098,0.6093619163480555,0.25607233813385627,0.36662796913625256,0.3813393769551394,0.008287178327662984,sampled,subcortical volume,F,Group differences,longitudinal,False,
CerebralWhiteMatterVol,,0.502137280260344,0.5170302002398578,0.1579828806812451,192.0,0.0,0,0.2327052635804351,0.0058338743266614,0.0250697996121816,390,baseline+follow-up,0.228173255000062,0.2373289934877094,0.1579828806812451,0.1413112573992777,0.1469815491173323,4.862900041543178e-05,sampled,subcortical volume,F,Group differences,longitudinal,False,
CortexVol,,0.8222223989919208,0.3752542311369634,0.07132742831981935,192.0,0.0,0,0.1419785270211943,0.0038332543593074,0.0269988317228792,390,baseline+follow-up,0.1392134503194961,0.1447995648932136,0.07132742831981935,0.07344559110204084,0.07639268770720951,1.8131666402288436e-11,sampled,subcortical volume,F,Group differences,longitudinal,False,
EstimatedTotalIntraCranialVol,,2.2198934277065385,0.1379323187624728,0.0011446049162717818,192.0,0.0,0,0.0043793650819558,9.560383873559791e-05,0.0218305249611435,390,baseline+follow-up,0.0042940755624038,0.004466380738554,0.0011446049162717818,0.001128417131335369,0.0011736962862454428,0.0,sampled,subcortical volume,F,Group differences,longitudinal,False,
Left-Accumbens-area,,0.5942186965049764,0.5291522734395826,0.227766519465931,192.0,0.0,0,0.5442618871361837,0.081005684064671,0.1488358563758883,390,baseline+follow-up,0.5336622148102561,0.5550760815648855,0.227766519465931,0.31559951836940364,0.32826334549943664,0.005881292519645116,sampled,subcortical volume,F,Group differences,longitudinal,False,
Left-Amygdala,,0.36907844103654547,0.6579520555507554,0.220714728035789,192.0,0.0,0,0.5926464814872665,0.0469547775480259,0.0792289822259491,390,baseline+follow-up,0.5811045038890682,0.6044220520898902,0.220714728035789,0.3847196477180707,0.40015700686678224,0.001130517697500275,sampled,subcortical volume,F,Group differences,longitudinal,False,
Left-Caudate,,1.1312352514992234,0.3340521411649756,0.1568623048979833,192.0,0.0,0,0.452558734995989,0.0168429187216333,0.0372170890078667,390,baseline+follow-up,0.4437450105508791,0.4615508365307955,0.1568623048979833,0.2005896966393209,0.20863861019733473,0.008757831089905677,sampled,subcortical volume,F,Group differences,longitudinal,False,
Left-Cerebellum-Cortex,,0.11800510159319591,0.784188905257336,0.15031913017056506,192.0,0.0,0,0.3673318499335827,0.0094609679413408,0.0257559151025196,390,baseline+follow-up,0.3601779460204127,0.3746305385592709,0.15031913017056506,0.2704840513707015,0.2813375637134555,5.358306534731948e-07,sampled,subcortical volume,F,Group differences,longitudinal,False,
Left-Cerebellum-White-Matter,,1.9141864723201285,0.2802869472468894,0.22010786676536281,192.0,0.15384615384615385,4,0.5406572131370063,0.0393840135776137,0.0728447020046204,390,baseline+follow-up,0.5301277429768672,0.5513997846091856,0.22010786676536281,0.16218062146125717,0.16868832262835054,0.14452692066055842,sampled,subcortical volume,F,Group differences,longitudinal,False,
Left-Hippocampus,,0.5185279007797006,0.6372675910489638,0.2930150460842625,192.0,0.0,0,0.610305954456862,0.0232723144368352,0.0381322093728322,390,baseline+follow-up,0.5984200530393582,0.6224324094015925,0.2930150460842625,0.36757835521645316,0.3823278984706811,0.023985028319525585,sampled,subcortical volume,F,Group differences,longitudinal,False,
Left-Inf-Lat-Vent,,0.2558303736072479,0.7018673082720921,0.21688350594208056,192.0,0.0,0,0.5533218865008883,0.1140936661769373,0.206197638229071,390,baseline+follow-up,0.5425457678229217,0.5643160983016853,0.21688350594208056,0.38019458703559733,0.3954503724400527,0.0007422386854658121,sampled,subcortical volume,F,Group differences,longitudinal,False,
Left-Lateral-Ventricle,,0.0205242249378813,0.9053052001431544,0.06353487252856097,192.0,0.0,0,0.1750509806410287,0.0098180340596584,0.0560867127033807,390,baseline+follow-up,0.1716418074488905,0.1785291505888599,0.06353487252856097,0.1353685895309617,0.14080042423563308,2.1711580350016702e-23,sampled,subcortical volume,F,Group differences,longitudinal,False,
Left-Pallidum,,0.5480883974000998,0.5661985230488686,0.2457867910956889,192.0,0.0,0,0.5578097255531542,0.0380447531849873,0.0682038183311703,390,baseline+follow-up,0.5469462047907687,0.5688931083306868,0.2457867910956889,0.3310197187644554,0.34430230080616364,0.00817246466667847,sampled,subcortical volume,F,Group differences,longitudinal,False,
Left-Putamen,,0.2892126570673203,0.7233954062605675,0.2518695531470768,192.0,0.0,0,0.5934137200498346,0.0254773642865596,0.0429335612335016,390,baseline+follow-up,0.58185680023806,0.6052045352749184,0.2518695531470768,0.40096767857814497,0.4170570103758596,0.004920762867758815,sampled,subcortical volume,F,Group differences,longitudinal,False,
Left-Thalamus,,0.3909468237840026,0.6437921342505114,0.24631765811105813,192.0,0.0,0,0.5204235988066399,0.0263912703745696,0.0507111330752223,390,baseline+follow-up,0.5102881846826482,0.5307641391159993,0.24631765811105813,0.3341501612389917,0.34755835621744613,0.004632420591443379,sampled,subcortical volume,F,Group differences,longitudinal,False,
Left-VentralDC,,0.3852156754972461,0.6358255868618586,0.22664351351428338,192.0,0.0,0,0.518629501010731,0.0229529828958855,0.044256994349827,390,baseline+follow-up,0.508529027508537,0.5289343935504273,0.22664351351428338,0.3339568621258381,0.3473573007345553,0.0018483459246159016,sampled,subcortical volume,F,Group differences,longitudinal,False,
Left-choroid-plexus,,1.3097648087200318,0.4085549049682164,0.3032729026876431,192.0,0.038461538461538464,1,0.6322591741813464,0.0962644965045809,0.1522548037823649,390,baseline+follow-up,0.6199457268689738,0.6448218279341282,0.3032729026876431,0.256333782734525,0.2666194977727143,0.1326678616187502,sampled,subcortical volume,F,Group differences,longitudinal,False,
Left-vessel,,1.0224549394448113,0.4746267883668799,0.2912415736628845,192.0,0.038461538461538464,1,0.9169776480491044,0.8206685305389285,0.8949711394655299,390,baseline+follow-up,0.8991192184415057,0.9351975065531694,0.2912415736628845,0.42914530273539336,0.4463652970990907,0.06453092592300576,sampled,subcortical volume,F,Group differences,longitudinal,False,
MaskVol,,1.006414478512433,0.32458464200620535,0.061329083617820364,192.0,0.0,0,0.1433701320509625,0.002290377463985,0.0159752762393417,390,baseline+follow-up,0.1405779534013395,0.1462188203753018,0.061329083617820364,0.0676374428958324,0.07035148025804318,3.7510065058854347e-11,sampled,subcortical volume,F,Group differences,longitudinal,False,
MaskVol-to-eTIV,,0.3186384522360185,0.5798172086238067,0.06403956602523547,192.0,0.0,0,0.0987904978786462,0.0022918380920442,0.0231989729908994,390,baseline+follow-up,0.0968665216988354,0.1007534125655249,0.06403956602523547,0.06577397641423242,0.0684132398429863,2.1636888840248483e-29,sampled,subcortical volume,F,Group differences,longitudinal,False,
Optic-Chiasm,,1.1926985413565958,0.43917540354467677,0.2945580089173097,192.0,0.07692307692307693,2,0.7423883909393134,0.1937340610940024,0.260960520744241,390,baseline+follow-up,0.7279301423121035,0.7571392536967124,0.2945580089173097,0.31910194330308495,0.3319063096333209,0.09133783907244637,sampled,subcortical volume,F,Group differences,longitudinal,False,
Right-Accumbens-area,,0.4521601136348457,0.6188525207229312,0.24885776111514926,192.0,0.0,0,0.5362698339922046,0.0611908697066784,0.1141046276109723,390,baseline+follow-up,0.5258258094280251,0.5469252305726163,0.24885776111514926,0.33391490543171926,0.3473136604753789,0.006011015487985939,sampled,subcortical volume,F,Group differences,longitudinal,False,
Right-Amygdala,,1.6410825436545353,0.2745408633463946,0.17609232990928636,192.0,0.07692307692307693,2,0.580230428886389,0.0363417528233613,0.0626333108608427,390,baseline+follow-up,0.5689302578380545,0.5917592991228169,0.17609232990928636,0.19940830701979964,0.207409815835271,0.06714310489374131,sampled,subcortical volume,F,Group differences,longitudinal,False,
Right-Caudate,,2.2228592736455215,0.23265612683168138,0.22508617146226514,192.0,0.19230769230769232,5,0.5109226384487832,0.0231209560452689,0.0452533403402649,390,baseline+follow-up,0.5009722585315863,0.5210743997254789,0.22508617146226514,0.13145396514179972,0.13672872062531294,0.26307030562375366,sampled,subcortical volume,F,Group differences,longitudinal,False,
Right-Cerebellum-Cortex,,0.5968349184497871,0.48425293514623424,0.16363564543800366,192.0,0.0,0,0.3696342571946054,0.0099111068877311,0.0268132801406259,390,baseline+follow-up,0.3624355131720975,0.3769786934288682,0.16363564543800366,0.2140579314778642,0.22264727487754327,0.00021952849328076587,sampled,subcortical volume,F,Group differences,longitudinal,False,
Right-Cerebellum-White-Matter,,0.16661229917730636,0.7322492810749174,0.15343177477956527,192.0,0.0,0,0.5828623229957879,0.0436856908468538,0.0749502740584066,390,baseline+follow-up,0.5715108949775727,0.5944434875693493,0.15343177477956527,0.41883891446255694,0.4356453520499431,6.017938019496265e-07,sampled,subcortical volume,F,Group differences,longitudinal,False,
Right-Hippocampus,,0.5133429162299395,0.5883312681280397,0.25708555940424804,192.0,0.0,0,0.6302122361696282,0.0212491968664773,0.0337175250604907,390,baseline+follow-up,0.6179386536221941,0.6427342183520403,0.25708555940424804,0.38055540115064995,0.39582566467472574,0.010284582540683106,sampled,subcortical volume,F,Group differences,longitudinal,False,
Right-Inf-Lat-Vent,,0.5102772979846256,0.572754080548335,0.22753603206860656,192.0,0.0,0,0.6076548439411439,0.1008170419709849,0.1659116897959754,390,baseline+follow-up,0.5958205737391093,0.6197286227289607,0.22753603206860656,0.3674983571165062,0.38224469034648034,0.0034735481105888596,sampled,subcortical volume,F,Group differences,longitudinal,False,
Right-Lateral-Ventricle,,0.029833903218724075,0.8920736997399273,0.08409040946389236,192.0,0.0,0,0.1884897402528028,0.0106541105529863,0.0565235568720981,390,baseline+follow-up,0.1848188429684243,0.1922349312115797,0.08409040946389236,0.1450805650010537,0.15090210492162595,6.177031853933668e-15,sampled,subcortical volume,F,Group differences,longitudinal,False,
Right-Pallidum,,0.37416373608955666,0.6592011495739444,0.2454863209319587,192.0,0.0,0,0.572812572781918,0.0389047542958497,0.0679188204736938,390,baseline+follow-up,0.561656866826449,0.584194054160052,0.2454863209319587,0.37089701064933406,0.38577971912169445,0.004138174382991726,sampled,subcortical volume,F,Group differences,longitudinal,False,
Right-Putamen,,0.5214236477377847,0.5991012723143359,0.2489070492743421,192.0,0.0,0,0.6574161173265474,0.0317093910138104,0.048233364193686,390,baseline+follow-up,0.6446127305927977,0.6704786261690094,0.2489070492743421,0.39537781658199517,0.4112428481451412,0.0069528180676774335,sampled,subcortical volume,F,Group differences,longitudinal,False,
Right-Thalamus,,0.49972995747269944,0.5971460381125869,0.25608864136359394,192.0,0.0,0,0.4915500127265285,0.0245322038689191,0.0499078491176186,390,baseline+follow-up,0.481976920820126,0.5013168502264423,0.25608864136359394,0.29885626498799517,0.310848248043259,0.009285454779269016,sampled,subcortical volume,F,Group differences,longitudinal,False,
Right-VentralDC,,0.3469194026158749,0.6760662226713349,0.2403346400677158,192.0,0.0,0,0.522789522649814,0.0240096210969952,0.0459259798767578,390,baseline+follow-up,0.5126080314109657,0.533177072608477,0.2403346400677158,0.34316529849206096,0.35693523717759146,0.0030404790680263385,sampled,subcortical volume,F,Group differences,longitudinal,False,
Right-choroid-plexus,,2.4173352743207177,0.28525417421107446,0.2459343097778581,192.0,0.19230769230769232,5,0.5814554113331754,0.0842754513827903,0.1449388031140023,390,baseline+follow-up,0.5701313833643991,0.5930086213197574,0.2459343097778581,0.13582881629583715,0.14127911817758507,0.19307208909867377,sampled,subcortical volume,F,Group differences,longitudinal,False,
Right-vessel,,2.151283685469186,0.5437800497812642,0.44357872496593176,191.4,0.2,1,0.7054345090335055,0.6783963641930024,0.9616716442217332,390,baseline+follow-up,0.691695948939758,0.719451117797983,0.44357872496593176,0.18807083090717794,0.19561740925151636,0.307060753358382,sampled,subcortical volume,F,Group differences,longitudinal,False,
SubCortGrayVol,,0.1818284225211386,0.7331261637360081,0.17361688243178397,192.0,0.0,0,0.429201747094905,0.0083756581745378,0.0195145015863269,390,baseline+follow-up,0.4208429073737189,0.4377297576940771,0.17361688243178397,0.3060724122774653,0.31835395230762836,1.3266896285473755e-05,sampled,subcortical volume,F,Group differences,longitudinal,False,
SupraTentorialVol,,1.1777929237743914,0.3010918914813231,0.10495854813343124,192.0,0.0,0,0.2445600032601116,0.0037973925536291,0.0155274472645072,390,baseline+follow-up,0.2397971198764799,0.2494192805441685,0.10495854813343124,0.10590520825379485,0.11015478777288142,0.0004454572538138511,sampled,subcortical volume,F,Group differences,longitudinal,False,
SupraTentorialVolNotVent,,1.2386759495268993,0.2888266973099931,0.10467038891600079,192.0,0.0,0,0.2392631990714389,0.0039347502811608,0.0164452799111242,390,baseline+follow-up,0.2346034726240203,0.2440172316714551,0.10467038891600079,0.10050819179545074,0.10454120924942539,0.0008198922836058906,sampled,subcortical volume,F,Group differences,longitudinal,False,
SurfaceHoles,,0.15920320962892626,0.7524095833394904,0.1661348808658761,192.0,0.0,0,0.5590604234270993,0.4137834792872959,0.7401408898715449,390,baseline+follow-up,0.5481725449281978,0.5701686569066562,0.1661348808658761,0.40323262534690074,0.4194128409789331,5.17980828310725e-06,sampled,subcortical volume,F,Group differences,longitudinal,False,
TotalGrayVol,,0.6974781868914198,0.41336944915625207,0.07067779560937264,192.0,0.0,0,0.1365551964669927,0.0031609476369908,0.0231477652903157,390,baseline+follow-up,0.133895740842479,0.1392684756433355,0.07067779560937264,0.07519221969134361,0.07820940196276926,4.997970956846498e-14,sampled,subcortical volume,F,Group differences,longitudinal,False,
WM-hypointensities,,0.9021460654674317,0.4126247276389502,0.22124273192129942,192.0,0.0,0,0.7021222019024588,0.6615241233620535,0.9421780447471944,390,baseline+follow-up,0.6884481500373083,0.7160729968846941,0.22124273192129942,0.34897005730415487,0.3629729192289466,0.023699707221791298,sampled,subcortical volume,F,Group differences,longitudinal,False,
lhCerebralWhiteMatterVol,,0.631470583569586,0.48486312269119597,0.18480358485247514,192.0,0.0,0,0.3035872376913366,0.0077970312503649,0.0256830007402761,390,baseline+follow-up,0.2976747802550941,0.3096193547512716,0.18480358485247514,0.17278519017095068,0.17971841297895777,0.001190948248309881,sampled,subcortical volume,F,Group differences,longitudinal,False,
lhCortexVol,,1.0943554799529744,0.3141438764782384,0.0937796031561003,192.0,0.0,0,0.2090627907936135,0.0055975705198605,0.0267745900579048,390,baseline+follow-up,0.2049912268455729,0.2132167573323057,0.0937796031561003,0.09438741156643567,0.09817482502480962,3.408300088186317e-05,sampled,subcortical volume,F,Group differences,longitudinal,False,
lhSurfaceHoles,,0.34833043491059823,0.6167608807176155,0.19136725946518618,192.0,0.0,0,0.6645098892685866,0.606190378216169,0.912236804908037,390,baseline+follow-up,0.6515683490834973,0.6777133475892819,0.19136725946518618,0.43588356785205395,0.4533739435681519,0.000194696074459326,sampled,subcortical volume,F,Group differences,longitudinal,False,
rhCerebralWhiteMatterVol,,0.3927524412857728,0.5957695136730886,0.20034375966967977,192.0,0.0,0,0.2923462757670543,0.0077398449485129,0.0264749223440771,390,baseline+follow-up,0.286652739618232,0.2981550408879909,0.20034375966967977,0.187537850899862,0.1950630427518785,0.0005213189009812945,sampled,subcortical volume,F,Group differences,longitudinal,False,
rhCortexVol,,0.5767667178381534,0.46453623968458974,0.09766713744144812,192.0,0.0,0,0.1692788233025303,0.0047994374043694,0.0283522611436875,390,baseline+follow-up,0.1659820646994859,0.1726423035518783,0.09766713744144812,0.09902135061811825,0.10299470670208558,1.0951548226590778e-09,sampled,subcortical volume,F,Group differences,longitudinal,False,
rhSurfaceHoles,,0.35365377062598247,0.6177884850556741,0.19015058162312012,192.0,0.0,0,0.6492047494386912,0.7112805390575099,1.0956182000709176,390,baseline+follow-up,0.6365612816906653,0.6621041027654656,0.19015058162312012,0.4247084374915501,0.4417503970637572,0.000172784470845161,sampled,subcortical volume,F,Group differences,longitudinal,False,
lh-BrainSegVolNotVent,lh,0.9290183023909422,0.35621457132281314,0.10513277616594163,192.0,0.0,0,0.2259511761218401,0.0035163922666224,0.0155626198853076,390,baseline+follow-up,0.2215507055300968,0.2304407059010289,0.11300398224234917,0.11080319396081707,0.1152493113092374,7.183937066269584e-05,simulated,cortical volume,F,Group differences,longitudinal,False,
rh-BrainSegVolNotVent,rh,0.9290183023909422,0.35621457132281314,0.10513277616594163,192.0,0.0,0,0.2259511761218401,0.0035163922666224,0.0155626198853076,390,baseline+follow-up,0.2215507055300968,0.2304407059010289,0.11300398224234917,0.11080319396081707,0.1152493113092374,7.183937066269584e-05,simulated,cortical volume,F,Group differences,longitudinal,False,
lh-bankssts,lh,1.3972013995589698,0.3919694173406438,0.28542924480445,192.0,0.07692307692307693,2,0.704604047181132,0.0521627769166061,0.0740313330945098,390,baseline+follow-up,0.6908816605945186,0.7186041551099834,0.27889800326553543,0.27346637647548894,0.2844395583594631,0.10718832466552584,simulated,cortical volume,F,Group differences,longitudinal,False,
rh-bankssts,rh,0.9839444281404377,0.4905286273770555,0.2841152780877321,192.0,0.07692307692307693,2,0.716933308342256,0.0413144548844035,0.0576266361231476,390,baseline+follow-up,0.7029708054965079,0.7311783921375239,0.3488415063572994,0.34204770773118837,0.35577280168352365,0.14195680371687502,simulated,cortical volume,F,Group differences,longitudinal,False,
lh-caudalanteriorcingulate,lh,0.4184278343915536,0.6409972204252214,0.27139632212322334,192.0,0.0,0,0.7589856495523642,0.0599587544034158,0.0789985350036307,390,baseline+follow-up,0.7442041640662725,0.7740662910171597,0.49020059906793617,0.4806537874191657,0.49994062443565096,0.359002779571834,simulated,cortical volume,F,Group differences,longitudinal,False,
rh-caudalanteriorcingulate,rh,0.36140929818518186,0.6272569000658338,0.22084973534319266,192.0,0.0,0,0.6238420720617497,0.0418204307780407,0.0670368874606796,390,baseline+follow-up,0.6116925504743089,0.6362374824690045,0.4146060295010537,0.40653144599459284,0.4228440309490856,0.19873237739635657,simulated,cortical volume,F,Group differences,longitudinal,False,
lh-caudalmiddlefrontal,lh,0.8446925748740965,0.48190948000370193,0.2663847217853943,192.0,0.0,0,0.5381833491290867,0.0257825885188536,0.0479067004963572,390,baseline+follow-up,0.5277020582526392,0.5488767662382579,0.28075741772685087,0.2752895782522974,0.2863359183978683,0.04914548007645718,simulated,cortical volume,F,Group differences,longitudinal,False,
rh-caudalmiddlefrontal,rh,0.3138274446156323,0.6483990520385104,0.20054083116589969,192.0,0.0,0,0.5299354871834707,0.0320706037757015,0.0605179395442115,390,baseline+follow-up,0.5196148260260597,0.5404650236594226,0.3607047051194701,0.35367986694679443,0.36787171589995027,0.0948612368160002,simulated,cortical volume,F,Group differences,longitudinal,False,
lh-cuneus,lh,0.497506457696117,0.5747183479295457,0.22948117871218732,192.0,0.0,0,0.5610910225367195,0.028071853466681,0.0500308369571961,390,baseline+follow-up,0.5501635974781635,0.5722396029413455,0.3483000414366701,0.341516788011078,0.35522057814270364,0.09541573463083314,simulated,cortical volume,F,Group differences,longitudinal,False,
rh-cuneus,rh,0.49357694975220756,0.5823643772055755,0.22799612744134165,192.0,0.0,0,0.526945520121806,0.031297176521412,0.0593935716811437,390,baseline+follow-up,0.5166830895182295,0.5374156475413744,0.32774904936100774,0.32136603300349514,0.3342612487771048,0.06533342362681906,simulated,cortical volume,F,Group differences,longitudinal,False,
lh-eTIV,lh,2.2198934277065385,0.1379323187624728,0.0011446049162717818,192.0,0.0,0,0.0043793650819558,9.560383873559791e-05,0.0218305249611435,390,baseline+follow-up,0.0042940755624038,0.004466380738554,0.0011508299076331305,0.001128417131335369,0.0011736962862454428,0.0,simulated,cortical volume,F,Group differences,longitudinal,False,
rh-eTIV,rh,2.2198934277065385,0.1379323187624728,0.0011446049162717818,192.0,0.0,0,0.0043793650819558,9.560383873559791e-05,0.0218305249611435,390,baseline+follow-up,0.0042940755624038,0.004466380738554,0.0011508299076331305,0.001128417131335369,0.0011736962862454428,0.0,simulated,cortical volume,F,Group differences,longitudinal,False,
lh-entorhinal,lh,1.041881604915381,0.43967405335862114,0.26927710430141605,192.0,0.0,0,0.7276003276434501,0.1105245421534236,0.1519028207579156,390,baseline+follow-up,0.7134300812243243,0.7420573594428392,0.34392379530007283,0.3372257706515859,0.3507573783212947,0.17751642654291566,simulated,cortical volume,F,Group differences,longitudinal,False,
rh-entorhinal,rh,1.144743346209333,0.3887634301489636,0.2501400645846903,192.0,0.0,0,0.649890169777679,0.1023507272693589,0.1574892682318492,390,baseline+follow-up,0.6372333532518486,0.6628031420422963,0.2917991058338682,0.28611622599248815,0.2975969989790467,0.13304075301908305,simulated,cortical volume,F,Group differences,longitudinal,False,
lh-frontalpole,lh,1.4929414109343762,0.40336019450413024,0.30353337672168507,192.0,0.11538461538461539,3,0.673240280937402,0.0852533136329391,0.1266313321511818,390,baseline+follow-up,0.66012871361436,0.6866172075004577,0.25405545041558714,0.24910764019651999,0.25910339718790654,0.06123403762746973,simulated,cortical volume,F,Group differences,longitudinal,False,
rh-frontalpole,rh,0.6845705503767389,0.5276396639239243,0.25587632143789785,192.0,0.0,0,0.6446879400242528,0.0805516922081543,0.1249467955071782,390,baseline+follow-up,0.6321324385676084,0.6574975467485925,0.36438713967033565,0.35729058492054266,0.3716273184681715,0.14485175896448724,simulated,cortical volume,F,Group differences,longitudinal,False,
lh-fusiform,lh,2.62672487287895,0.19891622194523534,0.22546181968478435,192.0,0.2692307692307692,7,0.5664301528534227,0.0291691753489214,0.0514965087963274,390,baseline+follow-up,0.5553987465439284,0.5776848189397575,0.12163280435591124,0.11926396703562737,0.12404958353208007,0.07572306370364772,simulated,cortical volume,F,Group differences,longitudinal,False,
rh-fusiform,rh,3.8507990023960943,0.10709681352954709,0.15035822321029735,192.0,0.5769230769230769,15,0.5400686355951936,0.0281614030860757,0.0521441187841613,390,baseline+follow-up,0.529550628168766,0.550799512344439,0.06332804103275189,0.06209470741183254,0.06458633554997505,0.184880902030249,simulated,cortical volume,F,Group differences,longitudinal,False,
lh-inferiorparietal,lh,3.6777344072454805,0.08434475449672042,0.07947292718321707,192.0,0.34615384615384615,9,0.5049306301461978,0.0199836283719567,0.0395769778636139,390,baseline+follow-up,0.4950969464851284,0.514963333402602,0.06448053985089185,0.06322476095111496,0.06576173390709208,0.3640338914224465,simulated,cortical volume,F,Group differences,longitudinal,False,
rh-inferiorparietal,rh,0.2924500030569718,0.7256855031646106,0.22835094773172335,192.0,0.0,0,0.3966521207888882,0.0169583368310786,0.0427536774475093,390,baseline+follow-up,0.3889271953309083,0.4045333876130975,0.27289618170865465,0.26758144229096553,0.2783184837981436,0.011275378120280679,simulated,cortical volume,F,Group differences,longitudinal,False,
lh-inferiortemporal,lh,1.9636777202708187,0.22177891387519758,0.1685426027160006,192.0,0.038461538461538464,1,0.4665191103941796,0.0292978503909698,0.0628009651442037,390,baseline+follow-up,0.4574335032244748,0.4757885971683753,0.13924929601265532,0.1365373719477227,0.14201610551508867,0.07366906335488388,simulated,cortical volume,F,Group differences,longitudinal,False,
rh-inferiortemporal,rh,0.21173934933227806,0.727673803523881,0.19159444920888247,192.0,0.0,0,0.4083539596885558,0.0241227734580855,0.0590731959021128,390,baseline+follow-up,0.4004011372183491,0.4164677358323138,0.2925625456823004,0.2868647976085028,0.29837560797150803,0.021179852914050026,simulated,cortical volume,F,Group differences,longitudinal,False,
lh-insula,lh,0.553603047213581,0.5575765019932211,0.2394905761199342,192.0,0.0,0,0.7323226681475002,0.0303897584975784,0.0414977711593348,390,baseline+follow-up,0.718060452654042,0.7468735303428373,0.44198898402841824,0.43338110882513653,0.45077107022919555,0.29374222372078485,simulated,cortical volume,F,Group differences,longitudinal,False,
rh-insula,rh,0.7845889060156787,0.5023762450456539,0.2662047653357693,192.0,0.0,0,0.8182146076371616,0.0398854801569145,0.048746966608303,390,baseline+follow-up,0.8022796194665288,0.834472097019618,0.43987786018069075,0.4313110997817968,0.4486179994726508,0.331934327799996,simulated,cortical volume,F,Group differences,longitudinal,False,
lh-isthmuscingulate,lh,0.8759957980837959,0.455697734057162,0.253645620076789,192.0,0.0,0,0.7492508593951743,0.0337196575815573,0.0450044963695833,390,baseline+follow-up,0.7346589620251471,0.7641380757534711,0.38479188219945637,0.37729793863774114,0.3924374923864688,0.2474309795319843,simulated,cortical volume,F,Group differences,longitudinal,False,
rh-isthmuscingulate,rh,1.1340687218215653,0.4404115358161617,0.30640202373659464,192.0,0.0,0,0.7256416021693636,0.031856112712773,0.0439006151487686,390,baseline+follow-up,0.7115095025481166,0.7400597151346219,0.32755365853881685,0.32117444747934115,0.33406197564312484,0.14539929305450752,simulated,cortical volume,F,Group differences,longitudinal,False,
lh-lateraloccipital,lh,1.3069186182448633,0.33974104991161913,0.20930488042733938,192.0,0.0,0,0.4486978512949317,0.0192462480807759,0.0428935597200469,390,baseline+follow-up,0.4399593187805577,0.4576132391226118,0.18579037957610423,0.18217205319433485,0.18948193567291313,0.025987639795910396,simulated,cortical volume,F,Group differences,longitudinal,False,
rh-lateraloccipital,rh,1.7469912818987523,0.2451132377390273,0.16571449810050992,192.0,0.038461538461538464,1,0.4233717277901346,0.0179095221340902,0.0423021211821872,390,baseline+follow-up,0.4151264295381289,0.4317838990043066,0.1407637024881788,0.13802228487834028,0.14356060244239183,0.04420485546242522,simulated,cortical volume,F,Group differences,longitudinal,False,
lh-lateralorbitofrontal,lh,0.18890395340700458,0.7392070381209639,0.1906686860894857,192.0,0.0,0,0.4437196684818092,0.0199541296995525,0.0449701266744064,390,baseline+follow-up,0.4350780876516241,0.4525361424628373,0.32156584149605294,0.3153032450665946,0.3279551838581745,0.0452960734776686,simulated,cortical volume,F,Group differences,longitudinal,False,
rh-lateralorbitofrontal,rh,0.4040701730206339,0.7062833645888031,0.26484160882741,192.0,0.0,0,0.6953475869312434,0.0449819428924769,0.0646898669642249,390,baseline+follow-up,0.681805472834521,0.7091637739146277,0.45234468448962206,0.4435351287457979,0.46133253295463234,0.2854011447635902,simulated,cortical volume,F,Group differences,longitudinal,False,
lh-lingual,lh,0.19922228784800133,0.723177284470543,0.17451712202604558,192.0,0.0,0,0.4329169767873155,0.0200316580886231,0.0462713618608315,390,baseline+follow-up,0.4244857817932619,0.4415188070258756,0.31211587102584265,0.30603731575899623,0.31831744749726754,0.03535791618815948,simulated,cortical volume,F,Group differences,longitudinal,False,
rh-lingual,rh,0.4639506617756125,0.5880653754534293,0.22895584154530485,192.0,0.0,0,0.4516576295679365,0.0204533747150661,0.0452851305415392,390,baseline+follow-up,0.4428614544359316,0.4606318266168143,0.28512530511825124,0.27957239965579805,0.29079059339025576,0.024568490473095415,simulated,cortical volume,F,Group differences,longitudinal,False,
lh-medialorbitofrontal,lh,1.139295213751611,0.49733643418210366,0.30765752583518136,192.0,0.038461538461538464,1,0.7396596660862986,0.0444819301539348,0.0601383747058947,390,baseline+follow-up,0.7252545602383154,0.7543563105311528,0.33301063474468895,0.32652514734832516,0.3396273790658899,0.11032428833654717,simulated,cortical volume,F,Group differences,longitudinal,False,
rh-medialorbitofrontal,rh,1.7310171385384145,0.40124294252021675,0.3248653247512368,192.0,0.15384615384615385,4,0.6622966880361191,0.0360163059287332,0.0543809241074885,390,baseline+follow-up,0.6493982506447582,0.6754561712246153,0.22196112717938196,0.21763836405228776,0.22637137680674754,0.028640988720437733,simulated,cortical volume,F,Group differences,longitudinal,False,
lh-middletemporal,lh,2.6345073732967115,0.21057604731291032,0.2387244568449278,192.0,0.19230769230769232,5,0.5712036430373132,0.029202578301502,0.0511246359463335,390,baseline+follow-up,0.5600792714973,0.5825531558365489,0.12218546171864056,0.11980586122148927,0.12461322190287602,0.05650521648738098,simulated,cortical volume,F,Group differences,longitudinal,False,
rh-middletemporal,rh,0.27290799731565185,0.701412501779364,0.21758340894335956,192.0,0.0,0,0.4001309379179548,0.0181285602580061,0.0453065697752252,390,baseline+follow-up,0.3923382613965228,0.4080813269895689,0.27800277678208285,0.27258858481083653,0.2835265442015865,0.013280587412838106,simulated,cortical volume,F,Group differences,longitudinal,False,
lh-paracentral,lh,0.33679277904543997,0.670104782014274,0.23341885390302874,192.0,0.0,0,0.5817675496790252,0.0281446696361962,0.0483778609716618,390,baseline+follow-up,0.5704374427172777,0.5933269616886415,0.3914478789850304,0.3838243077815548,0.39922574029058944,0.14464370280998812,simulated,cortical volume,F,Group differences,longitudinal,False,
rh-paracentral,rh,0.4479689193617039,0.6217120552287619,0.24422945079199876,192.0,0.0,0,0.5670151253745885,0.0261518358721739,0.0461219369675494,390,baseline+follow-up,0.5559723265402995,0.5782814145540129,0.360828852882209,0.3538015968926035,0.36799833041275165,0.10009495644798855,simulated,cortical volume,F,Group differences,longitudinal,False,
lh-parahippocampal,lh,2.0825783218067397,0.2981554772139605,0.26519565621649027,192.0,0.07692307692307693,2,0.73154142027386,0.0437803170770418,0.0598466687787169,390,baseline+follow-up,0.7172944198297403,0.7460767594891718,0.2058162690989834,0.20180793218736662,0.20990572897709076,0.0887789539956815,simulated,cortical volume,F,Group differences,longitudinal,False,
rh-parahippocampal,rh,1.3158460839837178,0.4259686404112863,0.30081597915613334,192.0,0.07692307692307693,2,0.7935387372280819,0.0499960913525294,0.0630039707036499,390,baseline+follow-up,0.7780843194351942,0.8093059301804404,0.3271160943892963,0.3207454050299729,0.3336157173265134,0.15888797726207388,simulated,cortical volume,F,Group differences,longitudinal,False,
lh-parsopercularis,lh,0.8985334404705387,0.5235262814530931,0.29190439379816613,192.0,0.07692307692307693,2,0.7637945607078678,0.0360090092638289,0.0471448883197813,390,baseline+follow-up,0.7489194201566363,0.7789707526814443,0.38786301191594075,0.380309257132028,0.395569643818151,0.19331817919529284,simulated,cortical volume,F,Group differences,longitudinal,False,
rh-parsopercularis,rh,1.5602147350802973,0.30359587028628593,0.21433757137783663,192.0,0.038461538461538464,1,0.6252405824822754,0.0289042269853623,0.0462289681687157,390,baseline+follow-up,0.6130638244622416,0.6376637805482944,0.22815874247249307,0.22371527882812617,0.23269213542177422,0.12313893559748026,simulated,cortical volume,F,Group differences,longitudinal,False,
lh-parsorbitalis,lh,0.6179892624509035,0.5687751552622916,0.2796639995252578,192.0,0.0,0,0.6724930045152268,0.0413871788012134,0.0615429134925318,390,baseline+follow-up,0.6593959906367657,0.6858550830929424,0.39299351105259217,0.3853398381759334,0.40080208324584865,0.17636155144411347,simulated,cortical volume,F,Group differences,longitudinal,False,
rh-parsorbitalis,rh,0.9410196167947664,0.49286309730539585,0.2986782407202321,192.0,0.0,0,0.5975209415589118,0.039659711287478,0.0663737595271676,390,baseline+follow-up,0.5858840323097079,0.6093933650924417,0.29704711770285386,0.29126203117111277,0.3029492860546134,0.062487421175670216,simulated,cortical volume,F,Group differences,longitudinal,False,
lh-parstriangularis,lh,0.602733605588056,0.6123062839958451,0.30278330177904916,192.0,0.0,0,0.6711935050348433,0.0324349405101274,0.0483242764818525,390,baseline+follow-up,0.6581217993196128,0.6845297632485522,0.39524353875154655,0.3875460458740815,0.4030968177993184,0.163028305766189,simulated,cortical volume,F,Group differences,longitudinal,False,
rh-parstriangularis,rh,2.3045402199204026,0.2003492526234886,0.16554641971795972,192.0,0.19230769230769232,5,0.5885351819601318,0.0308821028653294,0.0524728237358314,390,baseline+follow-up,0.5770732732200538,0.6002290632262579,0.14828971467888757,0.14540172560220946,0.1512361524953444,0.14212148500654573,simulated,cortical volume,F,Group differences,longitudinal,False,
lh-pericalcarine,lh,0.506674024386728,0.5796345520885098,0.23839588440017895,192.0,0.0,0,0.5235117143019224,0.0429756129724383,0.0820910245145979,390,baseline+follow-up,0.513316158152321,0.5339136138248766,0.32348246907230643,0.31718254571483917,0.32990989380570346,0.06106345528684421,simulated,cortical volume,F,Group differences,longitudinal,False,
rh-pericalcarine,rh,0.5510657082541944,0.5796684316724652,0.26880909660590807,192.0,0.0,0,0.5026774768388915,0.0410878669139494,0.0817380304610666,390,baseline+follow-up,0.4928876740508394,0.5126654111366037,0.3037740361155148,0.2978579407209032,0.30980986476085715,0.04069890751295687,simulated,cortical volume,F,Group differences,longitudinal,False,
lh-postcentral,lh,0.31204523266278633,0.6530148279516587,0.20248121397384758,192.0,0.0,0,0.4817513515433487,0.0203744807915053,0.0422925244033737,390,baseline+follow-up,0.4723690916614353,0.4913234948534241,0.32820117465864784,0.3218093530180196,0.3347223575641098,0.05248558121826251,simulated,cortical volume,F,Group differences,longitudinal,False,
rh-postcentral,rh,0.17934627226156372,0.7447881184559345,0.18652289229532473,192.0,0.0,0,0.3747418027868512,0.0173300145096939,0.0462452130528685,390,baseline+follow-up,0.3674435876991316,0.3821877232374324,0.2728837069815078,0.26756921051307386,0.2783057612047985,0.011733945205420537,simulated,cortical volume,F,Group differences,longitudinal,False,
lh-posteriorcingulate,lh,0.9487737422431871,0.5060275486639798,0.286225629886973,192.0,0.07692307692307693,2,0.6272702967595483,0.0296640474666627,0.0472906936928242,390,baseline+follow-up,0.6150540094122497,0.6397338241694878,0.3106294780261501,0.30457987073291104,0.31680152065867123,0.07306178977128579,simulated,cortical volume,F,Group differences,longitudinal,False,
rh-posteriorcingulate,rh,0.7852258567411667,0.5103564296495917,0.2831033640109867,192.0,0.0,0,0.6594724890627619,0.0331972738935048,0.0503391338442102,390,baseline+follow-up,0.6466290538393065,0.6725758569186856,0.35442397461946085,0.3475214556589899,0.3614661906230391,0.13800140160993327,simulated,cortical volume,F,Group differences,longitudinal,False,
lh-precentral,lh,0.18766922463122143,0.7248503874268218,0.1727467692715631,192.0,0.0,0,0.5490232764477249,0.0206628430205986,0.0376356411594983,390,baseline+follow-up,0.5383308745595932,0.5599320771514255,0.39812663856857544,0.3903729964106523,0.4060372032773786,0.16116744848731468,simulated,cortical volume,F,Group differences,longitudinal,False,
rh-precentral,rh,0.3948206354596614,0.6152333474374273,0.22123470211478882,192.0,0.0,0,0.4333922109754337,0.0158610471432535,0.0365974439354947,390,baseline+follow-up,0.4249517606453163,0.4420034838647304,0.28324576304606947,0.2777294622597084,0.2888737058160539,0.020081423937231925,simulated,cortical volume,F,Group differences,longitudinal,False,
lh-precuneus,lh,0.2989497592994214,0.636422421886295,0.1707157937180821,192.0,0.0,0,0.5939582759254878,0.023973568601832,0.0403623782570874,390,baseline+follow-up,0.5823907507158679,0.6057599111863958,0.40731184779338947,0.3993793207818154,0.4154049177276606,0.18099505164633228,simulated,cortical volume,F,Group differences,longitudinal,False,
rh-precuneus,rh,0.1949360690896123,0.7165946442565547,0.17160197380551367,192.0,0.0,0,0.3717952435519548,0.0157190247908341,0.0422787140595507,390,baseline+follow-up,0.3645544136369197,0.3791826174365997,0.26862702003775324,0.263395423893344,0.2739644961538499,0.009588993770605294,simulated,cortical volume,F,Group differences,longitudinal,False,
lh-rostralanteriorcingulate,lh,0.26851977551110057,0.6855416835975429,0.19207257282003093,192.0,0.0,0,0.5505560678013229,0.0543800910269908,0.0987730300460784,390,baseline+follow-up,0.5398338143169723,0.5614953242545592,0.3833584670566268,0.375892439708007,0.39097559604659426,0.12911170674219935,simulated,cortical volume,F,Group differences,longitudinal,False,
rh-rostralanteriorcingulate,rh,0.6216645049173443,0.5772128125155418,0.2948049099980554,192.0,0.0,0,0.5729442860541815,0.0466249783755638,0.0813778573422314,390,baseline+follow-up,0.5617860149410927,0.5843283845050313,0.33420301010985,0.3276943008262681,0.3408434462958234,0.07495250319359763,simulated,cortical volume,F,Group differences,longitudinal,False,
lh-rostralmiddlefrontal,lh,1.2063429969538826,0.44275745440320163,0.3139774831854066,192.0,0.038461538461538464,1,0.6248805627272026,0.0310393469735943,0.0496724475444196,390,baseline+follow-up,0.6127108162057228,0.6372966073920345,0.2720676877787404,0.2667690835422732,0.2774735281341766,0.05876902183694122,simulated,cortical volume,F,Group differences,longitudinal,False,
rh-rostralmiddlefrontal,rh,0.8931428267404827,0.43174441144562176,0.23565786135142736,192.0,0.0,0,0.420545372636481,0.0241220091537619,0.0573588742697043,390,baseline+follow-up,0.4123551185446739,0.4289013856759239,0.21413410964624402,0.2099637801601992,0.2183888405951925,0.01389889299523908,simulated,cortical volume,F,Group differences,longitudinal,False,
lh-superiorfrontal,lh,0.5767585391800594,0.5525789648007705,0.24054790323564568,192.0,0.0,0,0.5307081314308528,0.0196590650902615,0.0370430824891609,390,baseline+follow-up,0.5203724227824447,0.541253019937349,0.31661042068791967,0.31044433264540655,0.32290130147233054,0.061408385235661805,simulated,cortical volume,F,Group differences,longitudinal,False,
rh-superiorfrontal,rh,0.42478018417712354,0.6504247141880524,0.2692691000203153,192.0,0.0,0,0.4309148035612254,0.0171396535631944,0.0397750400347041,390,baseline+follow-up,0.4225226015237574,0.4394768516819142,0.2774266294736364,0.2720236581533769,0.2829389491523366,0.014460788021555572,simulated,cortical volume,F,Group differences,longitudinal,False,
lh-superiorparietal,lh,0.3817891088010793,0.6431981532175848,0.24242081659274112,192.0,0.0,0,0.584951781075327,0.0261621311793391,0.044725278263526,390,baseline+follow-up,0.5735596602004093,0.5965744620704068,0.3848053887854517,0.37731118217870396,0.39245126734114927,0.1357102986327709,simulated,cortical volume,F,Group differences,longitudinal,False,
rh-superiorparietal,rh,0.4690810708236468,0.5853904975499679,0.21689349972260027,192.0,0.0,0,0.4121717666983229,0.0204973234515307,0.0497300521472476,390,baseline+follow-up,0.4041445912295623,0.4203614006382462,0.2595299659636674,0.2544755378234774,0.26468668845028753,0.011460737554309867,simulated,cortical volume,F,Group differences,longitudinal,False,
lh-superiortemporal,lh,1.7885865280877775,0.3112127389100874,0.2588170996010219,192.0,0.11538461538461539,3,0.5853354733295919,0.022164046466117,0.0378655445911047,390,baseline+follow-up,0.5739358799267141,0.5969657780858361,0.1906238206648875,0.1869113614897724,0.19441141466721432,0.050790199884992546,simulated,cortical volume,F,Group differences,longitudinal,False,
rh-superiortemporal,rh,2.046625936789653,0.20880388820227816,0.15365434276931,192.0,0.038461538461538464,1,0.3704261564061242,0.0175635860712773,0.0474145407054385,390,baseline+follow-up,0.363211989896105,0.3777863272568349,0.10609784411875649,0.10403155506062745,0.10820595189165892,0.030055645961734663,simulated,cortical volume,F,Group differences,longitudinal,False,
lh-supramarginal,lh,0.888034307108241,0.4914924234017532,0.2880832784181956,192.0,0.0,0,0.6878947095614263,0.0285855210654399,0.0415550820032688,390,baseline+follow-up,0.6744977426077843,0.7015628118325876,0.3511598807757548,0.3443209310748666,0.35813724096948546,0.14543752790132794,simulated,cortical volume,F,Group differences,longitudinal,False,
rh-supramarginal,rh,0.5375640740345125,0.5125972387554698,0.17675461306343485,192.0,0.0,0,0.5436112903890826,0.0227263063357379,0.0418061705809528,390,baseline+follow-up,0.5330242886404976,0.5544125578062039,0.3307413345031018,0.32430004244640537,0.3373129890346084,0.09776118098389075,simulated,cortical volume,F,Group differences,longitudinal,False,
lh-temporalpole,lh,0.5258651287737858,0.6049282405015559,0.25683167988815,192.0,0.0,0,0.6543334432514692,0.087447132066207,0.1336430729135143,390,baseline+follow-up,0.6415900925699506,0.667334700998464,0.4004476014036275,0.3926487577606957,0.40840428241039906,0.17589997704986804,simulated,cortical volume,F,Group differences,longitudinal,False,
rh-temporalpole,rh,0.3297936867053886,0.6688519140814007,0.23474759899342676,192.0,0.0,0,0.5975033677419017,0.127015092422414,0.2125763623767216,390,baseline+follow-up,0.5858668007483402,0.609375442093028,0.403450177170959,0.39559285741566336,0.4114665177623943,0.16837702025213772,simulated,cortical volume,F,Group differences,longitudinal,False,
lh-transversetemporal,lh,0.6309627860175185,0.5459514275788091,0.262314660472302,192.0,0.0,0,0.5958778336843147,0.0372443894323235,0.0625033980573524,390,baseline+follow-up,0.5842729244804539,0.6077176095376686,0.34596501333053553,0.3392272353155534,0.35283915426913975,0.10389455405512052,simulated,cortical volume,F,Group differences,longitudinal,False,
rh-transversetemporal,rh,0.7302658972003885,0.48426412524234347,0.21063423429493372,192.0,0.0,0,0.5983885408696743,0.0410159629199365,0.0685440313752091,390,baseline+follow-up,0.5867347348495929,0.6102782031403904,0.3305666825535047,0.32412879189874466,0.3371348668435982,0.11503943914859407,simulated,cortical volume,F,Group differences,longitudinal,False,
lh-BrainSegVolNotVent,lh,0.9290183023909422,0.35621457132281314,0.10513277616594163,192.0,0.0,0,0.2259511761218401,0.0035163922666224,0.0155626198853076,390,baseline+follow-up,0.2215507055300968,0.2304407059010289,0.10513277616594163,0.11080319396081707,0.1152493113092374,1.9126683194286594e-05,sampled,cortical volume,F,Group differences,longitudinal,False,
rh-BrainSegVolNotVent,rh,0.9290183023909422,0.35621457132281314,0.10513277616594163,192.0,0.0,0,0.2259511761218401,0.0035163922666224,0.0155626198853076,390,baseline+follow-up,0.2215507055300968,0.2304407059010289,0.10513277616594163,0.11080319396081707,0.1152493113092374,1.9126683194286594e-05,sampled,cortical volume,F,Group differences,longitudinal,False,
lh-bankssts,lh,1.3972013995589698,0.3919694173406438,0.28542924480445,192.0,0.07692307692307693,2,0.704604047181132,0.0521627769166061,0.0740313330945098,390,baseline+follow-up,0.6908816605945186,0.7186041551099834,0.28542924480445,0.27346637647548894,0.2844395583594631,0.11827898743903173,sampled,cortical volume,F,Group differences,longitudinal,False,
rh-bankssts,rh,0.9839444281404377,0.4905286273770555,0.2841152780877321,192.0,0.07692307692307693,2,0.716933308342256,0.0413144548844035,0.0576266361231476,390,baseline+follow-up,0.7029708054965079,0.7311783921375239,0.2841152780877321,0.34204770773118837,0.35577280168352365,0.04904984440106069,sampled,cortical volume,F,Group differences,longitudinal,False,
lh-caudalanteriorcingulate,lh,0.4184278343915536,0.6409972204252214,0.27139632212322334,192.0,0.0,0,0.7589856495523642,0.0599587544034158,0.0789985350036307,390,baseline+follow-up,0.7442041640662725,0.7740662910171597,0.27139632212322334,0.4806537874191657,0.49994062443565096,0.012317539969126474,sampled,cortical volume,F,Group differences,longitudinal,False,
rh-caudalanteriorcingulate,rh,0.36140929818518186,0.6272569000658338,0.22084973534319266,192.0,0.0,0,0.6238420720617497,0.0418204307780407,0.0670368874606796,390,baseline+follow-up,0.6116925504743089,0.6362374824690045,0.22084973534319266,0.40653144599459284,0.4228440309490856,0.0014231545268530413,sampled,cortical volume,F,Group differences,longitudinal,False,
lh-caudalmiddlefrontal,lh,0.8446925748740965,0.48190948000370193,0.2663847217853943,192.0,0.0,0,0.5381833491290867,0.0257825885188536,0.0479067004963572,390,baseline+follow-up,0.5277020582526392,0.5488767662382579,0.2663847217853943,0.2752895782522974,0.2863359183978683,0.03536457708380034,sampled,cortical volume,F,Group differences,longitudinal,False,
rh-caudalmiddlefrontal,rh,0.3138274446156323,0.6483990520385104,0.20054083116589969,192.0,0.0,0,0.5299354871834707,0.0320706037757015,0.0605179395442115,390,baseline+follow-up,0.5196148260260597,0.5404650236594226,0.20054083116589969,0.35367986694679443,0.36787171589995027,0.00029719557973150975,sampled,cortical volume,F,Group differences,longitudinal,False,
lh-cuneus,lh,0.497506457696117,0.5747183479295457,0.22948117871218732,192.0,0.0,0,0.5610910225367195,0.028071853466681,0.0500308369571961,390,baseline+follow-up,0.5501635974781635,0.5722396029413455,0.22948117871218732,0.341516788011078,0.35522057814270364,0.003733255564667713,sampled,cortical volume,F,Group differences,longitudinal,False,
rh-cuneus,rh,0.49357694975220756,0.5823643772055755,0.22799612744134165,192.0,0.0,0,0.526945520121806,0.031297176521412,0.0593935716811437,390,baseline+follow-up,0.5166830895182295,0.5374156475413744,0.22799612744134165,0.32136603300349514,0.3342612487771048,0.0032052415954991415,sampled,cortical volume,F,Group differences,longitudinal,False,
lh-eTIV,lh,2.2198934277065385,0.1379323187624728,0.0011446049162717818,192.0,0.0,0,0.0043793650819558,9.560383873559791e-05,0.0218305249611435,390,baseline+follow-up,0.0042940755624038,0.004466380738554,0.0011446049162717818,0.001128417131335369,0.0011736962862454428,0.0,sampled,cortical volume,F,Group differences,longitudinal,False,
rh-eTIV,rh,2.2198934277065385,0.1379323187624728,0.0011446049162717818,192.0,0.0,0,0.0043793650819558,9.560383873559791e-05,0.0218305249611435,390,baseline+follow-up,0.0042940755624038,0.004466380738554,0.0011446049162717818,0.001128417131335369,0.0011736962862454428,0.0,sampled,cortical volume,F,Group differences,longitudinal,False,
lh-entorhinal,lh,1.041881604915381,0.43967405335862114,0.26927710430141605,192.0,0.0,0,0.7276003276434501,0.1105245421534236,0.1519028207579156,390,baseline+follow-up,0.7134300812243243,0.7420573594428392,0.26927710430141605,0.3372257706515859,0.3507573783212947,0.057210722906277774,sampled,cortical volume,F,Group differences,longitudinal,False,
rh-entorhinal,rh,1.144743346209333,0.3887634301489636,0.2501400645846903,192.0,0.0,0,0.649890169777679,0.1023507272693589,0.1574892682318492,390,baseline+follow-up,0.6372333532518486,0.6628031420422963,0.2501400645846903,0.28611622599248815,0.2975969989790467,0.06666053475303983,sampled,cortical volume,F,Group differences,longitudinal,False,
lh-frontalpole,lh,1.4929414109343762,0.40336019450413024,0.30353337672168507,192.0,0.11538461538461539,3,0.673240280937402,0.0852533136329391,0.1266313321511818,390,baseline+follow-up,0.66012871361436,0.6866172075004577,0.30353337672168507,0.24910764019651999,0.25910339718790654,0.1385803099639085,sampled,cortical volume,F,Group differences,longitudinal,False,
rh-frontalpole,rh,0.6845705503767389,0.5276396639239243,0.25587632143789785,192.0,0.0,0,0.6446879400242528,0.0805516922081543,0.1249467955071782,390,baseline+follow-up,0.6321324385676084,0.6574975467485925,0.25587632143789785,0.35729058492054266,0.3716273184681715,0.016853065999354388,sampled,cortical volume,F,Group differences,longitudinal,False,
lh-fusiform,lh,2.62672487287895,0.19891622194523534,0.22546181968478435,192.0,0.2692307692307692,7,0.5664301528534227,0.0291691753489214,0.0514965087963274,390,baseline+follow-up,0.5553987465439284,0.5776848189397575,0.22546181968478435,0.11926396703562737,0.12404958353208007,0.3658106149812475,sampled,cortical volume,F,Group differences,longitudinal,False,
rh-fusiform,rh,3.8507990023960943,0.10709681352954709,0.15035822321029735,192.0,0.5769230769230769,15,0.5400686355951936,0.0281614030860757,0.0521441187841613,390,baseline+follow-up,0.529550628168766,0.550799512344439,0.15035822321029735,0.06209470741183254,0.06458633554997505,0.5384601305452837,sampled,cortical volume,F,Group differences,longitudinal,False,
lh-inferiorparietal,lh,3.6777344072454805,0.08434475449672042,0.07947292718321707,192.0,0.34615384615384615,9,0.5049306301461978,0.0199836283719567,0.0395769778636139,390,baseline+follow-up,0.4950969464851284,0.514963333402602,0.07947292718321707,0.06322476095111496,0.06576173390709208,0.435575597144051,sampled,cortical volume,F,Group differences,longitudinal,False,
rh-inferiorparietal,rh,0.2924500030569718,0.7256855031646106,0.22835094773172335,192.0,0.0,0,0.3966521207888882,0.0169583368310786,0.0427536774475093,390,baseline+follow-up,0.3889271953309083,0.4045333876130975,0.22835094773172335,0.26758144229096553,0.2783184837981436,0.0015036366824626877,sampled,cortical volume,F,Group differences,longitudinal,False,
lh-inferiortemporal,lh,1.9636777202708187,0.22177891387519758,0.1685426027160006,192.0,0.038461538461538464,1,0.4665191103941796,0.0292978503909698,0.0628009651442037,390,baseline+follow-up,0.4574335032244748,0.4757885971683753,0.1685426027160006,0.1365373719477227,0.14201610551508867,0.1429063580618517,sampled,cortical volume,F,Group differences,longitudinal,False,
rh-inferiortemporal,rh,0.21173934933227806,0.727673803523881,0.19159444920888247,192.0,0.0,0,0.4083539596885558,0.0241227734580855,0.0590731959021128,390,baseline+follow-up,0.4004011372183491,0.4164677358323138,0.19159444920888247,0.2868647976085028,0.29837560797150803,9.645653019958608e-05,sampled,cortical volume,F,Group differences,longitudinal,False,
lh-insula,lh,0.553603047213581,0.5575765019932211,0.2394905761199342,192.0,0.0,0,0.7323226681475002,0.0303897584975784,0.0414977711593348,390,baseline+follow-up,0.718060452654042,0.7468735303428373,0.2394905761199342,0.43338110882513653,0.45077107022919555,0.0069397140722271475,sampled,cortical volume,F,Group differences,longitudinal,False,
rh-insula,rh,0.7845889060156787,0.5023762450456539,0.2662047653357693,192.0,0.0,0,0.8182146076371616,0.0398854801569145,0.048746966608303,390,baseline+follow-up,0.8022796194665288,0.834472097019618,0.2662047653357693,0.4313110997817968,0.4486179994726508,0.028911299143206896,sampled,cortical volume,F,Group differences,longitudinal,False,
lh-isthmuscingulate,lh,0.8759957980837959,0.455697734057162,0.253645620076789,192.0,0.0,0,0.7492508593951743,0.0337196575815573,0.0450044963695833,390,baseline+follow-up,0.7346589620251471,0.7641380757534711,0.253645620076789,0.37729793863774114,0.3924374923864688,0.03379490726954154,sampled,cortical volume,F,Group differences,longitudinal,False,
rh-isthmuscingulate,rh,1.1340687218215653,0.4404115358161617,0.30640202373659464,192.0,0.0,0,0.7256416021693636,0.031856112712773,0.0439006151487686,390,baseline+follow-up,0.7115095025481166,0.7400597151346219,0.30640202373659464,0.32117444747934115,0.33406197564312484,0.10879895525477316,sampled,cortical volume,F,Group differences,longitudinal,False,
lh-lateraloccipital,lh,1.3069186182448633,0.33974104991161913,0.20930488042733938,192.0,0.0,0,0.4486978512949317,0.0192462480807759,0.0428935597200469,390,baseline+follow-up,0.4399593187805577,0.4576132391226118,0.20930488042733938,0.18217205319433485,0.18948193567291313,0.0514339440949213,sampled,cortical volume,F,Group differences,longitudinal,False,
rh-lateraloccipital,rh,1.7469912818987523,0.2451132377390273,0.16571449810050992,192.0,0.038461538461538464,1,0.4233717277901346,0.0179095221340902,0.0423021211821872,390,baseline+follow-up,0.4151264295381289,0.4317838990043066,0.16571449810050992,0.13802228487834028,0.14356060244239183,0.0899002110153956,sampled,cortical volume,F,Group differences,longitudinal,False,
lh-lateralorbitofrontal,lh,0.18890395340700458,0.7392070381209639,0.1906686860894857,192.0,0.0,0,0.4437196684818092,0.0199541296995525,0.0449701266744064,390,baseline+follow-up,0.4350780876516241,0.4525361424628373,0.1906686860894857,0.3153032450665946,0.3279551838581745,9.027276848946592e-05,sampled,cortical volume,F,Group differences,longitudinal,False,
rh-lateralorbitofrontal,rh,0.4040701730206339,0.7062833645888031,0.26484160882741,192.0,0.0,0,0.6953475869312434,0.0449819428924769,0.0646898669642249,390,baseline+follow-up,0.681805472834521,0.7091637739146277,0.26484160882741,0.4435351287457979,0.46133253295463234,0.00831067173448334,sampled,cortical volume,F,Group differences,longitudinal,False,
lh-lingual,lh,0.19922228784800133,0.723177284470543,0.17451712202604558,192.0,0.0,0,0.4329169767873155,0.0200316580886231,0.0462713618608315,390,baseline+follow-up,0.4244857817932619,0.4415188070258756,0.17451712202604558,0.30603731575899623,0.31831744749726754,1.4733616645780607e-05,sampled,cortical volume,F,Group differences,longitudinal,False,
rh-lingual,rh,0.4639506617756125,0.5880653754534293,0.22895584154530485,192.0,0.0,0,0.4516576295679365,0.0204533747150661,0.0452851305415392,390,baseline+follow-up,0.4428614544359316,0.4606318266168143,0.22895584154530485,0.27957239965579805,0.29079059339025576,0.003169492096423142,sampled,cortical volume,F,Group differences,longitudinal,False,
lh-medialorbitofrontal,lh,1.139295213751611,0.49733643418210366,0.30765752583518136,192.0,0.038461538461538464,1,0.7396596660862986,0.0444819301539348,0.0601383747058947,390,baseline+follow-up,0.7252545602383154,0.7543563105311528,0.30765752583518136,0.32652514734832516,0.3396273790658899,0.07352499241892366,sampled,cortical volume,F,Group differences,longitudinal,False,
rh-medialorbitofrontal,rh,1.7310171385384145,0.40124294252021675,0.3248653247512368,192.0,0.15384615384615385,4,0.6622966880361191,0.0360163059287332,0.0543809241074885,390,baseline+follow-up,0.6493982506447582,0.6754561712246153,0.3248653247512368,0.21763836405228776,0.22637137680674754,0.18234451807913427,sampled,cortical volume,F,Group differences,longitudinal,False,
lh-middletemporal,lh,2.6345073732967115,0.21057604731291032,0.2387244568449278,192.0,0.19230769230769232,5,0.5712036430373132,0.029202578301502,0.0511246359463335,390,baseline+follow-up,0.5600792714973,0.5825531558365489,0.2387244568449278,0.11980586122148927,0.12461322190287602,0.36439191930297815,sampled,cortical volume,F,Group differences,longitudinal,False,
rh-middletemporal,rh,0.27290799731565185,0.701412501779364,0.21758340894335956,192.0,0.0,0,0.4001309379179548,0.0181285602580061,0.0453065697752252,390,baseline+follow-up,0.3923382613965228,0.4080813269895689,0.21758340894335956,0.27258858481083653,0.2835265442015865,0.0007781511771797097,sampled,cortical volume,F,Group differences,longitudinal,False,
lh-paracentral,lh,0.33679277904543997,0.670104782014274,0.23341885390302874,192.0,0.0,0,0.5817675496790252,0.0281446696361962,0.0483778609716618,390,baseline+follow-up,0.5704374427172777,0.5933269616886415,0.23341885390302874,0.3838243077815548,0.39922574029058944,0.0021878789163865685,sampled,cortical volume,F,Group differences,longitudinal,False,
rh-paracentral,rh,0.4479689193617039,0.6217120552287619,0.24422945079199876,192.0,0.0,0,0.5670151253745885,0.0261518358721739,0.0461219369675494,390,baseline+follow-up,0.5559723265402995,0.5782814145540129,0.24422945079199876,0.3538015968926035,0.36799833041275165,0.0048432994165641076,sampled,cortical volume,F,Group differences,longitudinal,False,
lh-parahippocampal,lh,2.0825783218067397,0.2981554772139605,0.26519565621649027,192.0,0.07692307692307693,2,0.73154142027386,0.0437803170770418,0.0598466687787169,390,baseline+follow-up,0.7172944198297403,0.7460767594891718,0.26519565621649027,0.20180793218736662,0.20990572897709076,0.21240059202354125,sampled,cortical volume,F,Group differences,longitudinal,False,
rh-parahippocampal,rh,1.3158460839837178,0.4259686404112863,0.30081597915613334,192.0,0.07692307692307693,2,0.7935387372280819,0.0499960913525294,0.0630039707036499,390,baseline+follow-up,0.7780843194351942,0.8093059301804404,0.30081597915613334,0.3207454050299729,0.3336157173265134,0.11188315653435355,sampled,cortical volume,F,Group differences,longitudinal,False,
lh-parsopercularis,lh,0.8985334404705387,0.5235262814530931,0.29190439379816613,192.0,0.07692307692307693,2,0.7637945607078678,0.0360090092638289,0.0471448883197813,390,baseline+follow-up,0.7489194201566363,0.7789707526814443,0.29190439379816613,0.380309257132028,0.395569643818151,0.04475721132256365,sampled,cortical volume,F,Group differences,longitudinal,False,
rh-parsopercularis,rh,1.5602147350802973,0.30359587028628593,0.21433757137783663,192.0,0.038461538461538464,1,0.6252405824822754,0.0289042269853623,0.0462289681687157,390,baseline+follow-up,0.6130638244622416,0.6376637805482944,0.21433757137783663,0.22371527882812617,0.23269213542177422,0.0969403818723784,sampled,cortical volume,F,Group differences,longitudinal,False,
lh-parsorbitalis,lh,0.6179892624509035,0.5687751552622916,0.2796639995252578,192.0,0.0,0,0.6724930045152268,0.0413871788012134,0.0615429134925318,390,baseline+follow-up,0.6593959906367657,0.6858550830929424,0.2796639995252578,0.3853398381759334,0.40080208324584865,0.023993386946635806,sampled,cortical volume,F,Group differences,longitudinal,False,
rh-parsorbitalis,rh,0.9410196167947664,0.49286309730539585,0.2986782407202321,192.0,0.0,0,0.5975209415589118,0.039659711287478,0.0663737595271676,390,baseline+follow-up,0.5858840323097079,0.6093933650924417,0.2986782407202321,0.29126203117111277,0.3029492860546134,0.06445031669697054,sampled,cortical volume,F,Group differences,longitudinal,False,
lh-parstriangularis,lh,0.602733605588056,0.6123062839958451,0.30278330177904916,192.0,0.0,0,0.6711935050348433,0.0324349405101274,0.0483242764818525,390,baseline+follow-up,0.6581217993196128,0.6845297632485522,0.30278330177904916,0.3875460458740815,0.4030968177993184,0.03396975621163487,sampled,cortical volume,F,Group differences,longitudinal,False,
rh-parstriangularis,rh,2.3045402199204026,0.2003492526234886,0.16554641971795972,192.0,0.19230769230769232,5,0.5885351819601318,0.0308821028653294,0.0524728237358314,390,baseline+follow-up,0.5770732732200538,0.6002290632262579,0.16554641971795972,0.14540172560220946,0.1512361524953444,0.19091371286442368,sampled,cortical volume,F,Group differences,longitudinal,False,
lh-pericalcarine,lh,0.506674024386728,0.5796345520885098,0.23839588440017895,192.0,0.0,0,0.5235117143019224,0.0429756129724383,0.0820910245145979,390,baseline+follow-up,0.513316158152321,0.5339136138248766,0.23839588440017895,0.31718254571483917,0.32990989380570346,0.00532006613369076,sampled,cortical volume,F,Group differences,longitudinal,False,
rh-pericalcarine,rh,0.5510657082541944,0.5796684316724652,0.26880909660590807,192.0,0.0,0,0.5026774768388915,0.0410878669139494,0.0817380304610666,390,baseline+follow-up,0.4928876740508394,0.5126654111366037,0.26880909660590807,0.2978579407209032,0.30980986476085715,0.016203106362234293,sampled,cortical volume,F,Group differences,longitudinal,False,
lh-postcentral,lh,0.31204523266278633,0.6530148279516587,0.20248121397384758,192.0,0.0,0,0.4817513515433487,0.0203744807915053,0.0422925244033737,390,baseline+follow-up,0.4723690916614353,0.4913234948534241,0.20248121397384758,0.3218093530180196,0.3347223575641098,0.0003331039127110312,sampled,cortical volume,F,Group differences,longitudinal,False,
rh-postcentral,rh,0.17934627226156372,0.7447881184559345,0.18652289229532473,192.0,0.0,0,0.3747418027868512,0.0173300145096939,0.0462452130528685,390,baseline+follow-up,0.3674435876991316,0.3821877232374324,0.18652289229532473,0.26756921051307386,0.2783057612047985,6.070858761456136e-05,sampled,cortical volume,F,Group differences,longitudinal,False,
lh-posteriorcingulate,lh,0.9487737422431871,0.5060275486639798,0.286225629886973,192.0,0.07692307692307693,2,0.6272702967595483,0.0296640474666627,0.0472906936928242,390,baseline+follow-up,0.6150540094122497,0.6397338241694878,0.286225629886973,0.30457987073291104,0.31680152065867123,0.0452181002369331,sampled,cortical volume,F,Group differences,longitudinal,False,
rh-posteriorcingulate,rh,0.7852258567411667,0.5103564296495917,0.2831033640109867,192.0,0.0,0,0.6594724890627619,0.0331972738935048,0.0503391338442102,390,baseline+follow-up,0.6466290538393065,0.6725758569186856,0.2831033640109867,0.3475214556589899,0.3614661906230391,0.04072891347954859,sampled,cortical volume,F,Group differences,longitudinal,False,
lh-precentral,lh,0.18766922463122143,0.7248503874268218,0.1727467692715631,192.0,0.0,0,0.5490232764477249,0.0206628430205986,0.0376356411594983,390,baseline+follow-up,0.5383308745595932,0.5599320771514255,0.1727467692715631,0.3903729964106523,0.4060372032773786,1.1757602321727026e-05,sampled,cortical volume,F,Group differences,longitudinal,False,
rh-precentral,rh,0.3948206354596614,0.6152333474374273,0.22123470211478882,192.0,0.0,0,0.4333922109754337,0.0158610471432535,0.0365974439354947,390,baseline+follow-up,0.4249517606453163,0.4420034838647304,0.22123470211478882,0.2777294622597084,0.2888737058160539,0.0016180262084633382,sampled,cortical volume,F,Group differences,longitudinal,False,
lh-precuneus,lh,0.2989497592994214,0.636422421886295,0.1707157937180821,192.0,0.0,0,0.5939582759254878,0.023973568601832,0.0403623782570874,390,baseline+follow-up,0.5823907507158679,0.6057599111863958,0.1707157937180821,0.3993793207818154,0.4154049177276606,1.7511893943831945e-05,sampled,cortical volume,F,Group differences,longitudinal,False,
rh-precuneus,rh,0.1949360690896123,0.7165946442565547,0.17160197380551367,192.0,0.0,0,0.3717952435519548,0.0157190247908341,0.0422787140595507,390,baseline+follow-up,0.3645544136369197,0.3791826174365997,0.17160197380551367,0.263395423893344,0.2739644961538499,1.0173068156834112e-05,sampled,cortical volume,F,Group differences,longitudinal,False,
lh-rostralanteriorcingulate,lh,0.26851977551110057,0.6855416835975429,0.19207257282003093,192.0,0.0,0,0.5505560678013229,0.0543800910269908,0.0987730300460784,390,baseline+follow-up,0.5398338143169723,0.5614953242545592,0.19207257282003093,0.375892439708007,0.39097559604659426,0.0001104359403674439,sampled,cortical volume,F,Group differences,longitudinal,False,
rh-rostralanteriorcingulate,rh,0.6216645049173443,0.5772128125155418,0.2948049099980554,192.0,0.0,0,0.5729442860541815,0.0466249783755638,0.0813778573422314,390,baseline+follow-up,0.5617860149410927,0.5843283845050313,0.2948049099980554,0.3276943008262681,0.3408434462958234,0.03351106281409404,sampled,cortical volume,F,Group differences,longitudinal,False,
lh-rostralmiddlefrontal,lh,1.2063429969538826,0.44275745440320163,0.3139774831854066,192.0,0.038461538461538464,1,0.6248805627272026,0.0310393469735943,0.0496724475444196,390,baseline+follow-up,0.6127108162057228,0.6372966073920345,0.3139774831854066,0.2667690835422732,0.2774735281341766,0.11936558509761763,sampled,cortical volume,F,Group differences,longitudinal,False,
rh-rostralmiddlefrontal,rh,0.8931428267404827,0.43174441144562176,0.23565786135142736,192.0,0.0,0,0.420545372636481,0.0241220091537619,0.0573588742697043,390,baseline+follow-up,0.4123551185446739,0.4289013856759239,0.23565786135142736,0.2099637801601992,0.2183888405951925,0.02782064035683339,sampled,cortical volume,F,Group differences,longitudinal,False,
lh-superiorfrontal,lh,0.5767585391800594,0.5525789648007705,0.24054790323564568,192.0,0.0,0,0.5307081314308528,0.0196590650902615,0.0370430824891609,390,baseline+follow-up,0.5203724227824447,0.541253019937349,0.24054790323564568,0.31044433264540655,0.32290130147233054,0.007626202986855085,sampled,cortical volume,F,Group differences,longitudinal,False,
rh-superiorfrontal,rh,0.42478018417712354,0.6504247141880524,0.2692691000203153,192.0,0.0,0,0.4309148035612254,0.0171396535631944,0.0397750400347041,390,baseline+follow-up,0.4225226015237574,0.4394768516819142,0.2692691000203153,0.2720236581533769,0.2829389491523366,0.011022023439148558,sampled,cortical volume,F,Group differences,longitudinal,False,
lh-superiorparietal,lh,0.3817891088010793,0.6431981532175848,0.24242081659274112,192.0,0.0,0,0.584951781075327,0.0261621311793391,0.044725278263526,390,baseline+follow-up,0.5735596602004093,0.5965744620704068,0.24242081659274112,0.37731118217870396,0.39245126734114927,0.0038997819145690366,sampled,cortical volume,F,Group differences,longitudinal,False,
rh-superiorparietal,rh,0.4690810708236468,0.5853904975499679,0.21689349972260027,192.0,0.0,0,0.4121717666983229,0.0204973234515307,0.0497300521472476,390,baseline+follow-up,0.4041445912295623,0.4203614006382462,0.21689349972260027,0.2544755378234774,0.26468668845028753,0.0017222509663106951,sampled,cortical volume,F,Group differences,longitudinal,False,
lh-superiortemporal,lh,1.7885865280877775,0.3112127389100874,0.2588170996010219,192.0,0.11538461538461539,3,0.5853354733295919,0.022164046466117,0.0378655445911047,390,baseline+follow-up,0.5739358799267141,0.5969657780858361,0.2588170996010219,0.1869113614897724,0.19441141466721432,0.174515290237805,sampled,cortical volume,F,Group differences,longitudinal,False,
rh-superiortemporal,rh,2.046625936789653,0.20880388820227816,0.15365434276931,192.0,0.038461538461538464,1,0.3704261564061242,0.0175635860712773,0.0474145407054385,390,baseline+follow-up,0.363211989896105,0.3777863272568349,0.15365434276931,0.10403155506062745,0.10820595189165892,0.13524532961781915,sampled,cortical volume,F,Group differences,longitudinal,False,
lh-supramarginal,lh,0.888034307108241,0.4914924234017532,0.2880832784181956,192.0,0.0,0,0.6878947095614263,0.0285855210654399,0.0415550820032688,390,baseline+follow-up,0.6744977426077843,0.7015628118325876,0.2880832784181956,0.3443209310748666,0.35813724096948546,0.0528763577121476,sampled,cortical volume,F,Group differences,longitudinal,False,
rh-supramarginal,rh,0.5375640740345125,0.5125972387554698,0.17675461306343485,192.0,0.0,0,0.5436112903890826,0.0227263063357379,0.0418061705809528,390,baseline+follow-up,0.5330242886404976,0.5544125578062039,0.17675461306343485,0.32430004244640537,0.3373129890346084,0.00035431293423125737,sampled,cortical volume,F,Group differences,longitudinal,False,
lh-temporalpole,lh,0.5258651287737858,0.6049282405015559,0.25683167988815,192.0,0.0,0,0.6543334432514692,0.087447132066207,0.1336430729135143,390,baseline+follow-up,0.6415900925699506,0.667334700998464,0.25683167988815,0.3926487577606957,0.40840428241039906,0.009027325828869823,sampled,cortical volume,F,Group differences,longitudinal,False,
rh-temporalpole,rh,0.3297936867053886,0.6688519140814007,0.23474759899342676,192.0,0.0,0,0.5975033677419017,0.127015092422414,0.2125763623767216,390,baseline+follow-up,0.5858668007483402,0.609375442093028,0.23474759899342676,0.39559285741566336,0.4114665177623943,0.0023578372211353928,sampled,cortical volume,F,Group differences,longitudinal,False,
lh-transversetemporal,lh,0.6309627860175185,0.5459514275788091,0.262314660472302,192.0,0.0,0,0.5958778336843147,0.0372443894323235,0.0625033980573524,390,baseline+follow-up,0.5842729244804539,0.6077176095376686,0.262314660472302,0.3392272353155534,0.35283915426913975,0.01736375786337474,sampled,cortical volume,F,Group differences,longitudinal,False,
rh-transversetemporal,rh,0.7302658972003885,0.48426412524234347,0.21063423429493372,192.0,0.0,0,0.5983885408696743,0.0410159629199365,0.0685440313752091,390,baseline+follow-up,0.5867347348495929,0.6102782031403904,0.21063423429493372,0.32412879189874466,0.3371348668435982,0.005167112748068523,sampled,cortical volume,F,Group differences,longitudinal,False,
lh-BrainSegVolNotVent,lh,,0.3598838548049469,0.09586273834356566,103.0,0.0,0,0.2259511761218401,0.0035163922666224,0.0155626198853076,390,baseline+follow-up,0.2215507055300968,0.2304407059010289,0.11486501839503789,0.11262798584604662,0.11714732526116156,7.828298049455265e-05,simulated,cortical thickness,r,partial correlation,longitudinal,False,-0.09395835120422111
rh-BrainSegVolNotVent,rh,,0.3598838548049469,0.09586273834356566,103.0,0.0,0,0.2259511761218401,0.0035163922666224,0.0155626198853076,390,baseline+follow-up,0.2215507055300968,0.2304407059010289,0.11486501839503789,0.11262798584604662,0.11714732526116156,7.828298049455265e-05,simulated,cortical thickness,r,partial correlation,longitudinal,False,-0.09395835120422111
lh-MeanThickness,lh,,0.3159986105473212,0.2053567436545423,103.0,0.0,0,0.3456271521476431,0.0051542367034514,0.0149127077297726,390,baseline+follow-up,0.3388959540860161,0.3524945799641125,0.1522621453225054,0.14929679190311834,0.15528751322455145,0.011247761910007472,simulated,cortical thickness,r,partial correlation,longitudinal,False,-0.10799417155188863
rh-MeanThickness,rh,,0.46435928616280264,0.15648730803558014,103.0,0.0,0,0.2865922083180647,0.0045131650975761,0.0157476894576541,390,baseline+follow-up,0.2810107344520187,0.292286643177008,0.1695029167789692,0.16620179388462164,0.17287084964659102,0.0006204507422140727,simulated,cortical thickness,r,partial correlation,longitudinal,False,-0.07630812770341804
lh-bankssts,lh,,0.7494658106681237,0.19562099949561815,103.0,0.0,0,0.4635427171398332,0.0140035371581689,0.0302098094531051,390,baseline+follow-up,0.4545150761697739,0.4727530645619825,0.3549388643053662,0.34802631770547465,0.36199131089334563,0.08909534077263585,simulated,cortical thickness,r,partial correlation,longitudinal,False,0.02598033044522678
rh-bankssts,rh,,0.2771706229399569,0.14162195680867642,103.0,0.0,0,0.4039423054360074,0.0117495644210584,0.0290872341493822,390,baseline+follow-up,0.3960754013271586,0.4119684243545089,0.16382199229845815,0.16063150720445082,0.16707704821599575,0.04527711256164428,simulated,cortical thickness,r,partial correlation,longitudinal,False,-0.11531168515941209
lh-caudalanteriorcingulate,lh,,0.5850276695525847,0.2644512874731405,103.0,0.0,0,0.6084525630191594,0.024234083171726,0.0398290427958357,390,baseline+follow-up,0.5966027569858735,0.6205421920610782,0.47487739593054423,0.4656290085074615,0.4843129573960186,0.36445449701115307,simulated,cortical thickness,r,partial correlation,longitudinal,False,-0.017127425696338103
rh-caudalanteriorcingulate,rh,,0.433932600832529,0.2610790944126219,103.0,0.038461538461538464,1,0.599780232606556,0.0225773998844983,0.0376427875696741,390,baseline+follow-up,0.5880993229499013,0.6116975470524164,0.33375501371555183,0.3272550293033875,0.3403865484512753,0.16344941146465927,simulated,cortical thickness,r,partial correlation,longitudinal,False,-0.08387138536970365
lh-caudalmiddlefrontal,lh,,0.42444406589830896,0.1782669204292022,103.0,0.0,0,0.4232815927678811,0.0109202804386747,0.0257990912556956,390,baseline+follow-up,0.4150380499239309,0.4316919730470666,0.2335930862052516,0.229043786998566,0.23823445667621387,0.028897313806049815,simulated,cortical thickness,r,partial correlation,longitudinal,False,-0.08484837281099206
rh-caudalmiddlefrontal,rh,,0.7711121247432438,0.15649157776614567,103.0,0.0,0,0.316147836868543,0.0107937340350391,0.0341414135296687,390,baseline+follow-up,0.3099907577921628,0.3224295263583206,0.24310814878313805,0.23837354072446396,0.24793857849038076,0.0038819068192852604,simulated,cortical thickness,r,partial correlation,longitudinal,False,-0.024290790925442857
lh-cuneus,lh,,0.5403345466631361,0.27768932473584373,103.0,0.0,0,0.4390834907097066,0.0187374744714058,0.042674058277891,390,baseline+follow-up,0.4305322009074081,0.4478078463024761,0.2780531699047567,0.27263799651151405,0.2835779386088246,0.02835340772481014,simulated,cortical thickness,r,partial correlation,longitudinal,False,-0.06681091445306757
rh-cuneus,rh,,0.6418601600596072,0.24744790576817832,103.0,0.0,0,0.4472378403497466,0.0184603773484468,0.0412764209173593,390,baseline+follow-up,0.4385277420101274,0.4561242185359242,0.324471697112544,0.3181525082262385,0.33091877728133756,0.049841008270344773,simulated,cortical thickness,r,partial correlation,longitudinal,False,-0.041862309306918
lh-eTIV,lh,,0.5538977923536079,0.001968191448522179,103.0,0.0,0,0.0043793650819558,9.560383873559791e-05,0.0218305249611435,390,baseline+follow-up,0.0042940755624038,0.004466380738554,0.002898026199012313,0.0028415862225460247,0.002955608439320358,0.0,simulated,cortical thickness,r,partial correlation,longitudinal,False,-0.05989302069864448
rh-eTIV,rh,,0.5538977923536079,0.001968191448522179,103.0,0.0,0,0.0043793650819558,9.560383873559791e-05,0.0218305249611435,390,baseline+follow-up,0.0042940755624038,0.004466380738554,0.002898026199012313,0.0028415862225460247,0.002955608439320358,0.0,simulated,cortical thickness,r,partial correlation,longitudinal,False,-0.05989302069864448
lh-entorhinal,lh,,0.41562633941420624,0.27026491801718805,103.0,0.0,0,0.5533835465419592,0.0444079706708947,0.0802480864282935,390,baseline+follow-up,0.5426062270151983,0.5643789834950007,0.304187382018358,0.29826323658160503,0.31023142362710143,0.12721430959955643,simulated,cortical thickness,r,partial correlation,longitudinal,False,-0.08530933727051158
rh-entorhinal,rh,,0.6771994452302177,0.22584089318655096,103.0,0.0,0,0.508374112334726,0.0411084656669154,0.0808626259077658,390,baseline+follow-up,0.498473365769343,0.5184752357520466,0.3753441434103192,0.3680341975485214,0.3828020320489518,0.11535539165492725,simulated,cortical thickness,r,partial correlation,longitudinal,False,0.03745193126724802
lh-frontalpole,lh,,0.5580865101837384,0.27459850002147795,103.0,0.0,0,0.5825582143768999,0.0388150941975221,0.0666286960506401,390,baseline+follow-up,0.5712127089701846,0.594133336473834,0.3796142657029168,0.37222115785942794,0.38715699940198434,0.15574280680057148,simulated,cortical thickness,r,partial correlation,longitudinal,False,-0.06240203423526087
rh-frontalpole,rh,,0.6227016573317594,0.2491006052475908,103.0,0.0,0,0.518238590267114,0.0374611630247304,0.0722855528867928,390,baseline+follow-up,0.5081457298752424,0.528535715618099,0.39431910558700817,0.38663961633769145,0.4021540166391258,0.15817788656396986,simulated,cortical thickness,r,partial correlation,longitudinal,False,-0.02830776263774354
lh-fusiform,lh,,0.6518213395585821,0.15422286069276692,103.0,0.0,0,0.4739161901575238,0.0128424892863656,0.0270986506751267,390,baseline+follow-up,0.4646865225207656,0.4833326529751576,0.363824689570136,0.3567390887138687,0.3710536927834164,0.09912853809645977,simulated,cortical thickness,r,partial correlation,longitudinal,False,-0.024962349076752637
rh-fusiform,rh,,0.7376422381208958,0.19339105822034716,103.0,0.0,0,0.4882508372870045,0.0123595843913628,0.0253140055223245,390,baseline+follow-up,0.4787419978653547,0.4979521219244073,0.38634297474145085,0.37881882316208654,0.3940194043128856,0.14060233131345695,simulated,cortical thickness,r,partial correlation,longitudinal,False,-0.004268624658171344
lh-inferiorparietal,lh,,0.6250900701808029,0.20367308568864015,103.0,0.0,0,0.3715899187594814,0.0093298313407651,0.0251078699118423,390,baseline+follow-up,0.3643530876096951,0.3789732129496275,0.27048682826102544,0.26521901176347057,0.27586125777805265,0.012885390740726338,simulated,cortical thickness,r,partial correlation,longitudinal,False,-0.04106181079699264
rh-inferiorparietal,rh,,0.715297918250707,0.16112754141016447,103.0,0.0,0,0.3581482983492404,0.0085690098159972,0.0239258705276365,390,baseline+follow-up,0.3511732470066491,0.3652645146858957,0.26886584470519187,0.26362959737487734,0.2742080661404979,0.009666300800221062,simulated,cortical thickness,r,partial correlation,longitudinal,False,0.03271490184030317
lh-inferiortemporal,lh,,0.531667936801406,0.26708984442257694,103.0,0.0,0,0.4563982770894876,0.0128443364665333,0.0281428241763825,390,baseline+follow-up,0.4475097763481964,0.4654666682850211,0.3127222616412532,0.3066318967254551,0.3189358867719169,0.06444302009639848,simulated,cortical thickness,r,partial correlation,longitudinal,False,-0.053786252225738955
rh-inferiortemporal,rh,,0.6278506275730407,0.21593462909399333,103.0,0.0,0,0.3891441417845991,0.0115154399273694,0.0295917082923568,390,baseline+follow-up,0.381565436591452,0.3968762290563944,0.27177584009214356,0.26648291968164345,0.2771758815891607,0.013257833960442045,simulated,cortical thickness,r,partial correlation,longitudinal,False,-0.05012413191081393
lh-insula,lh,,0.6053701359898086,0.2952776034739808,103.0,0.0,0,0.6413818996307941,0.0203101345477427,0.0316662109726421,390,baseline+follow-up,0.6288907843560507,0.6541258170896368,0.456376335870961,0.44748826244183765,0.46544429110614394,0.30581190054311413,simulated,cortical thickness,r,partial correlation,longitudinal,False,-0.04626012067338218
rh-insula,rh,,0.5323846997006138,0.26750905628458854,103.0,0.0,0,0.711144305809677,0.0213510172712637,0.0300234665409496,390,baseline+follow-up,0.6972945456185032,0.7252743652014083,0.5457131804789537,0.5350852437563344,0.5565562113350312,0.46761530029644177,simulated,cortical thickness,r,partial correlation,longitudinal,False,0.025131318761915225
lh-isthmuscingulate,lh,,0.4954863456800303,0.3144393569471037,103.0,0.07692307692307693,2,0.5650826360657816,0.0195478134824243,0.0345928404711214,390,baseline+follow-up,0.5540774730717577,0.576310527709735,0.3342316103751644,0.3277223440923732,0.3408726148332089,0.11347931933787371,simulated,cortical thickness,r,partial correlation,longitudinal,False,0.07630129898186568
rh-isthmuscingulate,rh,,0.05278358552608174,0.06757483018917883,103.0,0.6153846153846154,16,0.6095515925689862,0.0212407503518833,0.0348465176874744,390,baseline+follow-up,0.5976803825877479,0.6216630587439389,0.03300511980089298,0.03236233465786511,0.033660913989509655,0.5466890513842257,simulated,cortical thickness,r,partial correlation,longitudinal,False,-0.2285677434327442
lh-lateraloccipital,lh,,0.6061141907585199,0.1917177807441774,103.0,0.0,0,0.3719201998896283,0.0106780548927424,0.028710607533313,390,baseline+follow-up,0.3646769364104107,0.3793100565902899,0.26081762329315306,0.25573811761936527,0.2659999308465355,0.010344281365740778,simulated,cortical thickness,r,partial correlation,longitudinal,False,-0.049298539715272885
rh-lateraloccipital,rh,,0.7039919119895213,0.1514664868026927,103.0,0.0,0,0.3649710332419916,0.0106151739704091,0.0290849766243526,390,baseline+follow-up,0.3578631069802866,0.3722228136947638,0.2692068498320955,0.26396396131912214,0.274555846858033,0.009779735547649234,simulated,cortical thickness,r,partial correlation,longitudinal,False,-0.037707995560160676
lh-lateralorbitofrontal,lh,,0.28365488248682746,0.21734434088932136,103.0,0.07692307692307693,2,0.4526371849834849,0.0138266494681159,0.0305468704888229,390,baseline+follow-up,0.4438219327000657,0.4616308452778477,0.17599955356959068,0.17257190661976773,0.1794965711573573,0.05655521565845584,simulated,cortical thickness,r,partial correlation,longitudinal,False,0.11885953921853715
rh-lateralorbitofrontal,rh,,0.49508565079413114,0.22257528580897779,103.0,0.0,0,0.4807914449236979,0.0178313245455993,0.0370874414132497,390,baseline+follow-up,0.4714278795266866,0.4903445153994198,0.29092667047329523,0.28526078158639173,0.2967072287915481,0.054454473731181584,simulated,cortical thickness,r,partial correlation,longitudinal,False,0.07327297089872775
lh-lingual,lh,,0.1119250557550995,0.09168706688670963,103.0,0.34615384615384615,9,0.5245706190659637,0.0187768895965399,0.0357947794140158,390,baseline+follow-up,0.514354440411299,0.534993558463784,0.08464386805836051,0.08299540196690117,0.08632569672947496,0.26552555840426534,simulated,cortical thickness,r,partial correlation,longitudinal,False,-0.17696837470090174
rh-lingual,rh,,0.5723552032689619,0.27845426809368057,103.0,0.0,0,0.4827870157782687,0.0195848542061773,0.0405662405286643,390,baseline+follow-up,0.4733845860079445,0.4923797371862488,0.3116669114093918,0.3055970997730189,0.3178595672918544,0.050100831444786637,simulated,cortical thickness,r,partial correlation,longitudinal,False,-0.06387964328086872
lh-medialorbitofrontal,lh,,0.5055102865393747,0.2573913722927468,103.0,0.0,0,0.5368886797526419,0.0189557222098044,0.0353066155511749,390,baseline+follow-up,0.5264326029716234,0.5475563724694044,0.34240253956303673,0.33573414185098904,0.34920589604129304,0.12045412580396465,simulated,cortical thickness,r,partial correlation,longitudinal,False,0.06574838053731703
rh-medialorbitofrontal,rh,,0.6073954089929614,0.2710698789549514,103.0,0.0,0,0.4275188412849965,0.0168808024867336,0.0394855170265594,390,baseline+follow-up,0.4191927766865262,0.4360134134401701,0.30244630285975516,0.29655606549007596,0.30845575015097987,0.034431928852226935,simulated,cortical thickness,r,partial correlation,longitudinal,False,-0.0474920055629472
lh-middletemporal,lh,,0.24665131351777864,0.17384603959444106,103.0,0.038461538461538464,1,0.4181022950691171,0.0106142813814899,0.0253868048720835,390,baseline+follow-up,0.4099596206853383,0.4264097654557631,0.14916268288080192,0.14625769247239376,0.1521264661114586,0.05613617854118197,simulated,cortical thickness,r,partial correlation,longitudinal,False,-0.1257910617318888
rh-middletemporal,rh,,0.13902185932895184,0.11727931042516074,103.0,0.23076923076923078,6,0.3266452700824617,0.0088431487104118,0.0270726366500864,390,baseline+follow-up,0.3202837501753698,0.3331355379909395,0.07028377090582537,0.06891497224650292,0.07168027207873912,0.07151323958647063,simulated,cortical thickness,r,partial correlation,longitudinal,False,-0.16039363838720574
lh-paracentral,lh,,0.6980530247252564,0.20704091119902343,103.0,0.0,0,0.4746595739158761,0.0176045677398337,0.0370888289360698,390,baseline+follow-up,0.4654154286453956,0.4840908073736887,0.35160689288211855,0.3447592374791315,0.35859313496882106,0.07862101268720846,simulated,cortical thickness,r,partial correlation,longitudinal,False,-0.03656409661752067
rh-paracentral,rh,,0.434996037685325,0.21599731849369316,103.0,0.0,0,0.4387137082674293,0.0158497418185102,0.0361277560281947,390,baseline+follow-up,0.4301696200951046,0.4474307164796057,0.24282555398486563,0.23809644954923315,0.24765036868366247,0.03248972217074716,simulated,cortical thickness,r,partial correlation,longitudinal,False,-0.08450209935656144
lh-parahippocampal,lh,,0.3700042729345555,0.1681230666083757,103.0,0.0,0,0.4423457350763619,0.016841970287498,0.0380742232873356,390,baseline+follow-up,0.4337309120336309,0.4511349097308529,0.2211288586901077,0.21682230425497231,0.2255225715849322,0.044093104241764075,simulated,cortical thickness,r,partial correlation,longitudinal,False,-0.095712333613895
rh-parahippocampal,rh,,0.2311581756544796,0.156128348206958,103.0,0.038461538461538464,1,0.5109894628196148,0.015882378673186,0.0310816168019353,390,baseline+follow-up,0.5010377814766689,0.5211425518610425,0.1708196089165094,0.1674928430264976,0.174213703757098,0.1276906847196828,simulated,cortical thickness,r,partial correlation,longitudinal,False,-0.13077850622615453
lh-parsopercularis,lh,,0.3979228570096831,0.20707502990909285,103.0,0.0,0,0.4300683840759227,0.0106388992986141,0.0247376921730103,390,baseline+follow-up,0.4216926663255351,0.4386136142913004,0.2250485379266276,0.22066564649911438,0.229520132764619,0.03279984302994009,simulated,cortical thickness,r,partial correlation,longitudinal,False,-0.09085401325914964
rh-parsopercularis,rh,,0.5575395335208684,0.2575565613634337,103.0,0.0,0,0.4245854551655003,0.0113745262446079,0.0267897218480417,390,baseline+follow-up,0.4163165191891271,0.4330217424975392,0.28547094237752363,0.27991130552016935,0.29114309827816787,0.030187036374244892,simulated,cortical thickness,r,partial correlation,longitudinal,False,-0.05718608083979101
lh-parsorbitalis,lh,,0.5159454021322528,0.27161184649395675,103.0,0.038461538461538464,1,0.4844939967358448,0.0212949191467023,0.0439529061044542,390,baseline+follow-up,0.4750583229716923,0.494120634948212,0.34185038460912287,0.3351927402893721,0.3486427700619087,0.11317564683408952,simulated,cortical thickness,r,partial correlation,longitudinal,False,-0.04804285024922014
rh-parsorbitalis,rh,,0.6286397791633752,0.2697443018655769,103.0,0.0,0,0.4712431182429263,0.0197168218875139,0.0418400208389883,390,baseline+follow-up,0.4620655095268239,0.4806064685423228,0.3379409173381089,0.3313594111294791,0.34465562375405473,0.06704414345577349,simulated,cortical thickness,r,partial correlation,longitudinal,False,0.044544761282644556
lh-parstriangularis,lh,,0.6856634288112076,0.2205758925345361,103.0,0.0,0,0.4858708782009499,0.0141325016595949,0.0290869494214673,390,baseline+follow-up,0.4764083892349493,0.4955248743162326,0.3568412022274468,0.3498916069950792,0.3639314472588681,0.08605904582434165,simulated,cortical thickness,r,partial correlation,longitudinal,False,-0.038833597395125916
rh-parstriangularis,rh,,0.3345217311909776,0.1372189196116199,103.0,0.0,0,0.4305641112027566,0.0138205182106397,0.0320986302644522,390,baseline+follow-up,0.4221787390098448,0.4391191912526715,0.20384529902651308,0.19987534738019996,0.2078955967768275,0.04862990295478014,simulated,cortical thickness,r,partial correlation,longitudinal,False,0.10118336637644307
lh-pericalcarine,lh,,0.2133871679915968,0.19293219394550556,103.0,0.07692307692307693,2,0.4927206674355809,0.0322175591373618,0.0653870666823084,390,baseline+follow-up,0.4831247766586051,0.5025107652223746,0.1446067397464104,0.14179047777095238,0.14747999880841609,0.10176225246173416,simulated,cortical thickness,r,partial correlation,longitudinal,False,-0.14020995163144695
rh-pericalcarine,rh,,0.2605878517141089,0.19307903606668994,103.0,0.15384615384615385,4,0.4772531024372288,0.0337439403977238,0.0707044966819509,390,baseline+follow-up,0.4679584473788244,0.4867358679283313,0.16302339849410444,0.15984846626692045,0.1662625867771926,0.062298810652177496,simulated,cortical thickness,r,partial correlation,longitudinal,False,-0.1291454879576353
lh-postcentral,lh,,0.3283725887197324,0.23479573612731824,103.0,0.0,0,0.4801270096532951,0.0146736325732568,0.0305619810554978,390,baseline+follow-up,0.4707763843432427,0.4896668781533334,0.210204175822634,0.2061103830402926,0.21438082107522025,0.062424239235902124,simulated,cortical thickness,r,partial correlation,longitudinal,False,-0.1085613762133803
rh-postcentral,rh,,0.7964053722141459,0.16044845587542497,103.0,0.0,0,0.3390448422664102,0.0104458435547966,0.0308096223643143,390,baseline+follow-up,0.3324418367707846,0.3457814830839585,0.26660847475867594,0.2614161904217603,0.2719058434529099,0.012348319251092992,simulated,cortical thickness,r,partial correlation,longitudinal,False,-0.01196491605115768
lh-posteriorcingulate,lh,,0.6373585469119323,0.23725375498029327,103.0,0.0,0,0.546999475907578,0.0154232913445731,0.028196172069421,390,baseline+follow-up,0.5363464881748109,0.5578680647701717,0.42065183612052115,0.41245950861870273,0.4290099645328079,0.20963844682704713,simulated,cortical thickness,r,partial correlation,longitudinal,False,-0.02426559963780761
rh-posteriorcingulate,rh,,0.3366546530310677,0.20832306194627012,103.0,0.07692307692307693,2,0.5359216631784107,0.0160471790069831,0.0299431430179768,390,baseline+follow-up,0.5254844193509076,0.546570141789801,0.23333975658982414,0.22879539105749175,0.23797609353596955,0.08971811813269344,simulated,cortical thickness,r,partial correlation,longitudinal,False,-0.1090627642422019
lh-precentral,lh,,0.22511400390047892,0.12166572988907864,103.0,0.0,0,0.4326373792484138,0.0159367627837797,0.0368363057567179,390,baseline+follow-up,0.4242116295048279,0.4412336540324786,0.15096819703778866,0.14802804367034142,0.15396785487513545,0.09338985290677239,simulated,cortical thickness,r,partial correlation,longitudinal,False,-0.12751129388999294
rh-precentral,rh,,0.33326891749106263,0.117929621566732,103.0,0.0,0,0.3542043585265226,0.0125801439973633,0.0355166267566448,390,baseline+follow-up,0.3473061166588955,0.3612422108750575,0.1689533548511533,0.16566293484909952,0.172310368215355,0.015744519500390866,simulated,cortical thickness,r,partial correlation,longitudinal,False,-0.10044861741906888
lh-precuneus,lh,,0.7038270397677154,0.1863524214370101,103.0,0.0,0,0.4121459733752892,0.0086583010890286,0.0210078507333727,390,baseline+follow-up,0.4041193002396495,0.4203350948155926,0.32453482152356894,0.3182144032694013,0.33098315594085975,0.04638132850937967,simulated,cortical thickness,r,partial correlation,longitudinal,False,0.010762628732918052
rh-precuneus,rh,,0.263814182930184,0.13749737844849,103.0,0.0,0,0.3779139537612681,0.0081193654998306,0.0214846935896939,390,baseline+follow-up,0.3705539600304138,0.3854229031657505,0.1482526922024464,0.145365424150202,0.1511983944019733,0.03641414117707706,simulated,cortical thickness,r,partial correlation,longitudinal,False,-0.11812220972751007
lh-rostralanteriorcingulate,lh,,0.3641509715135722,0.3084039525511854,103.0,0.11538461538461539,3,0.6777560457696714,0.0258864669361676,0.0381943725884002,390,baseline+follow-up,0.6645565324988159,0.6912226981798693,0.280116434765271,0.2746610786365476,0.2856821994455166,0.14034526631087232,simulated,cortical thickness,r,partial correlation,longitudinal,False,0.11368179839472549
rh-rostralanteriorcingulate,rh,,0.5371587278736241,0.2864228941987594,103.0,0.0,0,0.6106231582755175,0.0240130336525192,0.0393254551961889,390,baseline+follow-up,0.5987310792133581,0.6227559158915347,0.4226141831615466,0.41438363833068814,0.4310113023665745,0.26057323769602264,simulated,cortical thickness,r,partial correlation,longitudinal,False,-0.05189335425703388
lh-rostralmiddlefrontal,lh,,0.7644716659587139,0.1658671037135866,103.0,0.0,0,0.344188722669395,0.0103196414550833,0.0299825089417461,390,baseline+follow-up,0.337485538476631,0.3510275696566396,0.2649216943481301,0.2597622605930028,0.2701855476121102,0.009468161354830007,simulated,cortical thickness,r,partial correlation,longitudinal,False,-0.023897684045700134
rh-rostralmiddlefrontal,rh,,0.20926921495558062,0.11931977954325304,103.0,0.07692307692307693,2,0.2885829474523045,0.0107603337128424,0.037286796769656,390,baseline+follow-up,0.2829627033122267,0.2943169372397911,0.09303764246097117,0.09122570495924354,0.09488625096827462,0.013283592943839349,simulated,cortical thickness,r,partial correlation,longitudinal,False,0.13347327151183389
lh-superiorfrontal,lh,,0.28916575276155093,0.22937036319274728,103.0,0.038461538461538464,1,0.3660619295772769,0.0083397511147954,0.0227823503100311,390,baseline+follow-up,0.3589327577645443,0.3733353855604329,0.14385867375455513,0.14105698060079722,0.14671706914289084,0.015596605848029903,simulated,cortical thickness,r,partial correlation,longitudinal,False,-0.11797375903092311
rh-superiorfrontal,rh,,0.41898371465573087,0.24392540259042975,103.0,0.0,0,0.3461758713395315,0.0080863708352153,0.0233591405545539,390,baseline+follow-up,0.3394339867981593,0.353054201914706,0.18392500429141548,0.1803430066830729,0.18757949637274238,0.004661374593525,simulated,cortical thickness,r,partial correlation,longitudinal,False,-0.08917808764607718
lh-superiorparietal,lh,,0.6882476075457588,0.17813875483421673,103.0,0.0,0,0.2795116690491244,0.0079098888122839,0.028298957389481,390,baseline+follow-up,0.2740680909239257,0.2850654173560159,0.20688789831534676,0.20285869108593474,0.2109986508964251,0.00037917483365199604,simulated,cortical thickness,r,partial correlation,longitudinal,False,-0.03677729288140494
rh-superiorparietal,rh,,0.7741409430700835,0.13910148364658928,103.0,0.0,0,0.2634422733056444,0.0072603802254351,0.0275596628222673,390,baseline+follow-up,0.2583116517430535,0.2686767312598049,0.20420549433725804,0.2002285277733887,0.2082629489769574,0.0003626564803556425,simulated,cortical thickness,r,partial correlation,longitudinal,False,-0.020741320687075182
lh-superiortemporal,lh,,0.6152123327282348,0.21387743906093412,103.0,0.0,0,0.3724443272790846,0.0088731833506542,0.023824187135505,390,baseline+follow-up,0.3651908562532491,0.3798445981124073,0.2626268272033492,0.2575120867114121,0.26784508267685697,0.010409685899668803,simulated,cortical thickness,r,partial correlation,longitudinal,False,-0.048171758607931874
rh-superiortemporal,rh,,0.04631164182348614,0.029201207211478935,103.0,0.5384615384615384,14,0.2949163351064442,0.0080811182021686,0.0274013923279357,390,baseline+follow-up,0.2891727462394369,0.3007761659404986,0.0255089984194124,0.025012202610264142,0.026015848660278056,0.6239319256874081,simulated,cortical thickness,r,partial correlation,longitudinal,True,-0.20814154194896403
lh-supramarginal,lh,,0.724856398253363,0.1803770695968242,103.0,0.0,0,0.3967886891044754,0.0092112571243358,0.0232145153762447,390,baseline+follow-up,0.3890611039353719,0.404672669468531,0.30933887151385897,0.30331439919048514,0.3154852704809229,0.03309780417643784,simulated,cortical thickness,r,partial correlation,longitudinal,False,-0.017760251315612683
rh-supramarginal,rh,,0.7141644672345859,0.17965408771056077,103.0,0.0,0,0.3706133069370373,0.0082549125551317,0.0222736539692951,390,baseline+follow-up,0.363395495611259,0.377977196369329,0.2746588297431618,0.2693097621977215,0.2801161547122701,0.011865138144516618,simulated,cortical thickness,r,partial correlation,longitudinal,False,0.036439726790648205
lh-temporalpole,lh,,0.6206972062065543,0.26072396268457326,103.0,0.038461538461538464,1,0.5563699502251839,0.0449635874985835,0.0808159884989925,390,baseline+follow-up,0.5455344695425103,0.5674247254321731,0.4253791752365303,0.41709478131083116,0.43383123336452784,0.22462699211566617,simulated,cortical thickness,r,partial correlation,longitudinal,False,0.026550843800311644
rh-temporalpole,rh,,0.6229354252404066,0.24703153851284812,103.0,0.0,0,0.4500766232351239,0.0426546460127012,0.0947719650625313,390,baseline+follow-up,0.4413112387013018,0.4590194065284547,0.31139411175971143,0.30532961298276445,0.3175813472581247,0.03978579256451231,simulated,cortical thickness,r,partial correlation,longitudinal,False,0.05195830068535322
lh-transversetemporal,lh,,0.7377520991984697,0.18563061809518852,103.0,0.0,0,0.4477656859462305,0.0222376342884298,0.0496635516887289,390,baseline+follow-up,0.439045307646736,0.4566625521438666,0.34421640891273564,0.3375126855216292,0.3510558060109205,0.07169031439016486,simulated,cortical thickness,r,partial correlation,longitudinal,False,0.024412262184752308
rh-transversetemporal,rh,,0.7276124631669916,0.18366656189242328,103.0,0.0,0,0.4491927126489389,0.0219954596251188,0.0489666439497852,390,baseline+follow-up,0.4404445425532402,0.4581179331087102,0.355709606493479,0.348782049445796,0.36277736731909593,0.08649024877621315,simulated,cortical thickness,r,partial correlation,longitudinal,False,0.0017006218502875021
lh-BrainSegVolNotVent,lh,,0.3598838548049469,0.09586273834356566,103.0,0.0,0,0.2259511761218401,0.0035163922666224,0.0155626198853076,390,baseline+follow-up,0.2215507055300968,0.2304407059010289,0.09586273834356566,0.11262798584604662,0.11714732526116156,2.015592448368598e-06,sampled,cortical thickness,r,partial correlation,longitudinal,False,-0.09395835120422111
rh-BrainSegVolNotVent,rh,,0.3598838548049469,0.09586273834356566,103.0,0.0,0,0.2259511761218401,0.0035163922666224,0.0155626198853076,390,baseline+follow-up,0.2215507055300968,0.2304407059010289,0.09586273834356566,0.11262798584604662,0.11714732526116156,2.015592448368598e-06,sampled,cortical thickness,r,partial correlation,longitudinal,False,-0.09395835120422111
lh-MeanThickness,lh,,0.3159986105473212,0.2053567436545423,103.0,0.0,0,0.3456271521476431,0.0051542367034514,0.0149127077297726,390,baseline+follow-up,0.3388959540860161,0.3524945799641125,0.2053567436545423,0.14929679190311834,0.15528751322455145,0.06737934875552531,sampled,cortical thickness,r,partial correlation,longitudinal,False,-0.10799417155188863
rh-MeanThickness,rh,,0.46435928616280264,0.15648730803558014,103.0,0.0,0,0.2865922083180647,0.0045131650975761,0.0157476894576541,390,baseline+follow-up,0.2810107344520187,0.292286643177008,0.15648730803558014,0.16620179388462164,0.17287084964659102,0.00019206477560567963,sampled,cortical thickness,r,partial correlation,longitudinal,False,-0.07630812770341804
lh-bankssts,lh,,0.7494658106681237,0.19562099949561815,103.0,0.0,0,0.4635427171398332,0.0140035371581689,0.0302098094531051,390,baseline+follow-up,0.4545150761697739,0.4727530645619825,0.19562099949561815,0.34802631770547465,0.36199131089334563,0.00014934002514474588,sampled,cortical thickness,r,partial correlation,longitudinal,False,0.02598033044522678
rh-bankssts,rh,,0.2771706229399569,0.14162195680867642,103.0,0.0,0,0.4039423054360074,0.0117495644210584,0.0290872341493822,390,baseline+follow-up,0.3960754013271586,0.4119684243545089,0.14162195680867642,0.16063150720445082,0.16707704821599575,0.01963055140759553,sampled,cortical thickness,r,partial correlation,longitudinal,False,-0.11531168515941209
lh-caudalanteriorcingulate,lh,,0.5850276695525847,0.2644512874731405,103.0,0.0,0,0.6084525630191594,0.024234083171726,0.0398290427958357,390,baseline+follow-up,0.5966027569858735,0.6205421920610782,0.2644512874731405,0.4656290085074615,0.4843129573960186,0.013562706150695616,sampled,cortical thickness,r,partial correlation,longitudinal,False,-0.017127425696338103
rh-caudalanteriorcingulate,rh,,0.433932600832529,0.2610790944126219,103.0,0.038461538461538464,1,0.599780232606556,0.0225773998844983,0.0376427875696741,390,baseline+follow-up,0.5880993229499013,0.6116975470524164,0.2610790944126219,0.3272550293033875,0.3403865484512753,0.050996718638408135,sampled,cortical thickness,r,partial correlation,longitudinal,False,-0.08387138536970365
lh-caudalmiddlefrontal,lh,,0.42444406589830896,0.1782669204292022,103.0,0.0,0,0.4232815927678811,0.0109202804386747,0.0257990912556956,390,baseline+follow-up,0.4150380499239309,0.4316919730470666,0.1782669204292022,0.229043786998566,0.23823445667621387,0.0030078782556731687,sampled,cortical thickness,r,partial correlation,longitudinal,False,-0.08484837281099206
rh-caudalmiddlefrontal,rh,,0.7711121247432438,0.15649157776614567,103.0,0.0,0,0.316147836868543,0.0107937340350391,0.0341414135296687,390,baseline+follow-up,0.3099907577921628,0.3224295263583206,0.15649157776614567,0.23837354072446396,0.24793857849038076,1.3461466171361238e-06,sampled,cortical thickness,r,partial correlation,longitudinal,False,-0.024290790925442857
lh-cuneus,lh,,0.5403345466631361,0.27768932473584373,103.0,0.0,0,0.4390834907097066,0.0187374744714058,0.042674058277891,390,baseline+follow-up,0.4305322009074081,0.4478078463024761,0.27768932473584373,0.27263799651151405,0.2835779386088246,0.02808716801408616,sampled,cortical thickness,r,partial correlation,longitudinal,False,-0.06681091445306757
rh-cuneus,rh,,0.6418601600596072,0.24744790576817832,103.0,0.0,0,0.4472378403497466,0.0184603773484468,0.0412764209173593,390,baseline+follow-up,0.4385277420101274,0.4561242185359242,0.24744790576817832,0.3181525082262385,0.33091877728133756,0.004918420187178286,sampled,cortical thickness,r,partial correlation,longitudinal,False,-0.041862309306918
lh-eTIV,lh,,0.5538977923536079,0.001968191448522179,103.0,0.0,0,0.0043793650819558,9.560383873559791e-05,0.0218305249611435,390,baseline+follow-up,0.0042940755624038,0.004466380738554,0.001968191448522179,0.0028415862225460247,0.002955608439320358,0.0,sampled,cortical thickness,r,partial correlation,longitudinal,False,-0.05989302069864448
rh-eTIV,rh,,0.5538977923536079,0.001968191448522179,103.0,0.0,0,0.0043793650819558,9.560383873559791e-05,0.0218305249611435,390,baseline+follow-up,0.0042940755624038,0.004466380738554,0.001968191448522179,0.0028415862225460247,0.002955608439320358,0.0,sampled,cortical thickness,r,partial correlation,longitudinal,False,-0.05989302069864448
lh-entorhinal,lh,,0.41562633941420624,0.27026491801718805,103.0,0.0,0,0.5533835465419592,0.0444079706708947,0.0802480864282935,390,baseline+follow-up,0.5426062270151983,0.5643789834950007,0.27026491801718805,0.29826323658160503,0.31023142362710143,0.07393747518170105,sampled,cortical thickness,r,partial correlation,longitudinal,False,-0.08530933727051158
rh-entorhinal,rh,,0.6771994452302177,0.22584089318655096,103.0,0.0,0,0.508374112334726,0.0411084656669154,0.0808626259077658,390,baseline+follow-up,0.498473365769343,0.5184752357520466,0.22584089318655096,0.3680341975485214,0.3828020320489518,0.0013956529607210835,sampled,cortical thickness,r,partial correlation,longitudinal,False,0.03745193126724802
lh-frontalpole,lh,,0.5580865101837384,0.27459850002147795,103.0,0.0,0,0.5825582143768999,0.0388150941975221,0.0666286960506401,390,baseline+follow-up,0.5712127089701846,0.594133336473834,0.27459850002147795,0.37222115785942794,0.38715699940198434,0.022540312145067916,sampled,cortical thickness,r,partial correlation,longitudinal,False,-0.06240203423526087
rh-frontalpole,rh,,0.6227016573317594,0.2491006052475908,103.0,0.0,0,0.518238590267114,0.0374611630247304,0.0722855528867928,390,baseline+follow-up,0.5081457298752424,0.528535715618099,0.2491006052475908,0.38663961633769145,0.4021540166391258,0.005918604599437681,sampled,cortical thickness,r,partial correlation,longitudinal,False,-0.02830776263774354
lh-fusiform,lh,,0.6518213395585821,0.15422286069276692,103.0,0.0,0,0.4739161901575238,0.0128424892863656,0.0270986506751267,390,baseline+follow-up,0.4646865225207656,0.4833326529751576,0.15422286069276692,0.3567390887138687,0.3710536927834164,1.2625629232414468e-06,sampled,cortical thickness,r,partial correlation,longitudinal,False,-0.024962349076752637
rh-fusiform,rh,,0.7376422381208958,0.19339105822034716,103.0,0.0,0,0.4882508372870045,0.0123595843913628,0.0253140055223245,390,baseline+follow-up,0.4787419978653547,0.4979521219244073,0.19339105822034716,0.37881882316208654,0.3940194043128856,0.00011650622216757101,sampled,cortical thickness,r,partial correlation,longitudinal,False,-0.004268624658171344
lh-inferiorparietal,lh,,0.6250900701808029,0.20367308568864015,103.0,0.0,0,0.3715899187594814,0.0093298313407651,0.0251078699118423,390,baseline+follow-up,0.3643530876096951,0.3789732129496275,0.20367308568864015,0.26521901176347057,0.27586125777805265,0.00047135295666511716,sampled,cortical thickness,r,partial correlation,longitudinal,False,-0.04106181079699264
rh-inferiorparietal,rh,,0.715297918250707,0.16112754141016447,103.0,0.0,0,0.3581482983492404,0.0085690098159972,0.0239258705276365,390,baseline+follow-up,0.3511732470066491,0.3652645146858957,0.16112754141016447,0.26362959737487734,0.2742080661404979,2.2464731973612922e-06,sampled,cortical thickness,r,partial correlation,longitudinal,False,0.03271490184030317
lh-inferiortemporal,lh,,0.531667936801406,0.26708984442257694,103.0,0.0,0,0.4563982770894876,0.0128443364665333,0.0281428241763825,390,baseline+follow-up,0.4475097763481964,0.4654666682850211,0.26708984442257694,0.3066318967254551,0.3189358867719169,0.0226562137618712,sampled,cortical thickness,r,partial correlation,longitudinal,False,-0.053786252225738955
rh-inferiortemporal,rh,,0.6278506275730407,0.21593462909399333,103.0,0.0,0,0.3891441417845991,0.0115154399273694,0.0295917082923568,390,baseline+follow-up,0.381565436591452,0.3968762290563944,0.21593462909399333,0.26648291968164345,0.2771758815891607,0.0010522436264506774,sampled,cortical thickness,r,partial correlation,longitudinal,False,-0.05012413191081393
lh-insula,lh,,0.6053701359898086,0.2952776034739808,103.0,0.0,0,0.6413818996307941,0.0203101345477427,0.0316662109726421,390,baseline+follow-up,0.6288907843560507,0.6541258170896368,0.2952776034739808,0.44748826244183765,0.46544429110614394,0.029157437490799305,sampled,cortical thickness,r,partial correlation,longitudinal,False,-0.04626012067338218
rh-insula,rh,,0.5323846997006138,0.26750905628458854,103.0,0.0,0,0.711144305809677,0.0213510172712637,0.0300234665409496,390,baseline+follow-up,0.6972945456185032,0.7252743652014083,0.26750905628458854,0.5350852437563344,0.5565562113350312,0.022781728608941367,sampled,cortical thickness,r,partial correlation,longitudinal,False,0.025131318761915225
lh-isthmuscingulate,lh,,0.4954863456800303,0.3144393569471037,103.0,0.07692307692307693,2,0.5650826360657816,0.0195478134824243,0.0345928404711214,390,baseline+follow-up,0.5540774730717577,0.576310527709735,0.3144393569471037,0.3277223440923732,0.3408726148332089,0.08363530807502569,sampled,cortical thickness,r,partial correlation,longitudinal,False,0.07630129898186568
rh-isthmuscingulate,rh,,0.05278358552608174,0.06757483018917883,103.0,0.6153846153846154,16,0.6095515925689862,0.0212407503518833,0.0348465176874744,390,baseline+follow-up,0.5976803825877479,0.6216630587439389,0.06757483018917883,0.03236233465786511,0.033660913989509655,0.6518015752899754,sampled,cortical thickness,r,partial correlation,longitudinal,False,-0.2285677434327442
lh-lateraloccipital,lh,,0.6061141907585199,0.1917177807441774,103.0,0.0,0,0.3719201998896283,0.0106780548927424,0.028710607533313,390,baseline+follow-up,0.3646769364104107,0.3793100565902899,0.1917177807441774,0.25573811761936527,0.2659999308465355,0.00023082000790704662,sampled,cortical thickness,r,partial correlation,longitudinal,False,-0.049298539715272885
rh-lateraloccipital,rh,,0.7039919119895213,0.1514664868026927,103.0,0.0,0,0.3649710332419916,0.0106151739704091,0.0290849766243526,390,baseline+follow-up,0.3578631069802866,0.3722228136947638,0.1514664868026927,0.26396396131912214,0.274555846858033,4.412674968382053e-07,sampled,cortical thickness,r,partial correlation,longitudinal,False,-0.037707995560160676
lh-lateralorbitofrontal,lh,,0.28365488248682746,0.21734434088932136,103.0,0.07692307692307693,2,0.4526371849834849,0.0138266494681159,0.0305468704888229,390,baseline+follow-up,0.4438219327000657,0.4616308452778477,0.21734434088932136,0.17257190661976773,0.1794965711573573,0.13279461099434398,sampled,cortical thickness,r,partial correlation,longitudinal,False,0.11885953921853715
rh-lateralorbitofrontal,rh,,0.49508565079413114,0.22257528580897779,103.0,0.0,0,0.4807914449236979,0.0178313245455993,0.0370874414132497,390,baseline+follow-up,0.4714278795266866,0.4903445153994198,0.22257528580897779,0.28526078158639173,0.2967072287915481,0.007438826840996633,sampled,cortical thickness,r,partial correlation,longitudinal,False,0.07327297089872775
lh-lingual,lh,,0.1119250557550995,0.09168706688670963,103.0,0.34615384615384615,9,0.5245706190659637,0.0187768895965399,0.0357947794140158,390,baseline+follow-up,0.514354440411299,0.534993558463784,0.09168706688670963,0.08299540196690117,0.08632569672947496,0.2981015508585577,sampled,cortical thickness,r,partial correlation,longitudinal,False,-0.17696837470090174
rh-lingual,rh,,0.5723552032689619,0.27845426809368057,103.0,0.0,0,0.4827870157782687,0.0195848542061773,0.0405662405286643,390,baseline+follow-up,0.4733845860079445,0.4923797371862488,0.27845426809368057,0.3055970997730189,0.3178595672918544,0.02264287377460521,sampled,cortical thickness,r,partial correlation,longitudinal,False,-0.06387964328086872
lh-medialorbitofrontal,lh,,0.5055102865393747,0.2573913722927468,103.0,0.0,0,0.5368886797526419,0.0189557222098044,0.0353066155511749,390,baseline+follow-up,0.5264326029716234,0.5475563724694044,0.2573913722927468,0.33573414185098904,0.34920589604129304,0.021995422587300223,sampled,cortical thickness,r,partial correlation,longitudinal,False,0.06574838053731703
rh-medialorbitofrontal,rh,,0.6073954089929614,0.2710698789549514,103.0,0.0,0,0.4275188412849965,0.0168808024867336,0.0394855170265594,390,baseline+follow-up,0.4191927766865262,0.4360134134401701,0.2710698789549514,0.29655606549007596,0.30845575015097987,0.014491708108193052,sampled,cortical thickness,r,partial correlation,longitudinal,False,-0.0474920055629472
lh-middletemporal,lh,,0.24665131351777864,0.17384603959444106,103.0,0.038461538461538464,1,0.4181022950691171,0.0106142813814899,0.0253868048720835,390,baseline+follow-up,0.4099596206853383,0.4264097654557631,0.17384603959444106,0.14625769247239376,0.1521264661114586,0.10446273450979615,sampled,cortical thickness,r,partial correlation,longitudinal,False,-0.1257910617318888
rh-middletemporal,rh,,0.13902185932895184,0.11727931042516074,103.0,0.23076923076923078,6,0.3266452700824617,0.0088431487104118,0.0270726366500864,390,baseline+follow-up,0.3202837501753698,0.3331355379909395,0.11727931042516074,0.06891497224650292,0.07168027207873912,0.2585338136126392,sampled,cortical thickness,r,partial correlation,longitudinal,False,-0.16039363838720574
lh-paracentral,lh,,0.6980530247252564,0.20704091119902343,103.0,0.0,0,0.4746595739158761,0.0176045677398337,0.0370888289360698,390,baseline+follow-up,0.4654154286453956,0.4840908073736887,0.20704091119902343,0.3447592374791315,0.35859313496882106,0.00037160745982103615,sampled,cortical thickness,r,partial correlation,longitudinal,False,-0.03656409661752067
rh-paracentral,rh,,0.434996037685325,0.21599731849369316,103.0,0.0,0,0.4387137082674293,0.0158497418185102,0.0361277560281947,390,baseline+follow-up,0.4301696200951046,0.4474307164796057,0.21599731849369316,0.23809644954923315,0.24765036868366247,0.014133040634942272,sampled,cortical thickness,r,partial correlation,longitudinal,False,-0.08450209935656144
lh-parahippocampal,lh,,0.3700042729345555,0.1681230666083757,103.0,0.0,0,0.4423457350763619,0.016841970287498,0.0380742232873356,390,baseline+follow-up,0.4337309120336309,0.4511349097308529,0.1681230666083757,0.21682230425497231,0.2255225715849322,0.006283399630811659,sampled,cortical thickness,r,partial correlation,longitudinal,False,-0.095712333613895
rh-parahippocampal,rh,,0.2311581756544796,0.156128348206958,103.0,0.038461538461538464,1,0.5109894628196148,0.015882378673186,0.0310816168019353,390,baseline+follow-up,0.5010377814766689,0.5211425518610425,0.156128348206958,0.1674928430264976,0.174213703757098,0.09371417360113843,sampled,cortical thickness,r,partial correlation,longitudinal,False,-0.13077850622615453
lh-parsopercularis,lh,,0.3979228570096831,0.20707502990909285,103.0,0.0,0,0.4300683840759227,0.0106388992986141,0.0247376921730103,390,baseline+follow-up,0.4216926663255351,0.4386136142913004,0.20707502990909285,0.22066564649911438,0.229520132764619,0.018810615381454104,sampled,cortical thickness,r,partial correlation,longitudinal,False,-0.09085401325914964
rh-parsopercularis,rh,,0.5575395335208684,0.2575565613634337,103.0,0.0,0,0.4245854551655003,0.0113745262446079,0.0267897218480417,390,baseline+follow-up,0.4163165191891271,0.4330217424975392,0.2575565613634337,0.27991130552016935,0.29114309827816787,0.013473001483020606,sampled,cortical thickness,r,partial correlation,longitudinal,False,-0.05718608083979101
lh-parsorbitalis,lh,,0.5159454021322528,0.27161184649395675,103.0,0.038461538461538464,1,0.4844939967358448,0.0212949191467023,0.0439529061044542,390,baseline+follow-up,0.4750583229716923,0.494120634948212,0.27161184649395675,0.3351927402893721,0.3486427700619087,0.029397651822630395,sampled,cortical thickness,r,partial correlation,longitudinal,False,-0.04804285024922014
rh-parsorbitalis,rh,,0.6286397791633752,0.2697443018655769,103.0,0.0,0,0.4712431182429263,0.0197168218875139,0.0418400208389883,390,baseline+follow-up,0.4620655095268239,0.4806064685423228,0.2697443018655769,0.3313594111294791,0.34465562375405473,0.01234534965801607,sampled,cortical thickness,r,partial correlation,longitudinal,False,0.044544761282644556
lh-parstriangularis,lh,,0.6856634288112076,0.2205758925345361,103.0,0.0,0,0.4858708782009499,0.0141325016595949,0.0290869494214673,390,baseline+follow-up,0.4764083892349493,0.4955248743162326,0.2205758925345361,0.3498916069950792,0.3639314472588681,0.0009835250872751845,sampled,cortical thickness,r,partial correlation,longitudinal,False,-0.038833597395125916
rh-parstriangularis,rh,,0.3345217311909776,0.1372189196116199,103.0,0.0,0,0.4305641112027566,0.0138205182106397,0.0320986302644522,390,baseline+follow-up,0.4221787390098448,0.4391191912526715,0.1372189196116199,0.19987534738019996,0.2078955967768275,0.002509809688491685,sampled,cortical thickness,r,partial correlation,longitudinal,False,0.10118336637644307
lh-pericalcarine,lh,,0.2133871679915968,0.19293219394550556,103.0,0.07692307692307693,2,0.4927206674355809,0.0322175591373618,0.0653870666823084,390,baseline+follow-up,0.4831247766586051,0.5025107652223746,0.19293219394550556,0.14179047777095238,0.14747999880841609,0.2301173972001533,sampled,cortical thickness,r,partial correlation,longitudinal,False,-0.14020995163144695
rh-pericalcarine,rh,,0.2605878517141089,0.19307903606668994,103.0,0.15384615384615385,4,0.4772531024372288,0.0337439403977238,0.0707044966819509,390,baseline+follow-up,0.4679584473788244,0.4867358679283313,0.19307903606668994,0.15984846626692045,0.1662625867771926,0.12115817024971842,sampled,cortical thickness,r,partial correlation,longitudinal,False,-0.1291454879576353
lh-postcentral,lh,,0.3283725887197324,0.23479573612731824,103.0,0.0,0,0.4801270096532951,0.0146736325732568,0.0305619810554978,390,baseline+follow-up,0.4707763843432427,0.4896668781533334,0.23479573612731824,0.2061103830402926,0.21438082107522025,0.10188611896193521,sampled,cortical thickness,r,partial correlation,longitudinal,False,-0.1085613762133803
rh-postcentral,rh,,0.7964053722141459,0.16044845587542497,103.0,0.0,0,0.3390448422664102,0.0104458435547966,0.0308096223643143,390,baseline+follow-up,0.3324418367707846,0.3457814830839585,0.16044845587542497,0.2614161904217603,0.2719058434529099,3.7990759144822695e-06,sampled,cortical thickness,r,partial correlation,longitudinal,False,-0.01196491605115768
lh-posteriorcingulate,lh,,0.6373585469119323,0.23725375498029327,103.0,0.0,0,0.546999475907578,0.0154232913445731,0.028196172069421,390,baseline+follow-up,0.5363464881748109,0.5578680647701717,0.23725375498029327,0.41245950861870273,0.4290099645328079,0.0031647422036780635,sampled,cortical thickness,r,partial correlation,longitudinal,False,-0.02426559963780761
rh-posteriorcingulate,rh,,0.3366546530310677,0.20832306194627012,103.0,0.07692307692307693,2,0.5359216631784107,0.0160471790069831,0.0299431430179768,390,baseline+follow-up,0.5254844193509076,0.546570141789801,0.20832306194627012,0.22879539105749175,0.23797609353596955,0.05264313577966564,sampled,cortical thickness,r,partial correlation,longitudinal,False,-0.1090627642422019
lh-precentral,lh,,0.22511400390047892,0.12166572988907864,103.0,0.0,0,0.4326373792484138,0.0159367627837797,0.0368363057567179,390,baseline+follow-up,0.4242116295048279,0.4412336540324786,0.12166572988907864,0.14802804367034142,0.15396785487513545,0.03651630739409569,sampled,cortical thickness,r,partial correlation,longitudinal,False,-0.12751129388999294
rh-precentral,rh,,0.33326891749106263,0.117929621566732,103.0,0.0,0,0.3542043585265226,0.0125801439973633,0.0355166267566448,390,baseline+follow-up,0.3473061166588955,0.3612422108750575,0.117929621566732,0.16566293484909952,0.172310368215355,0.000432584931303378,sampled,cortical thickness,r,partial correlation,longitudinal,False,-0.10044861741906888
lh-precuneus,lh,,0.7038270397677154,0.1863524214370101,103.0,0.0,0,0.4121459733752892,0.0086583010890286,0.0210078507333727,390,baseline+follow-up,0.4041193002396495,0.4203350948155926,0.1863524214370101,0.3182144032694013,0.33098315594085975,5.848761968057961e-05,sampled,cortical thickness,r,partial correlation,longitudinal,False,0.010762628732918052
rh-precuneus,rh,,0.263814182930184,0.13749737844849,103.0,0.0,0,0.3779139537612681,0.0081193654998306,0.0214846935896939,390,baseline+follow-up,0.3705539600304138,0.3854229031657505,0.13749737844849,0.145365424150202,0.1511983944019733,0.023676735069910238,sampled,cortical thickness,r,partial correlation,longitudinal,False,-0.11812220972751007
lh-rostralanteriorcingulate,lh,,0.3641509715135722,0.3084039525511854,103.0,0.11538461538461539,3,0.6777560457696714,0.0258864669361676,0.0381943725884002,390,baseline+follow-up,0.6645565324988159,0.6912226981798693,0.3084039525511854,0.2746610786365476,0.2856821994455166,0.19749048541990136,sampled,cortical thickness,r,partial correlation,longitudinal,False,0.11368179839472549
rh-rostralanteriorcingulate,rh,,0.5371587278736241,0.2864228941987594,103.0,0.0,0,0.6106231582755175,0.0240130336525192,0.0393254551961889,390,baseline+follow-up,0.5987310792133581,0.6227559158915347,0.2864228941987594,0.41438363833068814,0.4310113023665745,0.0357406341934353,sampled,cortical thickness,r,partial correlation,longitudinal,False,-0.05189335425703388
lh-rostralmiddlefrontal,lh,,0.7644716659587139,0.1658671037135866,103.0,0.0,0,0.344188722669395,0.0103196414550833,0.0299825089417461,390,baseline+follow-up,0.337485538476631,0.3510275696566396,0.1658671037135866,0.2597622605930028,0.2701855476121102,5.474723056540155e-06,sampled,cortical thickness,r,partial correlation,longitudinal,False,-0.023897684045700134
rh-rostralmiddlefrontal,rh,,0.20926921495558062,0.11931977954325304,103.0,0.07692307692307693,2,0.2885829474523045,0.0107603337128424,0.037286796769656,390,baseline+follow-up,0.2829627033122267,0.2943169372397911,0.11931977954325304,0.09122570495924354,0.09488625096827462,0.05277308350662131,sampled,cortical thickness,r,partial correlation,longitudinal,False,0.13347327151183389
lh-superiorfrontal,lh,,0.28916575276155093,0.22937036319274728,103.0,0.038461538461538464,1,0.3660619295772769,0.0083397511147954,0.0227823503100311,390,baseline+follow-up,0.3589327577645443,0.3733353855604329,0.22937036319274728,0.14105698060079722,0.14671706914289084,0.1489197753554776,sampled,cortical thickness,r,partial correlation,longitudinal,False,-0.11797375903092311
rh-superiorfrontal,rh,,0.41898371465573087,0.24392540259042975,103.0,0.0,0,0.3461758713395315,0.0080863708352153,0.0233591405545539,390,baseline+follow-up,0.3394339867981593,0.353054201914706,0.24392540259042975,0.1803430066830729,0.18757949637274238,0.04063770568041567,sampled,cortical thickness,r,partial correlation,longitudinal,False,-0.08917808764607718
lh-superiorparietal,lh,,0.6882476075457588,0.17813875483421673,103.0,0.0,0,0.2795116690491244,0.0079098888122839,0.028298957389481,390,baseline+follow-up,0.2740680909239257,0.2850654173560159,0.17813875483421673,0.20285869108593474,0.2109986508964251,2.5434384506660687e-05,sampled,cortical thickness,r,partial correlation,longitudinal,False,-0.03677729288140494
rh-superiorparietal,rh,,0.7741409430700835,0.13910148364658928,103.0,0.0,0,0.2634422733056444,0.0072603802254351,0.0275596628222673,390,baseline+follow-up,0.2583116517430535,0.2686767312598049,0.13910148364658928,0.2002285277733887,0.2082629489769574,4.1179850305336856e-08,sampled,cortical thickness,r,partial correlation,longitudinal,False,-0.020741320687075182
lh-superiortemporal,lh,,0.6152123327282348,0.21387743906093412,103.0,0.0,0,0.3724443272790846,0.0088731833506542,0.023824187135505,390,baseline+follow-up,0.3651908562532491,0.3798445981124073,0.21387743906093412,0.2575120867114121,0.26784508267685697,0.0010419965489551683,sampled,cortical thickness,r,partial correlation,longitudinal,False,-0.048171758607931874
rh-superiortemporal,rh,,0.04631164182348614,0.029201207211478935,103.0,0.5384615384615384,14,0.2949163351064442,0.0080811182021686,0.0274013923279357,390,baseline+follow-up,0.2891727462394369,0.3007761659404986,0.029201207211478935,0.025012202610264142,0.026015848660278056,0.6270796861117112,sampled,cortical thickness,r,partial correlation,longitudinal,True,-0.20814154194896403
lh-supramarginal,lh,,0.724856398253363,0.1803770695968242,103.0,0.0,0,0.3967886891044754,0.0092112571243358,0.0232145153762447,390,baseline+follow-up,0.3890611039353719,0.404672669468531,0.1803770695968242,0.30331439919048514,0.3154852704809229,2.9739078667259723e-05,sampled,cortical thickness,r,partial correlation,longitudinal,False,-0.017760251315612683
rh-supramarginal,rh,,0.7141644672345859,0.17965408771056077,103.0,0.0,0,0.3706133069370373,0.0082549125551317,0.0222736539692951,390,baseline+follow-up,0.363395495611259,0.377977196369329,0.17965408771056077,0.2693097621977215,0.2801161547122701,2.753508375454686e-05,sampled,cortical thickness,r,partial correlation,longitudinal,False,0.036439726790648205
lh-temporalpole,lh,,0.6206972062065543,0.26072396268457326,103.0,0.038461538461538464,1,0.5563699502251839,0.0449635874985835,0.0808159884989925,390,baseline+follow-up,0.5455344695425103,0.5674247254321731,0.26072396268457326,0.41709478131083116,0.43383123336452784,0.009408843094940686,sampled,cortical thickness,r,partial correlation,longitudinal,False,0.026550843800311644
rh-temporalpole,rh,,0.6229354252404066,0.24703153851284812,103.0,0.0,0,0.4500766232351239,0.0426546460127012,0.0947719650625313,390,baseline+follow-up,0.4413112387013018,0.4590194065284547,0.24703153851284812,0.30532961298276445,0.3175813472581247,0.005418840047182038,sampled,cortical thickness,r,partial correlation,longitudinal,False,0.05195830068535322
lh-transversetemporal,lh,,0.7377520991984697,0.18563061809518852,103.0,0.0,0,0.4477656859462305,0.0222376342884298,0.0496635516887289,390,baseline+follow-up,0.439045307646736,0.4566625521438666,0.18563061809518852,0.3375126855216292,0.3510558060109205,5.399955221161646e-05,sampled,cortical thickness,r,partial correlation,longitudinal,False,0.024412262184752308
rh-transversetemporal,rh,,0.7276124631669916,0.18366656189242328,103.0,0.0,0,0.4491927126489389,0.0219954596251188,0.0489666439497852,390,baseline+follow-up,0.4404445425532402,0.4581179331087102,0.18366656189242328,0.348782049445796,0.36277736731909593,4.296424817518162e-05,sampled,cortical thickness,r,partial correlation,longitudinal,False,0.0017006218502875021
lh-BrainSegVolNotVent,lh,,0.3598838548049469,0.09586273834356566,103.0,0.0,0,0.2259511761218401,0.0035163922666224,0.0155626198853076,390,baseline+follow-up,0.2215507055300968,0.2304407059010289,0.11486501839503789,0.11262798584604662,0.11714732526116156,7.828298049455265e-05,simulated,cortical area,r,partial correlation,longitudinal,False,-0.09395835120422111
rh-BrainSegVolNotVent,rh,,0.3598838548049469,0.09586273834356566,103.0,0.0,0,0.2259511761218401,0.0035163922666224,0.0155626198853076,390,baseline+follow-up,0.2215507055300968,0.2304407059010289,0.11486501839503789,0.11262798584604662,0.11714732526116156,7.828298049455265e-05,simulated,cortical area,r,partial correlation,longitudinal,False,-0.09395835120422111
lh-WhiteSurfArea,lh,,0.357430015488785,0.10601485937410576,103.0,0.0,0,0.3037348685015072,0.0066873782221028,0.0220171567890621,390,baseline+follow-up,0.2978195359085617,0.3097699189071764,0.15294878093094783,0.1499700550659995,0.15598779191759504,0.0036293926178062926,simulated,cortical area,r,partial correlation,longitudinal,False,-0.09495417116679969
rh-WhiteSurfArea,rh,,0.26842863877732304,0.12343001382501957,103.0,0.0,0,0.2753033951230814,0.0061221505060505,0.0222378314779353,390,baseline+follow-up,0.2699417744630812,0.2807735272637098,0.11073984015329105,0.10858314675477501,0.11294018192023421,0.003929159711182851,simulated,cortical area,r,partial correlation,longitudinal,False,-0.11601103424004465
lh-bankssts,lh,,0.4566574250870016,0.2303460581829346,103.0,0.038461538461538464,1,0.6955203002699123,0.0433077464273456,0.0622666892836041,390,baseline+follow-up,0.6819748225263143,0.7093399189755408,0.43309170064898267,0.4246571028524824,0.44169700255781047,0.3635941964277059,simulated,cortical area,r,partial correlation,longitudinal,False,-0.069273435455639
rh-bankssts,rh,,0.43345905935770734,0.3087827214691268,103.0,0.07692307692307693,2,0.758673214213216,0.0345816786063191,0.0455817840388396,390,baseline+follow-up,0.7438978135041338,0.7737476477538783,0.5298837223723702,0.5195640693510213,0.5404122303090378,0.5665409406393482,simulated,cortical area,r,partial correlation,longitudinal,False,-0.050112456194696425
lh-caudalanteriorcingulate,lh,,0.2518927448495598,0.247132524807176,103.0,0.19230769230769232,5,0.7356941591805468,0.0546968225464474,0.0743472295707383,390,baseline+follow-up,0.7213662828332886,0.7503120111108034,0.2331836161719115,0.22864229152358337,0.23781685069093975,0.23487250165806767,simulated,cortical area,r,partial correlation,longitudinal,False,-0.1347189473899414
rh-caudalanteriorcingulate,rh,,0.5754412804042125,0.27109801763849767,103.0,0.0,0,0.6306699659754583,0.0407578661126548,0.0646262995093077,390,baseline+follow-up,0.6183874689953398,0.6432010430058344,0.48568785806329273,0.4762289334723368,0.49533821766571323,0.39983917467891655,simulated,cortical area,r,partial correlation,longitudinal,False,-0.0236710719456615
lh-caudalmiddlefrontal,lh,,0.26355785605286786,0.253996011382923,103.0,0.2692307692307692,7,0.6390621296022266,0.0262735086347081,0.0411126045773697,390,baseline+follow-up,0.6266161925822086,0.6517599544635319,0.1918044589885215,0.18806900650878272,0.19561551164684374,0.11323946884104986,simulated,cortical area,r,partial correlation,longitudinal,False,-0.13863460759498145
rh-caudalmiddlefrontal,rh,,0.37983965878216375,0.28560503460890335,103.0,0.07692307692307693,2,0.5965261456119033,0.030157119150721,0.0505545639073146,390,baseline+follow-up,0.5849086103282823,0.6083788030786883,0.27253392693985423,0.26722624254831806,0.2779490312196211,0.1087635658286366,simulated,cortical area,r,partial correlation,longitudinal,False,-0.1046089371583092
lh-cuneus,lh,,0.5719943600391447,0.2935022155120219,103.0,0.0,0,0.6381353063689204,0.0267819464325033,0.0419690717081559,390,baseline+follow-up,0.6257074195243956,0.6508147157451752,0.4837642051339246,0.4743427442919505,0.4933763427750371,0.3963346304372185,simulated,cortical area,r,partial correlation,longitudinal,False,-0.029577315466744532
rh-cuneus,rh,,0.22504635241311913,0.21881525856813666,103.0,0.23076923076923078,6,0.6874664272966741,0.0264910887216131,0.0385343744359766,390,baseline+follow-up,0.674077801275544,0.7011260198268616,0.20186323538523965,0.19793188505499001,0.20587415058444514,0.2220053535573741,simulated,cortical area,r,partial correlation,longitudinal,False,-0.14017485320168685
lh-eTIV,lh,,0.5538977923536079,0.001968191448522179,103.0,0.0,0,0.0043793650819558,9.560383873559791e-05,0.0218305249611435,390,baseline+follow-up,0.0042940755624038,0.004466380738554,0.002898026199012313,0.0028415862225460247,0.002955608439320358,0.0,simulated,cortical area,r,partial correlation,longitudinal,False,-0.05989302069864448
rh-eTIV,rh,,0.5538977923536079,0.001968191448522179,103.0,0.0,0,0.0043793650819558,9.560383873559791e-05,0.0218305249611435,390,baseline+follow-up,0.0042940755624038,0.004466380738554,0.002898026199012313,0.0028415862225460247,0.002955608439320358,0.0,simulated,cortical area,r,partial correlation,longitudinal,False,-0.05989302069864448
lh-entorhinal,lh,,0.5886826734136195,0.2782181541566659,103.0,0.0,0,0.7701913518379035,0.0941777311285092,0.1222783544683713,390,baseline+follow-up,0.7551916317570038,0.7854946446514157,0.5862818814467426,0.5748638564465667,0.5979309908292699,0.4113173265834361,simulated,cortical area,r,partial correlation,longitudinal,False,0.02815310677331437
rh-entorhinal,rh,,0.5969606488906953,0.254130579140354,103.0,0.0,0,0.7440525165807369,0.0886946084047927,0.1192047690563365,390,baseline+follow-up,0.72956185858053,0.7588364446301681,0.5801386498496129,0.5688402662270365,0.5916656964853596,0.40303935110636036,simulated,cortical area,r,partial correlation,longitudinal,False,0.017691430255575995
lh-frontalpole,lh,,0.43083942258502445,0.29567273990923976,103.0,0.07692307692307693,2,0.7915072343379755,0.0660561652401174,0.0834561737080868,390,baseline+follow-up,0.776092380706153,0.8072340624076272,0.4743944141889324,0.46515543298796713,0.4838203790638999,0.509460882235712,simulated,cortical area,r,partial correlation,longitudinal,False,0.07455627435104414
rh-frontalpole,rh,,0.5008537184308968,0.2643215333509066,103.0,0.0,0,0.7754735918295115,0.0712466356566868,0.0918749992357579,390,baseline+follow-up,0.7603709984547411,0.7908818399442095,0.5202974293723334,0.5101644724379647,0.5306354627620906,0.49914628156615887,simulated,cortical area,r,partial correlation,longitudinal,False,0.0575509745711196
lh-fusiform,lh,,0.6568290217260832,0.2361107947371398,103.0,0.0,0,0.6207349628618035,0.0238690138348785,0.0384528265088116,390,baseline+follow-up,0.608645953208376,0.6330686366606467,0.48963698125054433,0.480101146236961,0.49936580783178364,0.3431709782709724,simulated,cortical area,r,partial correlation,longitudinal,False,-0.00899673969079788
rh-fusiform,rh,,0.622563668820683,0.18720247681466734,103.0,0.0,0,0.5824541473627107,0.0230943865384401,0.0396501366554071,390,baseline+follow-up,0.5711106686939986,0.5940272017033833,0.43794843285648727,0.42941924866474035,0.446650235452983,0.25369667526554274,simulated,cortical area,r,partial correlation,longitudinal,False,-0.03222719399842599
lh-inferiorparietal,lh,,0.4969986891916693,0.2053953981266288,103.0,0.0,0,0.5441458354057082,0.0196689994471176,0.0361465588217773,390,baseline+follow-up,0.5335484232239225,0.5549577239482055,0.3390391140406994,0.33243622010408064,0.34577564104144737,0.12039013957338691,simulated,cortical area,r,partial correlation,longitudinal,False,-0.06918590276486868
rh-inferiorparietal,rh,,0.19077908298811896,0.15942970798482567,103.0,0.038461538461538464,1,0.4454932527539186,0.0163061596467979,0.0366024839792693,390,baseline+follow-up,0.4368171308092974,0.4543449669117946,0.13304121722696438,0.1304501974591306,0.13568467550344582,0.12449693359413487,simulated,cortical area,r,partial correlation,longitudinal,False,-0.13898771659836345
lh-inferiortemporal,lh,,0.51418977055068,0.24791246087086002,103.0,0.0,0,0.4969251214918371,0.0301485760335058,0.0606702594205655,390,baseline+follow-up,0.4872473476428347,0.5067987595461115,0.30877758649282927,0.3027640453726961,0.31491283302484163,0.06694607409993009,simulated,cortical area,r,partial correlation,longitudinal,False,-0.06957552630156183
rh-inferiortemporal,rh,,0.6809737150000061,0.20067462536942862,103.0,0.0,0,0.5016312366072558,0.0258207103566837,0.0514734898315345,390,baseline+follow-up,0.4918618096784943,0.5115983826676296,0.39728952014374697,0.38955218113181084,0.40518345175436715,0.1554781283972331,simulated,cortical area,r,partial correlation,longitudinal,False,0.0003812762785070874
lh-insula,lh,,0.576989400688143,0.24360290944293733,103.0,0.0,0,0.8120331808027869,0.0436808328528787,0.053791931026384,390,baseline+follow-up,0.7962185778740747,0.8281678485193988,0.6430106146632814,0.6304877796483453,0.655786893824177,0.4230105993089126,simulated,cortical area,r,partial correlation,longitudinal,False,-0.001935261986893394
rh-insula,rh,,0.4891641429516269,0.2992976931691511,103.0,0.07692307692307693,2,0.894053542292942,0.0584461458886576,0.0653720869320234,390,baseline+follow-up,0.8766415668926346,0.9118179109995206,0.7080912239208134,0.6943009234646881,0.7221606201980895,0.5108358570454282,simulated,cortical area,r,partial correlation,longitudinal,False,-2.1630636835823172e-05
lh-isthmuscingulate,lh,,0.2583370690423765,0.2556287327836756,103.0,0.23076923076923078,6,0.6918526473669648,0.0331857610969515,0.0479665160251234,390,baseline+follow-up,0.6783785983232176,0.7055993917587255,0.2105934485833486,0.2064920745909198,0.21477782847879648,0.16517361608835454,simulated,cortical area,r,partial correlation,longitudinal,False,-0.13763463643326107
rh-isthmuscingulate,rh,,0.4710845043364454,0.2633823959262111,103.0,0.0,0,0.6822777263109878,0.0353683026685693,0.0518385714565277,390,baseline+follow-up,0.6689901518820147,0.6958342221103224,0.4276887979553653,0.419359423397006,0.43618674705924915,0.33309062890978386,simulated,cortical area,r,partial correlation,longitudinal,False,0.06830845748723605
lh-lateraloccipital,lh,,0.5543231473295824,0.21899206571731075,103.0,0.0,0,0.5245849830665008,0.0163963404113839,0.0312558325927249,390,baseline+follow-up,0.5143685246683843,0.5350082078693775,0.3396322832375047,0.3330178371432417,0.34638059619493083,0.09073586074784387,simulated,cortical area,r,partial correlation,longitudinal,False,-0.06342641996243494
rh-lateraloccipital,rh,,0.43222779605463735,0.2090137065728494,103.0,0.0,0,0.4784119584952982,0.0156307856936123,0.0326722303154259,390,baseline+follow-up,0.4690947343487788,0.4879177498403564,0.26418439874830535,0.2590393240580881,0.2694336023405808,0.05547813278915885,simulated,cortical area,r,partial correlation,longitudinal,False,-0.08477437319018567
lh-lateralorbitofrontal,lh,,0.6748886665193351,0.2308497291574107,103.0,0.0,0,0.4729793707379882,0.0269326780330776,0.0569426061670611,390,baseline+follow-up,0.4637679479556105,0.4823772194516641,0.37314472133867055,0.3658776099170879,0.38055890862970615,0.11178879193661019,simulated,cortical area,r,partial correlation,longitudinal,False,-0.008823352124917277
rh-lateralorbitofrontal,rh,,0.43737571653777113,0.3347188154179627,103.0,0.11538461538461539,3,0.7577082377921127,0.0649977099225503,0.0857819760702975,390,baseline+follow-up,0.7429516303039186,0.7727634977641611,0.3852997626482803,0.37779592795425265,0.39295546414987853,0.26976318773415,simulated,cortical area,r,partial correlation,longitudinal,False,-0.09392833533658371
lh-lingual,lh,,0.6455676541934761,0.19636789805971763,103.0,0.0,0,0.603464965454846,0.0214100606039885,0.0354785477692997,390,baseline+follow-up,0.5917122944610049,0.6154554935840104,0.476495358078555,0.46721546033110445,0.48596306759198277,0.34924884497811876,simulated,cortical area,r,partial correlation,longitudinal,False,0.00779385018315663
rh-lingual,rh,,0.34681349709922316,0.17469420567036756,103.0,0.0,0,0.5431445856932705,0.0211336628370822,0.038909828789156,390,baseline+follow-up,0.5325666731661899,0.553936579936134,0.2566353634752162,0.2516373086336469,0.2617345717488374,0.11827805588750645,simulated,cortical area,r,partial correlation,longitudinal,False,-0.10137729101610472
lh-medialorbitofrontal,lh,,0.5510108923023529,0.24813903977730575,103.0,0.0,0,0.8320127512025716,0.0507050978860937,0.0609426932613782,390,baseline+follow-up,0.8158090398235786,0.8485444023641242,0.6417245632378091,0.6292267744809826,0.6544752892404017,0.44898910769470257,simulated,cortical area,r,partial correlation,longitudinal,False,-0.02301688824892608
rh-medialorbitofrontal,rh,,0.49680576412817723,0.2849850162774796,103.0,0.0,0,0.7142096698285639,0.041593802839172,0.0582375240721061,390,baseline+follow-up,0.7003002107039762,0.7284006363741461,0.524966772661306,0.5147428787901239,0.5353975834205149,0.503194235868878,simulated,cortical area,r,partial correlation,longitudinal,False,0.03862465513730095
lh-middletemporal,lh,,0.626329636941015,0.27553722310408457,103.0,0.0,0,0.5481240145684629,0.0290427711211207,0.0529857666316372,390,baseline+follow-up,0.5374491260897406,0.5590149474165695,0.38233663639562,0.37489050952218544,0.3899334621534441,0.1348275239061593,simulated,cortical area,r,partial correlation,longitudinal,False,-0.050367890054683534
rh-middletemporal,rh,,0.6117106932754882,0.24274308977709555,103.0,0.0,0,0.4972616003390127,0.0184911090736015,0.0371858777371811,390,baseline+follow-up,0.4875772734580804,0.5071419240491459,0.3860143252829741,0.37849657425571953,0.39368422476434217,0.14556784963002625,simulated,cortical area,r,partial correlation,longitudinal,False,0.02002250657474007
lh-paracentral,lh,,0.6555377942387535,0.20239622044601174,103.0,0.0,0,0.5266117352473596,0.0244144221569034,0.0463613332608995,390,baseline+follow-up,0.5163558052097424,0.5370752305388754,0.3891656147755406,0.38158649138910594,0.39689812870425323,0.1418119298976435,simulated,cortical area,r,partial correlation,longitudinal,False,-0.03720695377403578
rh-paracentral,rh,,0.7179661762753189,0.1811357378471563,103.0,0.0,0,0.5169912601447377,0.0245311489861737,0.047449833057731,390,baseline+follow-up,0.5069226919013555,0.5272636017091321,0.40654187639760536,0.39862434482239845,0.4146196474094728,0.1774941077767669,simulated,cortical area,r,partial correlation,longitudinal,False,0.011954756495727647
lh-parahippocampal,lh,,0.5522795122819262,0.23889047481824477,103.0,0.0,0,0.760495727021465,0.0420777204202641,0.0553293318097453,390,baseline+follow-up,0.7456848322992361,0.7756063729229834,0.6021283252355691,0.590401685732591,0.6140922950339848,0.44772048771512934,simulated,cortical area,r,partial correlation,longitudinal,False,-0.0024786960527213723
rh-parahippocampal,rh,,0.5125516416851521,0.29620749417639586,103.0,0.07692307692307693,2,0.8247878793613079,0.0476932452868283,0.0578248619799803,390,baseline+follow-up,0.8087248746456405,0.8411759761593077,0.6485551382836847,0.6359243219182837,0.6614415841820698,0.48744835831190353,simulated,cortical area,r,partial correlation,longitudinal,False,0.01198831804703217
lh-parsopercularis,lh,,0.4967254145707451,0.31709028815603946,103.0,0.07692307692307693,2,0.8169424984118208,0.0340847006406067,0.0417222763008035,390,baseline+follow-up,0.8010322849705418,0.8331747116600805,0.47946626534482994,0.4701285082390861,0.4889930052066368,0.4440847707601947,simulated,cortical area,r,partial correlation,longitudinal,False,-0.0773053738499777
rh-parsopercularis,rh,,0.569421024135581,0.24755140293467426,103.0,0.0,0,0.6733562838317181,0.028289792269404,0.0420131109617357,390,baseline+follow-up,0.6602424573156338,0.6867355153106298,0.49584801474568296,0.48619121789110015,0.5057002512613806,0.43057897586147453,simulated,cortical area,r,partial correlation,longitudinal,False,0.03814693420085795
lh-parsorbitalis,lh,,0.5928261435130534,0.2862530122042738,103.0,0.07692307692307693,2,0.7058233002063043,0.0385264520565766,0.054583706779467,390,baseline+follow-up,0.6920771682815464,0.7198476340447475,0.5304198544550816,0.5200897600919182,0.5409590150512849,0.40717385648400223,simulated,cortical area,r,partial correlation,longitudinal,False,-0.032396230551677785
rh-parsorbitalis,rh,,0.5299186295286679,0.27746505436461166,103.0,0.0,0,0.6412039850971721,0.0389617467773574,0.060763419571469,390,baseline+follow-up,0.6287163347642205,0.6539443674887913,0.4875756996737887,0.4780800087706079,0.4972635696856445,0.43663326918766826,simulated,cortical area,r,partial correlation,longitudinal,False,0.028528161534828393
lh-parstriangularis,lh,,0.5795889175074483,0.25402018006736604,103.0,0.0,0,0.7425350722244377,0.0306756175962189,0.0413120117064947,390,baseline+follow-up,0.7280739669328252,0.7572888494610127,0.5806250343191625,0.5693171782052663,0.5921617451558115,0.42041108248960735,simulated,cortical area,r,partial correlation,longitudinal,False,-0.015981612616549127
rh-parstriangularis,rh,,0.5374534751340707,0.20149538452294868,103.0,0.0,0,0.6336894898979787,0.0303471177336209,0.0478895708661772,390,baseline+follow-up,0.6213481867348157,0.6462805632638543,0.4615542809983835,0.45256536545084336,0.47072511925123234,0.3585294129619856,simulated,cortical area,r,partial correlation,longitudinal,False,0.040913706225879976
lh-pericalcarine,lh,,0.5542579072246473,0.23756501259244142,103.0,0.038461538461538464,1,0.6638991880671439,0.0390267408668088,0.0587841370621797,390,baseline+follow-up,0.650969541481032,0.677090512079547,0.5231736509231899,0.5129846786647715,0.5335688333064853,0.4457420927724085,simulated,cortical area,r,partial correlation,longitudinal,False,-0.010023886363721767
rh-pericalcarine,rh,,0.18992106401038514,0.1493495626534035,103.0,0.19230769230769232,5,0.6533182991007876,0.041582258965203,0.0636477793786518,390,baseline+follow-up,0.6405947186725517,0.6662993864730453,0.1674054356834548,0.1641451618965825,0.1707316927164949,0.22854287246132846,simulated,cortical area,r,partial correlation,longitudinal,False,-0.14938636559026344
lh-postcentral,lh,,0.6589846826685014,0.22799687973900262,103.0,0.0,0,0.7160327197128848,0.0282698750130035,0.0394812614489729,390,baseline+follow-up,0.7020877561154241,0.7302599092907393,0.5611375418899958,0.5502092108523271,0.5722870466094467,0.34101531732855433,simulated,cortical area,r,partial correlation,longitudinal,False,0.014536843635281694
rh-postcentral,rh,,0.37180719874828283,0.13224300036788553,103.0,0.0,0,0.4702850212711304,0.0200152037709537,0.0425597305158789,390,baseline+follow-up,0.4611260717964658,0.4796293346929144,0.24122347971794414,0.23652557618517206,0.24601646205254055,0.0679392955124507,simulated,cortical area,r,partial correlation,longitudinal,False,-0.09300974691308149
lh-posteriorcingulate,lh,,0.17938019281612716,0.16238454251351453,103.0,0.19230769230769232,5,0.6190755995987346,0.0311167064621826,0.0502631770374273,390,baseline+follow-up,0.60701890656948,0.6313763027314724,0.1455930679381653,0.14275759690933512,0.1484859248171195,0.19648315348460726,simulated,cortical area,r,partial correlation,longitudinal,False,-0.15489315709694151
rh-posteriorcingulate,rh,,0.6383993561077025,0.22735451738584211,103.0,0.0,0,0.6516191031485984,0.0328015987116893,0.0503386081733842,390,baseline+follow-up,0.6389286150987494,0.6645664284003885,0.49443042661155523,0.4848012377340696,0.5042544964044589,0.36160064388935315,simulated,cortical area,r,partial correlation,longitudinal,False,-0.029272059527825658
lh-precentral,lh,,0.5285296636619792,0.21442819294434465,103.0,0.0,0,0.375208329361254,0.0144555548244092,0.0385267428604745,390,baseline+follow-up,0.3679010285210008,0.3826635194469153,0.24270982690582127,0.23798297629164147,0.24753234216906503,0.010712802566893966,simulated,cortical area,r,partial correlation,longitudinal,False,0.06356302575747465
rh-precentral,rh,,0.6366382659512306,0.26923199873470677,103.0,0.0,0,0.3963837640685029,0.0171125588075048,0.0431716946018692,390,baseline+follow-up,0.3886640649424962,0.4042596987873065,0.27698483112196204,0.2715904639642805,0.282488372502225,0.015051729896262207,simulated,cortical area,r,partial correlation,longitudinal,False,0.050014138731768895
lh-precuneus,lh,,0.17483167520329962,0.12496800486434001,103.0,0.15384615384615385,4,0.7216976920720009,0.0231196424802152,0.032035078862229,390,baseline+follow-up,0.7076424013468074,0.7360374416397657,0.1793708306046602,0.17587752696871561,0.18293483367532012,0.3177704016082375,simulated,cortical area,r,partial correlation,longitudinal,False,-0.15136906089399343
rh-precuneus,rh,,0.3247726564662353,0.1573668456965846,103.0,0.0,0,0.4358639442051866,0.0145874244482649,0.0334678393159259,390,baseline+follow-up,0.4273753560889561,0.4445243291200618,0.19937058114287498,0.19548777604207343,0.20333196862710062,0.050763494255733906,simulated,cortical area,r,partial correlation,longitudinal,False,-0.10449587722487043
lh-rostralanteriorcingulate,lh,,0.263749525311445,0.22522936487241926,103.0,0.15384615384615385,4,0.6337741783910102,0.0634466680983883,0.1001092664574361,390,baseline+follow-up,0.6214312258926704,0.6463669344722315,0.2078074909563189,0.20376037436948544,0.21193651535442087,0.14791687770100734,simulated,cortical area,r,partial correlation,longitudinal,False,-0.13222375974486458
rh-rostralanteriorcingulate,rh,,0.632205887037667,0.2610863626438001,103.0,0.0,0,0.5865462066219757,0.0502175554289453,0.0856156852810577,390,baseline+follow-up,0.575123033805443,0.5982005680052492,0.4585615192819383,0.44963088871501805,0.46767289295009845,0.3031562152710935,simulated,cortical area,r,partial correlation,longitudinal,False,-0.016101305742768638
lh-rostralmiddlefrontal,lh,,0.31834824646486953,0.2350682985693842,103.0,0.038461538461538464,1,0.634198955680458,0.0338708715943115,0.0534073279227811,390,baseline+follow-up,0.6218477305101086,0.6468001518606565,0.2642513616364511,0.2591049828228162,0.2695018957457239,0.17428917927157916,simulated,cortical area,r,partial correlation,longitudinal,False,-0.1129744872538788
rh-rostralmiddlefrontal,rh,,0.4914121475444395,0.23976151999799022,103.0,0.038461538461538464,1,0.4370708908445925,0.0273202879758378,0.062507681358153,390,baseline+follow-up,0.4285587970609711,0.4457552571477149,0.2589594481299644,0.2539161310049609,0.26410483473045226,0.026538686269428978,simulated,cortical area,r,partial correlation,longitudinal,False,-0.07607765808068638
lh-superiorfrontal,lh,,0.3520322344102719,0.21261242284803233,103.0,0.038461538461538464,1,0.6193236274797477,0.0228644031003306,0.036918344603409,390,baseline+follow-up,0.6072621040290939,0.6316292587946574,0.2924163388712276,0.2867214382213005,0.29822649610880647,0.1814390688021161,simulated,cortical area,r,partial correlation,longitudinal,False,-0.10144853911816974
rh-superiorfrontal,rh,,0.5619733125158253,0.24240146063432902,103.0,0.0,0,0.5053332211931956,0.0196331263510559,0.0388518417702641,390,baseline+follow-up,0.4954916969442027,0.5153739237197313,0.34933307454483353,0.342529702472856,0.35627413706968153,0.10197200560796736,simulated,cortical area,r,partial correlation,longitudinal,False,-0.05211808153963159
lh-superiorparietal,lh,,0.6138255140415766,0.24944196883034328,103.0,0.0,0,0.7543747853123357,0.0242125665428858,0.0320962033916086,390,baseline+follow-up,0.7396830978650903,0.7693638113553012,0.5264578138650479,0.5162048814950151,0.5369182508205046,0.38617448595547915,simulated,cortical area,r,partial correlation,longitudinal,False,-0.05027234721877742
rh-superiorparietal,rh,,0.20893067354278047,0.19129288026760605,103.0,0.07692307692307693,2,0.4737663193255862,0.0188462919489972,0.0397797208881906,390,baseline+follow-up,0.4645395704706632,0.483179804289444,0.14293720278653158,0.14015345557120837,0.14577728903648346,0.10720975520354595,simulated,cortical area,r,partial correlation,longitudinal,False,-0.1382650537158748
lh-superiortemporal,lh,,0.6771844890396239,0.29051919682779187,103.0,0.0,0,0.5864186635248838,0.019172330833707,0.0326939301666573,390,baseline+follow-up,0.5749979746504911,0.5980704906946058,0.41499028142940503,0.4069082144951544,0.42323591775902797,0.19242408687880014,simulated,cortical area,r,partial correlation,longitudinal,False,-0.04742562731812661
rh-superiortemporal,rh,,0.22490703195847453,0.152527589510849,103.0,0.11538461538461539,3,0.4992573456128098,0.0157775683655844,0.0316020755713036,390,baseline+follow-up,0.489534150961695,0.5091773237208186,0.15987739374583348,0.15676373095576362,0.16305407258663748,0.11455631610430718,simulated,cortical area,r,partial correlation,longitudinal,False,-0.13396800554898128
lh-supramarginal,lh,,0.5712586333879991,0.2968991216025537,103.0,0.0,0,0.754720218864404,0.0278858415131174,0.0369485814956383,390,baseline+follow-up,0.7400218039895197,0.7697161084884552,0.5492098908913553,0.5385138546279339,0.5601223995248674,0.42874136660905643,simulated,cortical area,r,partial correlation,longitudinal,False,-0.04113442895643163
rh-supramarginal,rh,,0.38613448826197,0.18998600882184793,103.0,0.0,0,0.5521026788399864,0.022914307016036,0.041503705550172,390,baseline+follow-up,0.5413503046166809,0.5630726656325556,0.28510401597239016,0.27955152512278336,0.2907688812403814,0.12388175212432169,simulated,cortical area,r,partial correlation,longitudinal,False,-0.09228903421578322
lh-temporalpole,lh,,0.36723863646370336,0.29222315069212423,103.0,0.23076923076923078,6,0.7268552856247384,0.0689056914830267,0.0947997391582585,390,baseline+follow-up,0.7126995491344796,0.7412975138351968,0.31444531129194003,0.30832138943943505,0.3206931725033826,0.20594001886828706,simulated,cortical area,r,partial correlation,longitudinal,False,0.1096432673440034
rh-temporalpole,rh,,0.5248649243540562,0.2792669521585341,103.0,0.07692307692307693,2,0.7014641756534404,0.073177675900541,0.104321330212442,390,baseline+follow-up,0.6878029390575313,0.7154018960038409,0.42304417008582224,0.41480525112366884,0.43144983290250255,0.2708567845731926,simulated,cortical area,r,partial correlation,longitudinal,False,0.07372371521594258
lh-transversetemporal,lh,,0.5331866367141604,0.24505980937779376,103.0,0.0,0,0.6787517180033606,0.0387130557792572,0.0570356652549431,390,baseline+follow-up,0.6655328137009621,0.692238153891654,0.4614550844096534,0.45246810074704075,0.4706239516790059,0.361587774922217,simulated,cortical area,r,partial correlation,longitudinal,False,-0.05521686370934883
rh-transversetemporal,rh,,0.6107136273826753,0.262794026754935,103.0,0.0,0,0.7033700038623495,0.0424899762521394,0.0604091388868138,390,baseline+follow-up,0.6896716506595247,0.717345592006336,0.5533661137268053,0.542589133709631,0.564361204299075,0.38928637261438015,simulated,cortical area,r,partial correlation,longitudinal,False,-0.011549968950683413
lh-BrainSegVolNotVent,lh,,0.3598838548049469,0.09586273834356566,103.0,0.0,0,0.2259511761218401,0.0035163922666224,0.0155626198853076,390,baseline+follow-up,0.2215507055300968,0.2304407059010289,0.09586273834356566,0.11262798584604662,0.11714732526116156,2.015592448368598e-06,sampled,cortical area,r,partial correlation,longitudinal,False,-0.09395835120422111
rh-BrainSegVolNotVent,rh,,0.3598838548049469,0.09586273834356566,103.0,0.0,0,0.2259511761218401,0.0035163922666224,0.0155626198853076,390,baseline+follow-up,0.2215507055300968,0.2304407059010289,0.09586273834356566,0.11262798584604662,0.11714732526116156,2.015592448368598e-06,sampled,cortical area,r,partial correlation,longitudinal,False,-0.09395835120422111
lh-WhiteSurfArea,lh,,0.357430015488785,0.10601485937410576,103.0,0.0,0,0.3037348685015072,0.0066873782221028,0.0220171567890621,390,baseline+follow-up,0.2978195359085617,0.3097699189071764,0.10601485937410576,0.1499700550659995,0.15598779191759504,2.0912540345090445e-05,sampled,cortical area,r,partial correlation,longitudinal,False,-0.09495417116679969
rh-WhiteSurfArea,rh,,0.26842863877732304,0.12343001382501957,103.0,0.0,0,0.2753033951230814,0.0061221505060505,0.0222378314779353,390,baseline+follow-up,0.2699417744630812,0.2807735272637098,0.12343001382501957,0.10858314675477501,0.11294018192023421,0.009800957413865002,sampled,cortical area,r,partial correlation,longitudinal,False,-0.11601103424004465
lh-bankssts,lh,,0.4566574250870016,0.2303460581829346,103.0,0.038461538461538464,1,0.6955203002699123,0.0433077464273456,0.0622666892836041,390,baseline+follow-up,0.6819748225263143,0.7093399189755408,0.2303460581829346,0.4246571028524824,0.44169700255781047,0.01694971797302902,sampled,cortical area,r,partial correlation,longitudinal,False,-0.069273435455639
rh-bankssts,rh,,0.43345905935770734,0.3087827214691268,103.0,0.07692307692307693,2,0.758673214213216,0.0345816786063191,0.0455817840388396,390,baseline+follow-up,0.7438978135041338,0.7737476477538783,0.3087827214691268,0.5195640693510213,0.5404122303090378,0.11861564987655192,sampled,cortical area,r,partial correlation,longitudinal,False,-0.050112456194696425
lh-caudalanteriorcingulate,lh,,0.2518927448495598,0.247132524807176,103.0,0.19230769230769232,5,0.7356941591805468,0.0546968225464474,0.0743472295707383,390,baseline+follow-up,0.7213662828332886,0.7503120111108034,0.247132524807176,0.22864229152358337,0.23781685069093975,0.270219648389807,sampled,cortical area,r,partial correlation,longitudinal,False,-0.1347189473899414
rh-caudalanteriorcingulate,rh,,0.5754412804042125,0.27109801763849767,103.0,0.0,0,0.6306699659754583,0.0407578661126548,0.0646262995093077,390,baseline+follow-up,0.6183874689953398,0.6432010430058344,0.27109801763849767,0.4762289334723368,0.49533821766571323,0.017914033734444744,sampled,cortical area,r,partial correlation,longitudinal,False,-0.0236710719456615
lh-caudalmiddlefrontal,lh,,0.26355785605286786,0.253996011382923,103.0,0.2692307692307692,7,0.6390621296022266,0.0262735086347081,0.0411126045773697,390,baseline+follow-up,0.6266161925822086,0.6517599544635319,0.253996011382923,0.18806900650878272,0.19561551164684374,0.2592491566870618,sampled,cortical area,r,partial correlation,longitudinal,False,-0.13863460759498145
rh-caudalmiddlefrontal,rh,,0.37983965878216375,0.28560503460890335,103.0,0.07692307692307693,2,0.5965261456119033,0.030157119150721,0.0505545639073146,390,baseline+follow-up,0.5849086103282823,0.6083788030786883,0.28560503460890335,0.26722624254831806,0.2779490312196211,0.13179016785294834,sampled,cortical area,r,partial correlation,longitudinal,False,-0.1046089371583092
lh-cuneus,lh,,0.5719943600391447,0.2935022155120219,103.0,0.0,0,0.6381353063689204,0.0267819464325033,0.0419690717081559,390,baseline+follow-up,0.6257074195243956,0.6508147157451752,0.2935022155120219,0.4743427442919505,0.4933763427750371,0.03349868143745346,sampled,cortical area,r,partial correlation,longitudinal,False,-0.029577315466744532
rh-cuneus,rh,,0.22504635241311913,0.21881525856813666,103.0,0.23076923076923078,6,0.6874664272966741,0.0264910887216131,0.0385343744359766,390,baseline+follow-up,0.674077801275544,0.7011260198268616,0.21881525856813666,0.19793188505499001,0.20587415058444514,0.2673598287720044,sampled,cortical area,r,partial correlation,longitudinal,False,-0.14017485320168685
lh-eTIV,lh,,0.5538977923536079,0.001968191448522179,103.0,0.0,0,0.0043793650819558,9.560383873559791e-05,0.0218305249611435,390,baseline+follow-up,0.0042940755624038,0.004466380738554,0.001968191448522179,0.0028415862225460247,0.002955608439320358,0.0,sampled,cortical area,r,partial correlation,longitudinal,False,-0.05989302069864448
rh-eTIV,rh,,0.5538977923536079,0.001968191448522179,103.0,0.0,0,0.0043793650819558,9.560383873559791e-05,0.0218305249611435,390,baseline+follow-up,0.0042940755624038,0.004466380738554,0.001968191448522179,0.0028415862225460247,0.002955608439320358,0.0,sampled,cortical area,r,partial correlation,longitudinal,False,-0.05989302069864448
lh-entorhinal,lh,,0.5886826734136195,0.2782181541566659,103.0,0.0,0,0.7701913518379035,0.0941777311285092,0.1222783544683713,390,baseline+follow-up,0.7551916317570038,0.7854946446514157,0.2782181541566659,0.5748638564465667,0.5979309908292699,0.020196230181912328,sampled,cortical area,r,partial correlation,longitudinal,False,0.02815310677331437
rh-entorhinal,rh,,0.5969606488906953,0.254130579140354,103.0,0.0,0,0.7440525165807369,0.0886946084047927,0.1192047690563365,390,baseline+follow-up,0.72956185858053,0.7588364446301681,0.254130579140354,0.5688402662270365,0.5916656964853596,0.00864725185337254,sampled,cortical area,r,partial correlation,longitudinal,False,0.017691430255575995
lh-frontalpole,lh,,0.43083942258502445,0.29567273990923976,103.0,0.07692307692307693,2,0.7915072343379755,0.0660561652401174,0.0834561737080868,390,baseline+follow-up,0.776092380706153,0.8072340624076272,0.29567273990923976,0.46515543298796713,0.4838203790638999,0.09951266919977698,sampled,cortical area,r,partial correlation,longitudinal,False,0.07455627435104414
rh-frontalpole,rh,,0.5008537184308968,0.2643215333509066,103.0,0.0,0,0.7754735918295115,0.0712466356566868,0.0918749992357579,390,baseline+follow-up,0.7603709984547411,0.7908818399442095,0.2643215333509066,0.5101644724379647,0.5306354627620906,0.02791292891785935,sampled,cortical area,r,partial correlation,longitudinal,False,0.0575509745711196
lh-fusiform,lh,,0.6568290217260832,0.2361107947371398,103.0,0.0,0,0.6207349628618035,0.0238690138348785,0.0384528265088116,390,baseline+follow-up,0.608645953208376,0.6330686366606467,0.2361107947371398,0.480101146236961,0.49936580783178364,0.0026735360110522396,sampled,cortical area,r,partial correlation,longitudinal,False,-0.00899673969079788
rh-fusiform,rh,,0.622563668820683,0.18720247681466734,103.0,0.0,0,0.5824541473627107,0.0230943865384401,0.0396501366554071,390,baseline+follow-up,0.5711106686939986,0.5940272017033833,0.18720247681466734,0.42941924866474035,0.446650235452983,0.00012441943617441328,sampled,cortical area,r,partial correlation,longitudinal,False,-0.03222719399842599
lh-inferiorparietal,lh,,0.4969986891916693,0.2053953981266288,103.0,0.0,0,0.5441458354057082,0.0196689994471176,0.0361465588217773,390,baseline+follow-up,0.5335484232239225,0.5549577239482055,0.2053953981266288,0.33243622010408064,0.34577564104144737,0.003235399177461742,sampled,cortical area,r,partial correlation,longitudinal,False,-0.06918590276486868
rh-inferiorparietal,rh,,0.19077908298811896,0.15942970798482567,103.0,0.038461538461538464,1,0.4454932527539186,0.0163061596467979,0.0366024839792693,390,baseline+follow-up,0.4368171308092974,0.4543449669117946,0.15942970798482567,0.1304501974591306,0.13568467550344582,0.2019662288862417,sampled,cortical area,r,partial correlation,longitudinal,False,-0.13898771659836345
lh-inferiortemporal,lh,,0.51418977055068,0.24791246087086002,103.0,0.0,0,0.4969251214918371,0.0301485760335058,0.0606702594205655,390,baseline+follow-up,0.4872473476428347,0.5067987595461115,0.24791246087086002,0.3027640453726961,0.31491283302484163,0.01499157653022607,sampled,cortical area,r,partial correlation,longitudinal,False,-0.06957552630156183
rh-inferiortemporal,rh,,0.6809737150000061,0.20067462536942862,103.0,0.0,0,0.5016312366072558,0.0258207103566837,0.0514734898315345,390,baseline+follow-up,0.4918618096784943,0.5115983826676296,0.20067462536942862,0.38955218113181084,0.40518345175436715,0.00024005061017525788,sampled,cortical area,r,partial correlation,longitudinal,False,0.0003812762785070874
lh-insula,lh,,0.576989400688143,0.24360290944293733,103.0,0.0,0,0.8120331808027869,0.0436808328528787,0.053791931026384,390,baseline+follow-up,0.7962185778740747,0.8281678485193988,0.24360290944293733,0.6304877796483453,0.655786893824177,0.006779429660144049,sampled,cortical area,r,partial correlation,longitudinal,False,-0.001935261986893394
rh-insula,rh,,0.4891641429516269,0.2992976931691511,103.0,0.07692307692307693,2,0.894053542292942,0.0584461458886576,0.0653720869320234,390,baseline+follow-up,0.8766415668926346,0.9118179109995206,0.2992976931691511,0.6943009234646881,0.7221606201980895,0.06702440281865323,sampled,cortical area,r,partial correlation,longitudinal,False,-2.1630636835823172e-05
lh-isthmuscingulate,lh,,0.2583370690423765,0.2556287327836756,103.0,0.23076923076923078,6,0.6918526473669648,0.0331857610969515,0.0479665160251234,390,baseline+follow-up,0.6783785983232176,0.7055993917587255,0.2556287327836756,0.2064920745909198,0.21477782847879648,0.27586245060087183,sampled,cortical area,r,partial correlation,longitudinal,False,-0.13763463643326107
rh-isthmuscingulate,rh,,0.4710845043364454,0.2633823959262111,103.0,0.0,0,0.6822777263109878,0.0353683026685693,0.0518385714565277,390,baseline+follow-up,0.6689901518820147,0.6958342221103224,0.2633823959262111,0.419359423397006,0.43618674705924915,0.036595025716645656,sampled,cortical area,r,partial correlation,longitudinal,False,0.06830845748723605
lh-lateraloccipital,lh,,0.5543231473295824,0.21899206571731075,103.0,0.0,0,0.5245849830665008,0.0163963404113839,0.0312558325927249,390,baseline+follow-up,0.5143685246683843,0.5350082078693775,0.21899206571731075,0.3330178371432417,0.34638059619493083,0.00281902661445457,sampled,cortical area,r,partial correlation,longitudinal,False,-0.06342641996243494
rh-lateraloccipital,rh,,0.43222779605463735,0.2090137065728494,103.0,0.0,0,0.4784119584952982,0.0156307856936123,0.0326722303154259,390,baseline+follow-up,0.4690947343487788,0.4879177498403564,0.2090137065728494,0.2590393240580881,0.2694336023405808,0.01135390402219633,sampled,cortical area,r,partial correlation,longitudinal,False,-0.08477437319018567
lh-lateralorbitofrontal,lh,,0.6748886665193351,0.2308497291574107,103.0,0.0,0,0.4729793707379882,0.0269326780330776,0.0569426061670611,390,baseline+follow-up,0.4637679479556105,0.4823772194516641,0.2308497291574107,0.3658776099170879,0.38055890862970615,0.0018692008703719732,sampled,cortical area,r,partial correlation,longitudinal,False,-0.008823352124917277
rh-lateralorbitofrontal,rh,,0.43737571653777113,0.3347188154179627,103.0,0.11538461538461539,3,0.7577082377921127,0.0649977099225503,0.0857819760702975,390,baseline+follow-up,0.7429516303039186,0.7727634977641611,0.3347188154179627,0.37779592795425265,0.39295546414987853,0.16182584965459126,sampled,cortical area,r,partial correlation,longitudinal,False,-0.09392833533658371
lh-lingual,lh,,0.6455676541934761,0.19636789805971763,103.0,0.0,0,0.603464965454846,0.0214100606039885,0.0354785477692997,390,baseline+follow-up,0.5917122944610049,0.6154554935840104,0.19636789805971763,0.46721546033110445,0.48596306759198277,0.00021685527661857238,sampled,cortical area,r,partial correlation,longitudinal,False,0.00779385018315663
rh-lingual,rh,,0.34681349709922316,0.17469420567036756,103.0,0.0,0,0.5431445856932705,0.0211336628370822,0.038909828789156,390,baseline+follow-up,0.5325666731661899,0.553936579936134,0.17469420567036756,0.2516373086336469,0.2617345717488374,0.014763536476551617,sampled,cortical area,r,partial correlation,longitudinal,False,-0.10137729101610472
lh-medialorbitofrontal,lh,,0.5510108923023529,0.24813903977730575,103.0,0.0,0,0.8320127512025716,0.0507050978860937,0.0609426932613782,390,baseline+follow-up,0.8158090398235786,0.8485444023641242,0.24813903977730575,0.6292267744809826,0.6544752892404017,0.010327133413022369,sampled,cortical area,r,partial correlation,longitudinal,False,-0.02301688824892608
rh-medialorbitofrontal,rh,,0.49680576412817723,0.2849850162774796,103.0,0.0,0,0.7142096698285639,0.041593802839172,0.0582375240721061,390,baseline+follow-up,0.7003002107039762,0.7284006363741461,0.2849850162774796,0.5147428787901239,0.5353975834205149,0.04743612402415425,sampled,cortical area,r,partial correlation,longitudinal,False,0.03862465513730095
lh-middletemporal,lh,,0.626329636941015,0.27553722310408457,103.0,0.0,0,0.5481240145684629,0.0290427711211207,0.0529857666316372,390,baseline+follow-up,0.5374491260897406,0.5590149474165695,0.27553722310408457,0.37489050952218544,0.3899334621534441,0.01507449189654992,sampled,cortical area,r,partial correlation,longitudinal,False,-0.050367890054683534
rh-middletemporal,rh,,0.6117106932754882,0.24274308977709555,103.0,0.0,0,0.4972616003390127,0.0184911090736015,0.0371858777371811,390,baseline+follow-up,0.4875772734580804,0.5071419240491459,0.24274308977709555,0.37849657425571953,0.39368422476434217,0.004879765877133154,sampled,cortical area,r,partial correlation,longitudinal,False,0.02002250657474007
lh-paracentral,lh,,0.6555377942387535,0.20239622044601174,103.0,0.0,0,0.5266117352473596,0.0244144221569034,0.0463613332608995,390,baseline+follow-up,0.5163558052097424,0.5370752305388754,0.20239622044601174,0.38158649138910594,0.39689812870425323,0.00032443331422144596,sampled,cortical area,r,partial correlation,longitudinal,False,-0.03720695377403578
rh-paracentral,rh,,0.7179661762753189,0.1811357378471563,103.0,0.0,0,0.5169912601447377,0.0245311489861737,0.047449833057731,390,baseline+follow-up,0.5069226919013555,0.5272636017091321,0.1811357378471563,0.39862434482239845,0.4146196474094728,3.245583768997296e-05,sampled,cortical area,r,partial correlation,longitudinal,False,0.011954756495727647
lh-parahippocampal,lh,,0.5522795122819262,0.23889047481824477,103.0,0.0,0,0.760495727021465,0.0420777204202641,0.0553293318097453,390,baseline+follow-up,0.7456848322992361,0.7756063729229834,0.23889047481824477,0.590401685732591,0.6140922950339848,0.007160160411074376,sampled,cortical area,r,partial correlation,longitudinal,False,-0.0024786960527213723
rh-parahippocampal,rh,,0.5125516416851521,0.29620749417639586,103.0,0.07692307692307693,2,0.8247878793613079,0.0476932452868283,0.0578248619799803,390,baseline+follow-up,0.8087248746456405,0.8411759761593077,0.29620749417639586,0.6359243219182837,0.6614415841820698,0.05310146140858989,sampled,cortical area,r,partial correlation,longitudinal,False,0.01198831804703217
lh-parsopercularis,lh,,0.4967254145707451,0.31709028815603946,103.0,0.07692307692307693,2,0.8169424984118208,0.0340847006406067,0.0417222763008035,390,baseline+follow-up,0.8010322849705418,0.8331747116600805,0.31709028815603946,0.4701285082390861,0.4889930052066368,0.08666983050739055,sampled,cortical area,r,partial correlation,longitudinal,False,-0.0773053738499777
rh-parsopercularis,rh,,0.569421024135581,0.24755140293467426,103.0,0.0,0,0.6733562838317181,0.028289792269404,0.0420131109617357,390,baseline+follow-up,0.6602424573156338,0.6867355153106298,0.24755140293467426,0.48619121789110015,0.5057002512613806,0.008485169451660413,sampled,cortical area,r,partial correlation,longitudinal,False,0.03814693420085795
lh-parsorbitalis,lh,,0.5928261435130534,0.2862530122042738,103.0,0.07692307692307693,2,0.7058233002063043,0.0385264520565766,0.054583706779467,390,baseline+follow-up,0.6920771682815464,0.7198476340447475,0.2862530122042738,0.5200897600919182,0.5409590150512849,0.024629285270903554,sampled,cortical area,r,partial correlation,longitudinal,False,-0.032396230551677785
rh-parsorbitalis,rh,,0.5299186295286679,0.27746505436461166,103.0,0.0,0,0.6412039850971721,0.0389617467773574,0.060763419571469,390,baseline+follow-up,0.6287163347642205,0.6539443674887913,0.27746505436461166,0.4780800087706079,0.4972635696856445,0.030343238854943368,sampled,cortical area,r,partial correlation,longitudinal,False,0.028528161534828393
lh-parstriangularis,lh,,0.5795889175074483,0.25402018006736604,103.0,0.0,0,0.7425350722244377,0.0306756175962189,0.0413120117064947,390,baseline+follow-up,0.7280739669328252,0.7572888494610127,0.25402018006736604,0.5693171782052663,0.5921617451558115,0.009874481386636625,sampled,cortical area,r,partial correlation,longitudinal,False,-0.015981612616549127
rh-parstriangularis,rh,,0.5374534751340707,0.20149538452294868,103.0,0.0,0,0.6336894898979787,0.0303471177336209,0.0478895708661772,390,baseline+follow-up,0.6213481867348157,0.6462805632638543,0.20149538452294868,0.45256536545084336,0.47072511925123234,0.0013298893274790067,sampled,cortical area,r,partial correlation,longitudinal,False,0.040913706225879976
lh-pericalcarine,lh,,0.5542579072246473,0.23756501259244142,103.0,0.038461538461538464,1,0.6638991880671439,0.0390267408668088,0.0587841370621797,390,baseline+follow-up,0.650969541481032,0.677090512079547,0.23756501259244142,0.5129846786647715,0.5335688333064853,0.006642568007726829,sampled,cortical area,r,partial correlation,longitudinal,False,-0.010023886363721767
rh-pericalcarine,rh,,0.18992106401038514,0.1493495626534035,103.0,0.19230769230769232,5,0.6533182991007876,0.041582258965203,0.0636477793786518,390,baseline+follow-up,0.6405947186725517,0.6662993864730453,0.1493495626534035,0.1641451618965825,0.1707316927164949,0.17454562728975262,sampled,cortical area,r,partial correlation,longitudinal,False,-0.14938636559026344
lh-postcentral,lh,,0.6589846826685014,0.22799687973900262,103.0,0.0,0,0.7160327197128848,0.0282698750130035,0.0394812614489729,390,baseline+follow-up,0.7020877561154241,0.7302599092907393,0.22799687973900262,0.5502092108523271,0.5722870466094467,0.0017191724787914387,sampled,cortical area,r,partial correlation,longitudinal,False,0.014536843635281694
rh-postcentral,rh,,0.37180719874828283,0.13224300036788553,103.0,0.0,0,0.4702850212711304,0.0200152037709537,0.0425597305158789,390,baseline+follow-up,0.4611260717964658,0.4796293346929144,0.13224300036788553,0.23652557618517206,0.24601646205254055,0.0003989365163093518,sampled,cortical area,r,partial correlation,longitudinal,False,-0.09300974691308149
lh-posteriorcingulate,lh,,0.17938019281612716,0.16238454251351453,103.0,0.19230769230769232,5,0.6190755995987346,0.0311167064621826,0.0502631770374273,390,baseline+follow-up,0.60701890656948,0.6313763027314724,0.16238454251351453,0.14275759690933512,0.1484859248171195,0.24897864223608884,sampled,cortical area,r,partial correlation,longitudinal,False,-0.15489315709694151
rh-posteriorcingulate,rh,,0.6383993561077025,0.22735451738584211,103.0,0.0,0,0.6516191031485984,0.0328015987116893,0.0503386081733842,390,baseline+follow-up,0.6389286150987494,0.6645664284003885,0.22735451738584211,0.4848012377340696,0.5042544964044589,0.0018867526813756631,sampled,cortical area,r,partial correlation,longitudinal,False,-0.029272059527825658
lh-precentral,lh,,0.5285296636619792,0.21442819294434465,103.0,0.0,0,0.375208329361254,0.0144555548244092,0.0385267428604745,390,baseline+follow-up,0.3679010285210008,0.3826635194469153,0.21442819294434465,0.23798297629164147,0.24753234216906503,0.003165571504374295,sampled,cortical area,r,partial correlation,longitudinal,False,0.06356302575747465
rh-precentral,rh,,0.6366382659512306,0.26923199873470677,103.0,0.0,0,0.3963837640685029,0.0171125588075048,0.0431716946018692,390,baseline+follow-up,0.3886640649424962,0.4042596987873065,0.26923199873470677,0.2715904639642805,0.282488372502225,0.011673522069887851,sampled,cortical area,r,partial correlation,longitudinal,False,0.050014138731768895
lh-precuneus,lh,,0.17483167520329962,0.12496800486434001,103.0,0.15384615384615385,4,0.7216976920720009,0.0231196424802152,0.032035078862229,390,baseline+follow-up,0.7076424013468074,0.7360374416397657,0.12496800486434001,0.17587752696871561,0.18293483367532012,0.14598651561619785,sampled,cortical area,r,partial correlation,longitudinal,False,-0.15136906089399343
rh-precuneus,rh,,0.3247726564662353,0.1573668456965846,103.0,0.0,0,0.4358639442051866,0.0145874244482649,0.0334678393159259,390,baseline+follow-up,0.4273753560889561,0.4445243291200618,0.1573668456965846,0.19548777604207343,0.20333196862710062,0.01146642971665182,sampled,cortical area,r,partial correlation,longitudinal,False,-0.10449587722487043
lh-rostralanteriorcingulate,lh,,0.263749525311445,0.22522936487241926,103.0,0.15384615384615385,4,0.6337741783910102,0.0634466680983883,0.1001092664574361,390,baseline+follow-up,0.6214312258926704,0.6463669344722315,0.22522936487241926,0.20376037436948544,0.21193651535442087,0.18846467467382777,sampled,cortical area,r,partial correlation,longitudinal,False,-0.13222375974486458
rh-rostralanteriorcingulate,rh,,0.632205887037667,0.2610863626438001,103.0,0.0,0,0.5865462066219757,0.0502175554289453,0.0856156852810577,390,baseline+follow-up,0.575123033805443,0.5982005680052492,0.2610863626438001,0.44963088871501805,0.46767289295009845,0.008939678498247342,sampled,cortical area,r,partial correlation,longitudinal,False,-0.016101305742768638
lh-rostralmiddlefrontal,lh,,0.31834824646486953,0.2350682985693842,103.0,0.038461538461538464,1,0.634198955680458,0.0338708715943115,0.0534073279227811,390,baseline+follow-up,0.6218477305101086,0.6468001518606565,0.2350682985693842,0.2591049828228162,0.2695018957457239,0.1153683403366021,sampled,cortical area,r,partial correlation,longitudinal,False,-0.1129744872538788
rh-rostralmiddlefrontal,rh,,0.4914121475444395,0.23976151999799022,103.0,0.038461538461538464,1,0.4370708908445925,0.0273202879758378,0.062507681358153,390,baseline+follow-up,0.4285587970609711,0.4457552571477149,0.23976151999799022,0.2539161310049609,0.26410483473045226,0.014845374877112794,sampled,cortical area,r,partial correlation,longitudinal,False,-0.07607765808068638
lh-superiorfrontal,lh,,0.3520322344102719,0.21261242284803233,103.0,0.038461538461538464,1,0.6193236274797477,0.0228644031003306,0.036918344603409,390,baseline+follow-up,0.6072621040290939,0.6316292587946574,0.21261242284803233,0.2867214382213005,0.29822649610880647,0.04632516809131466,sampled,cortical area,r,partial correlation,longitudinal,False,-0.10144853911816974
rh-superiorfrontal,rh,,0.5619733125158253,0.24240146063432902,103.0,0.0,0,0.5053332211931956,0.0196331263510559,0.0388518417702641,390,baseline+follow-up,0.4954916969442027,0.5153739237197313,0.24240146063432902,0.342529702472856,0.35627413706968153,0.007458842988673497,sampled,cortical area,r,partial correlation,longitudinal,False,-0.05211808153963159
lh-superiorparietal,lh,,0.6138255140415766,0.24944196883034328,103.0,0.0,0,0.7543747853123357,0.0242125665428858,0.0320962033916086,390,baseline+follow-up,0.7396830978650903,0.7693638113553012,0.24944196883034328,0.5162048814950151,0.5369182508205046,0.006372739045836468,sampled,cortical area,r,partial correlation,longitudinal,False,-0.05027234721877742
rh-superiorparietal,rh,,0.20893067354278047,0.19129288026760605,103.0,0.07692307692307693,2,0.4737663193255862,0.0188462919489972,0.0397797208881906,390,baseline+follow-up,0.4645395704706632,0.483179804289444,0.19129288026760605,0.14015345557120837,0.14577728903648346,0.23855553448412786,sampled,cortical area,r,partial correlation,longitudinal,False,-0.1382650537158748
lh-superiortemporal,lh,,0.6771844890396239,0.29051919682779187,103.0,0.0,0,0.5864186635248838,0.019172330833707,0.0326939301666573,390,baseline+follow-up,0.5749979746504911,0.5980704906946058,0.29051919682779187,0.4069082144951544,0.42323591775902797,0.02008727315260913,sampled,cortical area,r,partial correlation,longitudinal,False,-0.04742562731812661
rh-superiortemporal,rh,,0.22490703195847453,0.152527589510849,103.0,0.11538461538461539,3,0.4992573456128098,0.0157775683655844,0.0316020755713036,390,baseline+follow-up,0.489534150961695,0.5091773237208186,0.152527589510849,0.15676373095576362,0.16305407258663748,0.09732969597204373,sampled,cortical area,r,partial correlation,longitudinal,False,-0.13396800554898128
lh-supramarginal,lh,,0.5712586333879991,0.2968991216025537,103.0,0.0,0,0.754720218864404,0.0278858415131174,0.0369485814956383,390,baseline+follow-up,0.7400218039895197,0.7697161084884552,0.2968991216025537,0.5385138546279339,0.5601223995248674,0.03646917426179541,sampled,cortical area,r,partial correlation,longitudinal,False,-0.04113442895643163
rh-supramarginal,rh,,0.38613448826197,0.18998600882184793,103.0,0.0,0,0.5521026788399864,0.022914307016036,0.041503705550172,390,baseline+follow-up,0.5413503046166809,0.5630726656325556,0.18998600882184793,0.27955152512278336,0.2907688812403814,0.01223219115564861,sampled,cortical area,r,partial correlation,longitudinal,False,-0.09228903421578322
lh-temporalpole,lh,,0.36723863646370336,0.29222315069212423,103.0,0.23076923076923078,6,0.7268552856247384,0.0689056914830267,0.0947997391582585,390,baseline+follow-up,0.7126995491344796,0.7412975138351968,0.29222315069212423,0.30832138943943505,0.3206931725033826,0.15989293369243382,sampled,cortical area,r,partial correlation,longitudinal,False,0.1096432673440034
rh-temporalpole,rh,,0.5248649243540562,0.2792669521585341,103.0,0.07692307692307693,2,0.7014641756534404,0.073177675900541,0.104321330212442,390,baseline+follow-up,0.6878029390575313,0.7154018960038409,0.2792669521585341,0.41480525112366884,0.43144983290250255,0.033064542622475525,sampled,cortical area,r,partial correlation,longitudinal,False,0.07372371521594258
lh-transversetemporal,lh,,0.5331866367141604,0.24505980937779376,103.0,0.0,0,0.6787517180033606,0.0387130557792572,0.0570356652549431,390,baseline+follow-up,0.6655328137009621,0.692238153891654,0.24505980937779376,0.45246810074704075,0.4706239516790059,0.011087559765959059,sampled,cortical area,r,partial correlation,longitudinal,False,-0.05521686370934883
rh-transversetemporal,rh,,0.6107136273826753,0.262794026754935,103.0,0.0,0,0.7033700038623495,0.0424899762521394,0.0604091388868138,390,baseline+follow-up,0.6896716506595247,0.717345592006336,0.262794026754935,0.542589133709631,0.564361204299075,0.010766143836202342,sampled,cortical area,r,partial correlation,longitudinal,False,-0.011549968950683413
3rd-Ventricle,,,0.7469246557764383,0.14163605512760763,103.0,0.0,0,0.4002621020410591,0.0252802645398518,0.0631592759118089,390,baseline+follow-up,0.3924668710568608,0.4082150972740871,0.3065715158478398,0.3006009386509896,0.3126629289286364,0.03228998772148619,simulated,subcortical volume,r,partial correlation,longitudinal,False,-0.02587068497130932
4th-Ventricle,,,0.18232232048016794,0.1747172081612792,103.0,0.3076923076923077,8,0.4418529063488977,0.0303452343404945,0.0686772315050322,390,baseline+follow-up,0.4332476813014469,0.4506322887585065,0.10413207578939306,0.10210407069097607,0.10620112479037341,0.06605029553995789,simulated,subcortical volume,r,partial correlation,longitudinal,False,-0.15476109545112243
Brain-Stem,,,0.0645412387975677,0.07989905959623941,103.0,0.5384615384615384,14,0.4276468446979438,0.01328770857307,0.0310716862238407,390,baseline+follow-up,0.4193182871925368,0.4361439602129004,0.03714903713387809,0.036425547890648585,0.0378871687574586,0.40886117501285696,simulated,subcortical volume,r,partial correlation,longitudinal,False,-0.20794377347185528
BrainSegVol,,,0.3307251701467455,0.09235134333949327,103.0,0.0,0,0.2308937198079375,0.0034063546802356,0.0147529117858603,390,baseline+follow-up,0.2263969916152719,0.2354814553032662,0.11081512524496619,0.10865696564548764,0.11301696288666782,0.00020107372379169392,simulated,subcortical volume,r,partial correlation,longitudinal,False,-0.09983995882696704
BrainSegVol-to-eTIV,,,0.9255597506169176,0.05234467522247818,103.0,0.0,0,0.1639922843869211,0.0034070737656566,0.020775817462351,390,baseline+follow-up,0.1607984828006513,0.1672507239177482,0.1297387978759796,0.12721209376909978,0.13231663883515338,2.1143846663588872e-05,simulated,subcortical volume,r,partial correlation,longitudinal,False,0.004697825160829806
BrainSegVolNotVent,,,0.3598838548049469,0.09586273834356566,103.0,0.0,0,0.2259511761218401,0.0035163922666224,0.0155626198853076,390,baseline+follow-up,0.2215507055300968,0.2304407059010289,0.11486501839503789,0.11262798584604662,0.11714732526116156,7.828298049455265e-05,simulated,subcortical volume,r,partial correlation,longitudinal,False,-0.09395835120422111
CC_Anterior,,,0.5873058568260268,0.25360666275775934,103.0,0.0,0,0.8272891248246738,0.0550077641462893,0.0664915837712082,390,baseline+follow-up,0.811177407562813,0.8437269200406485,0.586316675757129,0.5748979731267578,0.5979664764841109,0.412694143171029,simulated,subcortical volume,r,partial correlation,longitudinal,False,0.04711223680005782
CC_Central,,,0.5708087003715133,0.24017724418301123,103.0,0.0,0,0.6789315102001462,0.0843430005565203,0.1242290264767006,390,baseline+follow-up,0.6657091043878721,0.6924215184638323,0.5376048537978126,0.5271348293008388,0.5482867765122147,0.4291912996255424,simulated,subcortical volume,r,partial correlation,longitudinal,False,0.0020185522608284568
CC_Mid_Anterior,,,0.6106786217058301,0.22885112238388924,103.0,0.0,0,0.664023666368263,0.0778951924417395,0.1173078557090756,390,baseline+follow-up,0.6510915955278819,0.6772174636983506,0.5079173885990048,0.4980255368727729,0.5180094371584398,0.3893213782912254,simulated,subcortical volume,r,partial correlation,longitudinal,False,-0.026379597255502728
CC_Mid_Posterior,,,0.5319931175002177,0.2550156138555523,103.0,0.0,0,0.7465825219814721,0.0838638368347153,0.1123302975431784,390,baseline+follow-up,0.7320425913261989,0.7614167198935482,0.505910162782157,0.496057402413313,0.5159623288314278,0.4680068824968379,simulated,subcortical volume,r,partial correlation,longitudinal,False,0.055805263838381976
CC_Posterior,,,0.379861076694835,0.2841251736392658,103.0,0.038461538461538464,1,0.9292757386289316,0.1135149153427008,0.1221541794582763,390,baseline+follow-up,0.911177799819124,0.9477399536565296,0.5142407301342393,0.5042257293324196,0.524458420129199,0.6201389233022205,simulated,subcortical volume,r,partial correlation,longitudinal,False,0.08452679909584972
CSF,,,0.6204006038644689,0.2675625744992829,103.0,0.0,0,0.5974901055104201,0.04999787621757,0.0836798396432995,390,baseline+follow-up,0.5858537968030098,0.6093619163480555,0.40957009632100694,0.4015935892053892,0.41770803645328963,0.18982903054964664,simulated,subcortical volume,r,partial correlation,longitudinal,False,0.05370819905285861
CerebralWhiteMatterVol,,,0.8606172831651107,0.0865885438174259,103.0,0.0,0,0.2327052635804351,0.0058338743266614,0.0250697996121816,390,baseline+follow-up,0.228173255000062,0.2373289934877094,0.18367501959525778,0.18009789051790803,0.18732454461353581,0.00032137478845570814,simulated,subcortical volume,r,partial correlation,longitudinal,False,-0.008260589678018525
CortexVol,,,0.2119350174881124,0.04859639207160684,103.0,0.0,0,0.1419785270211943,0.0038332543593074,0.0269988317228792,390,baseline+follow-up,0.1392134503194961,0.1447995648932136,0.049897960904585814,0.04892618234021938,0.05088940686758952,3.3268490431119525e-06,simulated,subcortical volume,r,partial correlation,longitudinal,False,-0.12695959868146914
EstimatedTotalIntraCranialVol,,,0.5538977923536079,0.001968191448522179,103.0,0.0,0,0.0043793650819558,9.560383873559791e-05,0.0218305249611435,390,baseline+follow-up,0.0042940755624038,0.004466380738554,0.002898026199012313,0.0028415862225460247,0.002955608439320358,0.0,simulated,subcortical volume,r,partial correlation,longitudinal,False,-0.05989302069864448
Left-Accumbens-area,,,0.6807554376537838,0.19795942747830425,103.0,0.0,0,0.5442618871361837,0.081005684064671,0.1488358563758883,390,baseline+follow-up,0.5336622148102561,0.5550760815648855,0.4235298920686307,0.4152815135172961,0.43194520592295393,0.21153559623053114,simulated,subcortical volume,r,partial correlation,longitudinal,False,-0.018767331278496942
Left-Amygdala,,,0.5824192916736707,0.25690362761620406,103.0,0.038461538461538464,1,0.5926464814872665,0.0469547775480259,0.0792289822259491,390,baseline+follow-up,0.5811045038890682,0.6044220520898902,0.4465467569171403,0.43785011764586423,0.4554194036428147,0.2909460471938498,simulated,subcortical volume,r,partial correlation,longitudinal,False,-0.03157099741454282
Left-Caudate,,,0.6564783718955429,0.20660765585044327,103.0,0.0,0,0.452558734995989,0.0168429187216333,0.0372170890078667,390,baseline+follow-up,0.4437450105508791,0.4615508365307955,0.3334221187159711,0.32692861753917174,0.3400470390049826,0.05788374461008657,simulated,subcortical volume,r,partial correlation,longitudinal,False,-0.03801664548501385
Left-Cerebellum-Cortex,,,0.3812342799222307,0.14756572975717383,103.0,0.0,0,0.3673318499335827,0.0094609679413408,0.0257559151025196,390,baseline+follow-up,0.3601779460204127,0.3746305385592709,0.19032681200963708,0.18662013717198525,0.19410850460784063,0.013660524332104362,simulated,subcortical volume,r,partial correlation,longitudinal,False,-0.09192766915237212
Left-Cerebellum-White-Matter,,,0.480364273617567,0.29534060279904384,103.0,0.0,0,0.5406572131370063,0.0393840135776137,0.0728447020046204,390,baseline+follow-up,0.5301277429768672,0.5513997846091856,0.3194928688835408,0.31327064425110257,0.32584102238161183,0.10013110414565,simulated,subcortical volume,r,partial correlation,longitudinal,False,0.07642013008599774
Left-Hippocampus,,,0.6701233384570439,0.24843511922828215,103.0,0.0,0,0.610305954456862,0.0232723144368352,0.0381322093728322,390,baseline+follow-up,0.5984200530393582,0.6224324094015925,0.4817348901086837,0.4723529508184149,0.49130670633880136,0.3298766615400117,simulated,subcortical volume,r,partial correlation,longitudinal,False,-0.00821417326725756
Left-Inf-Lat-Vent,,,0.581438923825325,0.2413233948852175,103.0,0.0,0,0.5533218865008883,0.1140936661769373,0.206197638229071,390,baseline+follow-up,0.5425457678229217,0.5643160983016853,0.41716434876240177,0.40903994117948744,0.42545318265444054,0.22145881051003596,simulated,subcortical volume,r,partial correlation,longitudinal,False,-0.03138237315643969
Left-Lateral-Ventricle,,,0.4461773217904121,0.1392184534254912,103.0,0.0,0,0.1750509806410287,0.0098180340596584,0.0560867127033807,390,baseline+follow-up,0.1716418074488905,0.1785291505888599,0.1012566594247865,0.09928465396916245,0.10326857543085158,1.6175006793318094e-08,simulated,subcortical volume,r,partial correlation,longitudinal,False,-0.07915058439809054
Left-Pallidum,,,0.6932004699623099,0.2178303838843211,103.0,0.0,0,0.5578097255531542,0.0380447531849873,0.0682038183311703,390,baseline+follow-up,0.5469462047907687,0.5688931083306868,0.44054207883054325,0.43196238256344394,0.4492954157940516,0.2529807890013749,simulated,subcortical volume,r,partial correlation,longitudinal,False,-0.007508871013658385
Left-Putamen,,,0.7071096930479174,0.23475404979082404,103.0,0.0,0,0.5934137200498346,0.0254773642865596,0.0429335612335016,390,baseline+follow-up,0.58185680023806,0.6052045352749184,0.4553943030743075,0.4465253550443786,0.46444274583975964,0.2928903069491382,simulated,subcortical volume,r,partial correlation,longitudinal,False,-0.025109971768534082
Left-Thalamus,,,0.5951102759789813,0.24338262152577061,103.0,0.0,0,0.5204235988066399,0.0263912703745696,0.0507111330752223,390,baseline+follow-up,0.5102881846826482,0.5307641391159993,0.3734423717417374,0.36616946348444973,0.38086247318808425,0.12846474431168506,simulated,subcortical volume,r,partial correlation,longitudinal,False,-0.04440481018433034
Left-VentralDC,,,0.6183676638598575,0.25804461755109936,103.0,0.0,0,0.518629501010731,0.0229529828958855,0.044256994349827,390,baseline+follow-up,0.508529027508537,0.5289343935504273,0.37798613775975926,0.3706247382227127,0.3854965214219269,0.12915241774303404,simulated,subcortical volume,r,partial correlation,longitudinal,False,-0.040760383592802096
Left-choroid-plexus,,,0.6424796298670269,0.26952319343175307,103.0,0.0,0,0.6322591741813464,0.0962644965045809,0.1522548037823649,390,baseline+follow-up,0.6199457268689738,0.6448218279341282,0.4969636160252796,0.487285092483068,0.5068380189454741,0.3575203701300287,simulated,subcortical volume,r,partial correlation,longitudinal,False,0.01232014253451056
Left-vessel,,,0.24363086530117592,0.2433935474636631,103.0,0.23076923076923078,6,0.9169776480491044,0.8206685305389285,0.8949711394655299,390,baseline+follow-up,0.8991192184415057,0.9351975065531694,0.2668620504558316,0.26166482765204335,0.27216445756439567,0.3425596866278994,simulated,subcortical volume,r,partial correlation,longitudinal,False,0.14079786291656954
MaskVol,,,0.5983850670228107,0.09130311679786882,103.0,0.0,0,0.1433701320509625,0.002290377463985,0.0159752762393417,390,baseline+follow-up,0.1405779534013395,0.1462188203753018,0.09825344916825259,0.09633993218187013,0.10020569298269069,1.0729566425395922e-13,simulated,subcortical volume,r,partial correlation,longitudinal,False,-0.05375451943071545
MaskVol-to-eTIV,,,0.8017956968187359,0.05757108575640175,103.0,0.0,0,0.0987904978786462,0.0022918380920442,0.0231989729908994,390,baseline+follow-up,0.0968665216988354,0.1007534125655249,0.07574172318050669,0.07426662917504752,0.0772466709642819,2.543893925860897e-24,simulated,subcortical volume,r,partial correlation,longitudinal,False,0.025482934076542695
Optic-Chiasm,,,0.41431963133177585,0.2524986100011663,103.0,0.0,0,0.7423883909393134,0.1937340610940024,0.260960520744241,390,baseline+follow-up,0.7279301423121035,0.7571392536967124,0.3873606215218791,0.37981665094972655,0.3950572711939739,0.30462215482073224,simulated,subcortical volume,r,partial correlation,longitudinal,False,-0.09116874275278536
Right-Accumbens-area,,,0.5833063932050926,0.2386219328970443,103.0,0.0,0,0.5362698339922046,0.0611908697066784,0.1141046276109723,390,baseline+follow-up,0.5258258094280251,0.5469252305726163,0.4097425250055235,0.40176265978675973,0.4178838912041238,0.20423695911652318,simulated,subcortical volume,r,partial correlation,longitudinal,False,-0.0267965957127458
Right-Amygdala,,,0.41199294163968925,0.25995418307785984,103.0,0.038461538461538464,1,0.580230428886389,0.0363417528233613,0.0626333108608427,390,baseline+follow-up,0.5689302578380545,0.5917592991228169,0.29830666575277137,0.29249704912453917,0.30423386065484803,0.12051374380450026,simulated,subcortical volume,r,partial correlation,longitudinal,False,-0.09276300368584348
Right-Caudate,,,0.2067492404836602,0.15917405802830525,103.0,0.07692307692307693,2,0.5109226384487832,0.0231209560452689,0.0452533403402649,390,baseline+follow-up,0.5009722585315863,0.5210743997254789,0.1518919495221335,0.14893380578299986,0.1549099618303808,0.13561324473709843,simulated,subcortical volume,r,partial correlation,longitudinal,False,-0.1393066618596216
Right-Cerebellum-Cortex,,,0.6314461142234694,0.2060615526883152,103.0,0.0,0,0.3696342571946054,0.0099111068877311,0.0268132801406259,390,baseline+follow-up,0.3624355131720975,0.3769786934288682,0.2565168013190296,0.2515210555129367,0.2616136538256218,0.007553939719994594,simulated,subcortical volume,r,partial correlation,longitudinal,False,-0.0513717291676979
Right-Cerebellum-White-Matter,,,0.4509000084440447,0.2733337748547717,103.0,0.0,0,0.5828623229957879,0.0436856908468538,0.0749502740584066,390,baseline+follow-up,0.5715108949775727,0.5944434875693493,0.338820239118608,0.3322216078402964,0.34555241719098334,0.15657359554459002,simulated,subcortical volume,r,partial correlation,longitudinal,False,0.07852820820473316
Right-Hippocampus,,,0.587825259960938,0.23104035747240503,103.0,0.0,0,0.6302122361696282,0.0212491968664773,0.0337175250604907,390,baseline+follow-up,0.6179386536221941,0.6427342183520403,0.49902815882247487,0.48930942765656155,0.5089435831107697,0.4121747400361176,simulated,subcortical volume,r,partial correlation,longitudinal,False,-0.0020070497588306237
Right-Inf-Lat-Vent,,,0.17326752718344898,0.14891009869824606,103.0,0.2692307692307692,7,0.6076548439411439,0.1008170419709849,0.1659116897959754,390,baseline+follow-up,0.5958205737391093,0.6197286227289607,0.13065566820741503,0.12811110776095264,0.13325172689276885,0.16924208620991626,simulated,subcortical volume,r,partial correlation,longitudinal,False,-0.16043662540670653
Right-Lateral-Ventricle,,,0.7118028278511166,0.12847179325239674,103.0,0.0,0,0.1884897402528028,0.0106541105529863,0.0565235568720981,390,baseline+follow-up,0.1848188429684243,0.1922349312115797,0.13928003616272241,0.13656751342364842,0.14204745645559957,3.130015067914811e-08,simulated,subcortical volume,r,partial correlation,longitudinal,False,-0.0372333780755671
Right-Pallidum,,,0.643361807845885,0.21541676539213905,103.0,0.0,0,0.572812572781918,0.0389047542958497,0.0679188204736938,390,baseline+follow-up,0.561656866826449,0.584194054160052,0.448329134759239,0.43959778311597114,0.45723719638532334,0.2744727021683945,simulated,subcortical volume,r,partial correlation,longitudinal,False,-0.015386238878832996
Right-Putamen,,,0.4362704976160166,0.2854437388365769,103.0,0.038461538461538464,1,0.6574161173265474,0.0317093910138104,0.048233364193686,390,baseline+follow-up,0.6446127305927977,0.6704786261690094,0.3712902937844145,0.36405929792574726,0.37866763458555314,0.23917716812499124,simulated,subcortical volume,r,partial correlation,longitudinal,False,0.08209743417907157
Right-Thalamus,,,0.14499147484522673,0.12427342937287207,103.0,0.15384615384615385,4,0.4915500127265285,0.0245322038689191,0.0499078491176186,390,baseline+follow-up,0.481976920820126,0.5013168502264423,0.10722707542223756,0.10513879422745522,0.10935762042096721,0.19283021086674865,simulated,subcortical volume,r,partial correlation,longitudinal,False,-0.15955802101215605
Right-VentralDC,,,0.7248851143178153,0.17364162980884063,103.0,0.0,0,0.522789522649814,0.0240096210969952,0.0459259798767578,390,baseline+follow-up,0.5126080314109657,0.533177072608477,0.4075562278022127,0.3996189414127036,0.41565415343737405,0.18112579355544514,simulated,subcortical volume,r,partial correlation,longitudinal,False,0.017779105042147744
Right-choroid-plexus,,,0.356823115795834,0.2186050035380167,103.0,0.0,0,0.5814554113331754,0.0842754513827903,0.1449388031140023,390,baseline+follow-up,0.5701313833643991,0.5930086213197574,0.27761743920124005,0.27221075180120907,0.2831335501678147,0.14493485125046934,simulated,subcortical volume,r,partial correlation,longitudinal,False,-0.10035385466896221
Right-vessel,,,0.5703106987569179,0.2670880717907035,102.5,0.0,0,0.7054345090335055,0.6783963641930024,0.9616716442217332,390,baseline+follow-up,0.691695948939758,0.719451117797983,0.5352327800254811,0.5248089524151788,0.5458675708947558,0.42968930124013766,simulated,subcortical volume,r,partial correlation,longitudinal,False,-0.029352919952842366
SubCortGrayVol,,,0.3048639998434271,0.2057761004847163,103.0,0.07692307692307693,2,0.429201747094905,0.0083756581745378,0.0195145015863269,390,baseline+follow-up,0.4208429073737189,0.4377297576940771,0.176993785292596,0.17354677536563107,0.18051055773627642,0.038662551417490296,simulated,subcortical volume,r,partial correlation,longitudinal,False,-0.11387529122960983
SupraTentorialVol,,,0.29972728465882426,0.0876112260889329,103.0,0.0,0,0.2445600032601116,0.0037973925536291,0.0155274472645072,390,baseline+follow-up,0.2397971198764799,0.2494192805441685,0.10952584913759292,0.10739279859792326,0.11170206954827591,0.0008253691973395488,simulated,subcortical volume,r,partial correlation,longitudinal,False,-0.10647717971381264
SupraTentorialVolNotVent,,,0.3292593022491523,0.0917615420195558,103.0,0.0,0,0.2392631990714389,0.0039347502811608,0.0164452799111242,390,baseline+follow-up,0.2346034726240203,0.2440172316714551,0.1144908934792277,0.11226114713125526,0.11676576668211719,0.0003478335108019996,simulated,subcortical volume,r,partial correlation,longitudinal,False,-0.1001344893053738
SurfaceHoles,,,0.6184752186234679,0.20913934346460392,103.0,0.0,0,0.5590604234270993,0.4137834792872959,0.7401408898715449,390,baseline+follow-up,0.5481725449281978,0.5701686569066562,0.44076887115382196,0.43218475803452405,0.44952671436025643,0.2618047431184347,simulated,subcortical volume,r,partial correlation,longitudinal,False,0.00953310914579563
TotalGrayVol,,,0.17444244034948192,0.042814060712741416,103.0,0.0,0,0.1365551964669927,0.0031609476369908,0.0231477652903157,390,baseline+follow-up,0.133895740842479,0.1392684756433355,0.04134198962056001,0.040536841302007645,0.0421634329815467,2.617846956942347e-05,simulated,subcortical volume,r,partial correlation,longitudinal,False,-0.13801946718276142
WM-hypointensities,,,0.3747999164596068,0.33886258977662304,103.0,0.0,0,0.7021222019024588,0.6615241233620535,0.9421780447471944,390,baseline+follow-up,0.6884481500373083,0.7160729968846941,0.37566959229964003,0.3683533082178288,0.3831339474347313,0.3360023287119622,simulated,subcortical volume,r,partial correlation,longitudinal,False,0.08839349671537791
lhCerebralWhiteMatterVol,,,0.7399845030080981,0.1421165306768907,103.0,0.0,0,0.3035872376913366,0.0077970312503649,0.0256830007402761,390,baseline+follow-up,0.2976747802550941,0.3096193547512716,0.2280469689217428,0.22360568210261508,0.23257814098997684,0.0015191391367976553,simulated,subcortical volume,r,partial correlation,longitudinal,False,-0.03252589367451398
lhCortexVol,,,0.2732912004127803,0.10954905717231549,103.0,0.0,0,0.2090627907936135,0.0055975705198605,0.0267745900579048,390,baseline+follow-up,0.2049912268455729,0.2132167573323057,0.08658424447026906,0.08489798893471799,0.08830462738940124,0.00015688737335420853,simulated,subcortical volume,r,partial correlation,longitudinal,False,-0.11350232915467477
lhSurfaceHoles,,,0.5353406874531508,0.25770413009413096,103.0,0.0,0,0.6645098892685866,0.606190378216169,0.912236804908037,390,baseline+follow-up,0.6515683490834973,0.6777133475892819,0.5091355398434375,0.4992199642365894,0.5192517924206667,0.46465931254390486,simulated,subcortical volume,r,partial correlation,longitudinal,False,-0.025741718167691136
rhCerebralWhiteMatterVol,,,0.8025251108816371,0.15404051348573702,103.0,0.0,0,0.2923462757670543,0.0077398449485129,0.0264749223440771,390,baseline+follow-up,0.286652739618232,0.2981550408879909,0.22830390973224152,0.2238576189095949,0.23284018707781923,0.002371583470002379,simulated,subcortical volume,r,partial correlation,longitudinal,False,0.016772960241122185
rhCortexVol,,,0.18830440671250337,0.04977378934357357,103.0,0.0,0,0.1692788233025303,0.0047994374043694,0.0283522611436875,390,baseline+follow-up,0.1659820646994859,0.1726423035518783,0.0540690813539863,0.053016068900125515,0.05514340526341888,0.00028788612119614795,simulated,subcortical volume,r,partial correlation,longitudinal,False,-0.13415627921861611
rhSurfaceHoles,,,0.6306100347897758,0.23950290657441278,103.0,0.0,0,0.6492047494386912,0.7112805390575099,1.0956182000709176,390,baseline+follow-up,0.6365612816906653,0.6621041027654656,0.497857757223267,0.4881618199985327,0.50774992625384,0.36938996520727974,simulated,subcortical volume,r,partial correlation,longitudinal,False,0.025389227133917447
3rd-Ventricle,,,0.7469246557764383,0.14163605512760763,103.0,0.0,0,0.4002621020410591,0.0252802645398518,0.0631592759118089,390,baseline+follow-up,0.3924668710568608,0.4082150972740871,0.14163605512760763,0.3006009386509896,0.3126629289286364,5.590335450312366e-08,sampled,subcortical volume,r,partial correlation,longitudinal,False,-0.02587068497130932
4th-Ventricle,,,0.18232232048016794,0.1747172081612792,103.0,0.3076923076923077,8,0.4418529063488977,0.0303452343404945,0.0686772315050322,390,baseline+follow-up,0.4332476813014469,0.4506322887585065,0.1747172081612792,0.10210407069097607,0.10620112479037341,0.276386439316024,sampled,subcortical volume,r,partial correlation,longitudinal,False,-0.15476109545112243
Brain-Stem,,,0.0645412387975677,0.07989905959623941,103.0,0.5384615384615384,14,0.4276468446979438,0.01328770857307,0.0310716862238407,390,baseline+follow-up,0.4193182871925368,0.4361439602129004,0.07989905959623941,0.036425547890648585,0.0378871687574586,0.5932392478779895,sampled,subcortical volume,r,partial correlation,longitudinal,False,-0.20794377347185528
BrainSegVol,,,0.3307251701467455,0.09235134333949327,103.0,0.0,0,0.2308937198079375,0.0034063546802356,0.0147529117858603,390,baseline+follow-up,0.2263969916152719,0.2354814553032662,0.09235134333949327,0.10865696564548764,0.11301696288666782,7.6182885205018605e-06,sampled,subcortical volume,r,partial correlation,longitudinal,False,-0.09983995882696704
BrainSegVol-to-eTIV,,,0.9255597506169176,0.05234467522247818,103.0,0.0,0,0.1639922843869211,0.0034070737656566,0.020775817462351,390,baseline+follow-up,0.1607984828006513,0.1672507239177482,0.05234467522247818,0.12721209376909978,0.13231663883515338,1.0659967031334337e-28,sampled,subcortical volume,r,partial correlation,longitudinal,False,0.004697825160829806
BrainSegVolNotVent,,,0.3598838548049469,0.09586273834356566,103.0,0.0,0,0.2259511761218401,0.0035163922666224,0.0155626198853076,390,baseline+follow-up,0.2215507055300968,0.2304407059010289,0.09586273834356566,0.11262798584604662,0.11714732526116156,2.015592448368598e-06,sampled,subcortical volume,r,partial correlation,longitudinal,False,-0.09395835120422111
CC_Anterior,,,0.5873058568260268,0.25360666275775934,103.0,0.0,0,0.8272891248246738,0.0550077641462893,0.0664915837712082,390,baseline+follow-up,0.811177407562813,0.8437269200406485,0.25360666275775934,0.5748979731267578,0.5979664764841109,0.009136748571526805,sampled,subcortical volume,r,partial correlation,longitudinal,False,0.04711223680005782
CC_Central,,,0.5708087003715133,0.24017724418301123,103.0,0.0,0,0.6789315102001462,0.0843430005565203,0.1242290264767006,390,baseline+follow-up,0.6657091043878721,0.6924215184638323,0.24017724418301123,0.5271348293008388,0.5482867765122147,0.006247605405230647,sampled,subcortical volume,r,partial correlation,longitudinal,False,0.0020185522608284568
CC_Mid_Anterior,,,0.6106786217058301,0.22885112238388924,103.0,0.0,0,0.664023666368263,0.0778951924417395,0.1173078557090756,390,baseline+follow-up,0.6510915955278819,0.6772174636983506,0.22885112238388924,0.4980255368727729,0.5180094371584398,0.0025467810513769475,sampled,subcortical volume,r,partial correlation,longitudinal,False,-0.026379597255502728
CC_Mid_Posterior,,,0.5319931175002177,0.2550156138555523,103.0,0.0,0,0.7465825219814721,0.0838638368347153,0.1123302975431784,390,baseline+follow-up,0.7320425913261989,0.7614167198935482,0.2550156138555523,0.496057402413313,0.5159623288314278,0.0157175521213848,sampled,subcortical volume,r,partial correlation,longitudinal,False,0.055805263838381976
CC_Posterior,,,0.379861076694835,0.2841251736392658,103.0,0.038461538461538464,1,0.9292757386289316,0.1135149153427008,0.1221541794582763,390,baseline+follow-up,0.911177799819124,0.9477399536565296,0.2841251736392658,0.5042257293324196,0.524458420129199,0.1290708808782883,sampled,subcortical volume,r,partial correlation,longitudinal,False,0.08452679909584972
CSF,,,0.6204006038644689,0.2675625744992829,103.0,0.0,0,0.5974901055104201,0.04999787621757,0.0836798396432995,390,baseline+follow-up,0.5858537968030098,0.6093619163480555,0.2675625744992829,0.4015935892053892,0.41770803645328963,0.011980920178259106,sampled,subcortical volume,r,partial correlation,longitudinal,False,0.05370819905285861
CerebralWhiteMatterVol,,,0.8606172831651107,0.0865885438174259,103.0,0.0,0,0.2327052635804351,0.0058338743266614,0.0250697996121816,390,baseline+follow-up,0.228173255000062,0.2373289934877094,0.0865885438174259,0.18009789051790803,0.18732454461353581,2.592450945575109e-16,sampled,subcortical volume,r,partial correlation,longitudinal,False,-0.008260589678018525
CortexVol,,,0.2119350174881124,0.04859639207160684,103.0,0.0,0,0.1419785270211943,0.0038332543593074,0.0269988317228792,390,baseline+follow-up,0.1392134503194961,0.1447995648932136,0.04859639207160684,0.04892618234021938,0.05088940686758952,1.819092828687724e-06,sampled,subcortical volume,r,partial correlation,longitudinal,False,-0.12695959868146914
EstimatedTotalIntraCranialVol,,,0.5538977923536079,0.001968191448522179,103.0,0.0,0,0.0043793650819558,9.560383873559791e-05,0.0218305249611435,390,baseline+follow-up,0.0042940755624038,0.004466380738554,0.001968191448522179,0.0028415862225460247,0.002955608439320358,0.0,sampled,subcortical volume,r,partial correlation,longitudinal,False,-0.05989302069864448
Left-Accumbens-area,,,0.6807554376537838,0.19795942747830425,103.0,0.0,0,0.5442618871361837,0.081005684064671,0.1488358563758883,390,baseline+follow-up,0.5336622148102561,0.5550760815648855,0.19795942747830425,0.4152815135172961,0.43194520592295393,0.00019149256529689992,sampled,subcortical volume,r,partial correlation,longitudinal,False,-0.018767331278496942
Left-Amygdala,,,0.5824192916736707,0.25690362761620406,103.0,0.038461538461538464,1,0.5926464814872665,0.0469547775480259,0.0792289822259491,390,baseline+follow-up,0.5811045038890682,0.6044220520898902,0.25690362761620406,0.43785011764586423,0.4554194036428147,0.010699806520566022,sampled,subcortical volume,r,partial correlation,longitudinal,False,-0.03157099741454282
Left-Caudate,,,0.6564783718955429,0.20660765585044327,103.0,0.0,0,0.452558734995989,0.0168429187216333,0.0372170890078667,390,baseline+follow-up,0.4437450105508791,0.4615508365307955,0.20660765585044327,0.32692861753917174,0.3400470390049826,0.00044322623368174915,sampled,subcortical volume,r,partial correlation,longitudinal,False,-0.03801664548501385
Left-Cerebellum-Cortex,,,0.3812342799222307,0.14756572975717383,103.0,0.0,0,0.3673318499335827,0.0094609679413408,0.0257559151025196,390,baseline+follow-up,0.3601779460204127,0.3746305385592709,0.14756572975717383,0.18662013717198525,0.19410850460784063,0.0011763584801526218,sampled,subcortical volume,r,partial correlation,longitudinal,False,-0.09192766915237212
Left-Cerebellum-White-Matter,,,0.480364273617567,0.29534060279904384,103.0,0.0,0,0.5406572131370063,0.0393840135776137,0.0728447020046204,390,baseline+follow-up,0.5301277429768672,0.5513997846091856,0.29534060279904384,0.31327064425110257,0.32584102238161183,0.06659721086269935,sampled,subcortical volume,r,partial correlation,longitudinal,False,0.07642013008599774
Left-Hippocampus,,,0.6701233384570439,0.24843511922828215,103.0,0.0,0,0.610305954456862,0.0232723144368352,0.0381322093728322,390,baseline+follow-up,0.5984200530393582,0.6224324094015925,0.24843511922828215,0.4723529508184149,0.49130670633880136,0.004524249635565165,sampled,subcortical volume,r,partial correlation,longitudinal,False,-0.00821417326725756
Left-Inf-Lat-Vent,,,0.581438923825325,0.2413233948852175,103.0,0.0,0,0.5533218865008883,0.1140936661769373,0.206197638229071,390,baseline+follow-up,0.5425457678229217,0.5643160983016853,0.2413233948852175,0.40903994117948744,0.42545318265444054,0.0059244852636738485,sampled,subcortical volume,r,partial correlation,longitudinal,False,-0.03138237315643969
Left-Lateral-Ventricle,,,0.4461773217904121,0.1392184534254912,103.0,0.0,0,0.1750509806410287,0.0098180340596584,0.0560867127033807,390,baseline+follow-up,0.1716418074488905,0.1785291505888599,0.1392184534254912,0.09928465396916245,0.10326857543085158,4.876140508379602e-05,sampled,subcortical volume,r,partial correlation,longitudinal,False,-0.07915058439809054
Left-Pallidum,,,0.6932004699623099,0.2178303838843211,103.0,0.0,0,0.5578097255531542,0.0380447531849873,0.0682038183311703,390,baseline+follow-up,0.5469462047907687,0.5688931083306868,0.2178303838843211,0.43196238256344394,0.4492954157940516,0.0008058753244112447,sampled,subcortical volume,r,partial correlation,longitudinal,False,-0.007508871013658385
Left-Putamen,,,0.7071096930479174,0.23475404979082404,103.0,0.0,0,0.5934137200498346,0.0254773642865596,0.0429335612335016,390,baseline+follow-up,0.58185680023806,0.6052045352749184,0.23475404979082404,0.4465253550443786,0.46444274583975964,0.0021410135120996567,sampled,subcortical volume,r,partial correlation,longitudinal,False,-0.025109971768534082
Left-Thalamus,,,0.5951102759789813,0.24338262152577061,103.0,0.0,0,0.5204235988066399,0.0263912703745696,0.0507111330752223,390,baseline+follow-up,0.5102881846826482,0.5307641391159993,0.24338262152577061,0.36616946348444973,0.38086247318808425,0.005727176481112995,sampled,subcortical volume,r,partial correlation,longitudinal,False,-0.04440481018433034
Left-VentralDC,,,0.6183676638598575,0.25804461755109936,103.0,0.0,0,0.518629501010731,0.0229529828958855,0.044256994349827,390,baseline+follow-up,0.508529027508537,0.5289343935504273,0.25804461755109936,0.3706247382227127,0.3854965214219269,0.008645786420247,sampled,subcortical volume,r,partial correlation,longitudinal,False,-0.040760383592802096
Left-choroid-plexus,,,0.6424796298670269,0.26952319343175307,103.0,0.0,0,0.6322591741813464,0.0962644965045809,0.1522548037823649,390,baseline+follow-up,0.6199457268689738,0.6448218279341282,0.26952319343175307,0.487285092483068,0.5068380189454741,0.01148632273059434,sampled,subcortical volume,r,partial correlation,longitudinal,False,0.01232014253451056
Left-vessel,,,0.24363086530117592,0.2433935474636631,103.0,0.23076923076923078,6,0.9169776480491044,0.8206685305389285,0.8949711394655299,390,baseline+follow-up,0.8991192184415057,0.9351975065531694,0.2433935474636631,0.26166482765204335,0.27216445756439567,0.28171722809171784,sampled,subcortical volume,r,partial correlation,longitudinal,False,0.14079786291656954
MaskVol,,,0.5983850670228107,0.09130311679786882,103.0,0.0,0,0.1433701320509625,0.002290377463985,0.0159752762393417,390,baseline+follow-up,0.1405779534013395,0.1462188203753018,0.09130311679786882,0.09633993218187013,0.10020569298269069,1.1257341873725925e-15,sampled,subcortical volume,r,partial correlation,longitudinal,False,-0.05375451943071545
MaskVol-to-eTIV,,,0.8017956968187359,0.05757108575640175,103.0,0.0,0,0.0987904978786462,0.0022918380920442,0.0231989729908994,390,baseline+follow-up,0.0968665216988354,0.1007534125655249,0.05757108575640175,0.07426662917504752,0.0772466709642819,2.8528998578396956e-41,sampled,subcortical volume,r,partial correlation,longitudinal,False,0.025482934076542695
Optic-Chiasm,,,0.41431963133177585,0.2524986100011663,103.0,0.0,0,0.7423883909393134,0.1937340610940024,0.260960520744241,390,baseline+follow-up,0.7279301423121035,0.7571392536967124,0.2524986100011663,0.37981665094972655,0.3950572711939739,0.05237594220716138,sampled,subcortical volume,r,partial correlation,longitudinal,False,-0.09116874275278536
Right-Accumbens-area,,,0.5833063932050926,0.2386219328970443,103.0,0.0,0,0.5362698339922046,0.0611908697066784,0.1141046276109723,390,baseline+follow-up,0.5258258094280251,0.5469252305726163,0.2386219328970443,0.40176265978675973,0.4178838912041238,0.0051889988445145314,sampled,subcortical volume,r,partial correlation,longitudinal,False,-0.0267965957127458
Right-Amygdala,,,0.41199294163968925,0.25995418307785984,103.0,0.038461538461538464,1,0.580230428886389,0.0363417528233613,0.0626333108608427,390,baseline+follow-up,0.5689302578380545,0.5917592991228169,0.25995418307785984,0.29249704912453917,0.30423386065484803,0.0628647742890563,sampled,subcortical volume,r,partial correlation,longitudinal,False,-0.09276300368584348
Right-Caudate,,,0.2067492404836602,0.15917405802830525,103.0,0.07692307692307693,2,0.5109226384487832,0.0231209560452689,0.0452533403402649,390,baseline+follow-up,0.5009722585315863,0.5210743997254789,0.15917405802830525,0.14893380578299986,0.1549099618303808,0.15532416597453622,sampled,subcortical volume,r,partial correlation,longitudinal,False,-0.1393066618596216
Right-Cerebellum-Cortex,,,0.6314461142234694,0.2060615526883152,103.0,0.0,0,0.3696342571946054,0.0099111068877311,0.0268132801406259,390,baseline+follow-up,0.3624355131720975,0.3769786934288682,0.2060615526883152,0.2515210555129367,0.2616136538256218,0.0005260387956408194,sampled,subcortical volume,r,partial correlation,longitudinal,False,-0.0513717291676979
Right-Cerebellum-White-Matter,,,0.4509000084440447,0.2733337748547717,103.0,0.0,0,0.5828623229957879,0.0436856908468538,0.0749502740584066,390,baseline+follow-up,0.5715108949775727,0.5944434875693493,0.2733337748547717,0.3322216078402964,0.34555241719098334,0.05578456343583433,sampled,subcortical volume,r,partial correlation,longitudinal,False,0.07852820820473316
Right-Hippocampus,,,0.587825259960938,0.23104035747240503,103.0,0.0,0,0.6302122361696282,0.0212491968664773,0.0337175250604907,390,baseline+follow-up,0.6179386536221941,0.6427342183520403,0.23104035747240503,0.48930942765656155,0.5089435831107697,0.003515590069631109,sampled,subcortical volume,r,partial correlation,longitudinal,False,-0.0020070497588306237
Right-Inf-Lat-Vent,,,0.17326752718344898,0.14891009869824606,103.0,0.2692307692307692,7,0.6076548439411439,0.1008170419709849,0.1659116897959754,390,baseline+follow-up,0.5958205737391093,0.6197286227289607,0.14891009869824606,0.12811110776095264,0.13325172689276885,0.22824668137443596,sampled,subcortical volume,r,partial correlation,longitudinal,False,-0.16043662540670653
Right-Lateral-Ventricle,,,0.7118028278511166,0.12847179325239674,103.0,0.0,0,0.1884897402528028,0.0106541105529863,0.0565235568720981,390,baseline+follow-up,0.1848188429684243,0.1922349312115797,0.12847179325239674,0.13656751342364842,0.14204745645559957,1.6392728182358483e-09,sampled,subcortical volume,r,partial correlation,longitudinal,False,-0.0372333780755671
Right-Pallidum,,,0.643361807845885,0.21541676539213905,103.0,0.0,0,0.572812572781918,0.0389047542958497,0.0679188204736938,390,baseline+follow-up,0.561656866826449,0.584194054160052,0.21541676539213905,0.43959778311597114,0.45723719638532334,0.0008959339142484251,sampled,subcortical volume,r,partial correlation,longitudinal,False,-0.015386238878832996
Right-Putamen,,,0.4362704976160166,0.2854437388365769,103.0,0.038461538461538464,1,0.6574161173265474,0.0317093910138104,0.048233364193686,390,baseline+follow-up,0.6446127305927977,0.6704786261690094,0.2854437388365769,0.36405929792574726,0.37866763458555314,0.08024115215335713,sampled,subcortical volume,r,partial correlation,longitudinal,False,0.08209743417907157
Right-Thalamus,,,0.14499147484522673,0.12427342937287207,103.0,0.15384615384615385,4,0.4915500127265285,0.0245322038689191,0.0499078491176186,390,baseline+follow-up,0.481976920820126,0.5013168502264423,0.12427342937287207,0.10513879422745522,0.10935762042096721,0.2572671283062806,sampled,subcortical volume,r,partial correlation,longitudinal,False,-0.15955802101215605
Right-VentralDC,,,0.7248851143178153,0.17364162980884063,103.0,0.0,0,0.522789522649814,0.0240096210969952,0.0459259798767578,390,baseline+follow-up,0.5126080314109657,0.533177072608477,0.17364162980884063,0.3996189414127036,0.41565415343737405,1.319054252800907e-05,sampled,subcortical volume,r,partial correlation,longitudinal,False,0.017779105042147744
Right-choroid-plexus,,,0.356823115795834,0.2186050035380167,103.0,0.0,0,0.5814554113331754,0.0842754513827903,0.1449388031140023,390,baseline+follow-up,0.5701313833643991,0.5930086213197574,0.2186050035380167,0.27221075180120907,0.2831335501678147,0.050093860690311284,sampled,subcortical volume,r,partial correlation,longitudinal,False,-0.10035385466896221
Right-vessel,,,0.5703106987569179,0.2670880717907035,102.5,0.0,0,0.7054345090335055,0.6783963641930024,0.9616716442217332,390,baseline+follow-up,0.691695948939758,0.719451117797983,0.2670880717907035,0.5248089524151788,0.5458675708947558,0.01646779733003316,sampled,subcortical volume,r,partial correlation,longitudinal,False,-0.029352919952842366
SubCortGrayVol,,,0.3048639998434271,0.2057761004847163,103.0,0.07692307692307693,2,0.429201747094905,0.0083756581745378,0.0195145015863269,390,baseline+follow-up,0.4208429073737189,0.4377297576940771,0.2057761004847163,0.17354677536563107,0.18051055773627642,0.08037936039651998,sampled,subcortical volume,r,partial correlation,longitudinal,False,-0.11387529122960983
SupraTentorialVol,,,0.29972728465882426,0.0876112260889329,103.0,0.0,0,0.2445600032601116,0.0037973925536291,0.0155274472645072,390,baseline+follow-up,0.2397971198764799,0.2494192805441685,0.0876112260889329,0.10739279859792326,0.11170206954827591,2.758672789002883e-05,sampled,subcortical volume,r,partial correlation,longitudinal,False,-0.10647717971381264
SupraTentorialVolNotVent,,,0.3292593022491523,0.0917615420195558,103.0,0.0,0,0.2392631990714389,0.0039347502811608,0.0164452799111242,390,baseline+follow-up,0.2346034726240203,0.2440172316714551,0.0917615420195558,0.11226114713125526,0.11676576668211719,7.42165876493962e-06,sampled,subcortical volume,r,partial correlation,longitudinal,False,-0.1001344893053738
SurfaceHoles,,,0.6184752186234679,0.20913934346460392,103.0,0.0,0,0.5590604234270993,0.4137834792872959,0.7401408898715449,390,baseline+follow-up,0.5481725449281978,0.5701686569066562,0.20913934346460392,0.43218475803452405,0.44952671436025643,0.00074095910466191,sampled,subcortical volume,r,partial correlation,longitudinal,False,0.00953310914579563
TotalGrayVol,,,0.17444244034948192,0.042814060712741416,103.0,0.0,0,0.1365551964669927,0.0031609476369908,0.0231477652903157,390,baseline+follow-up,0.133895740842479,0.1392684756433355,0.042814060712741416,0.040536841302007645,0.0421634329815467,4.8383259754885726e-05,sampled,subcortical volume,r,partial correlation,longitudinal,False,-0.13801946718276142
WM-hypointensities,,,0.3747999164596068,0.33886258977662304,103.0,0.0,0,0.7021222019024588,0.6615241233620535,0.9421780447471944,390,baseline+follow-up,0.6884481500373083,0.7160729968846941,0.33886258977662304,0.3683533082178288,0.3831339474347313,0.24873801463762352,sampled,subcortical volume,r,partial correlation,longitudinal,False,0.08839349671537791
lhCerebralWhiteMatterVol,,,0.7399845030080981,0.1421165306768907,103.0,0.0,0,0.3035872376913366,0.0077970312503649,0.0256830007402761,390,baseline+follow-up,0.2976747802550941,0.3096193547512716,0.1421165306768907,0.22360568210261508,0.23257814098997684,6.034993934439225e-08,sampled,subcortical volume,r,partial correlation,longitudinal,False,-0.03252589367451398
lhCortexVol,,,0.2732912004127803,0.10954905717231549,103.0,0.0,0,0.2090627907936135,0.0055975705198605,0.0267745900579048,390,baseline+follow-up,0.2049912268455729,0.2132167573323057,0.10954905717231549,0.08489798893471799,0.08830462738940124,0.0028618867537393167,sampled,subcortical volume,r,partial correlation,longitudinal,False,-0.11350232915467477
lhSurfaceHoles,,,0.5353406874531508,0.25770413009413096,103.0,0.0,0,0.6645098892685866,0.606190378216169,0.912236804908037,390,baseline+follow-up,0.6515683490834973,0.6777133475892819,0.25770413009413096,0.4992199642365894,0.5192517924206667,0.01657407119449073,sampled,subcortical volume,r,partial correlation,longitudinal,False,-0.025741718167691136
rhCerebralWhiteMatterVol,,,0.8025251108816371,0.15404051348573702,103.0,0.0,0,0.2923462757670543,0.0077398449485129,0.0264749223440771,390,baseline+follow-up,0.286652739618232,0.2981550408879909,0.15404051348573702,0.2238576189095949,0.23284018707781923,1.5139683881101576e-06,sampled,subcortical volume,r,partial correlation,longitudinal,False,0.016772960241122185
rhCortexVol,,,0.18830440671250337,0.04977378934357357,103.0,0.0,0,0.1692788233025303,0.0047994374043694,0.0283522611436875,390,baseline+follow-up,0.1659820646994859,0.1726423035518783,0.04977378934357357,0.053016068900125515,0.05514340526341888,8.449174424359603e-05,sampled,subcortical volume,r,partial correlation,longitudinal,False,-0.13415627921861611
rhSurfaceHoles,,,0.6306100347897758,0.23950290657441278,103.0,0.0,0,0.6492047494386912,0.7112805390575099,1.0956182000709176,390,baseline+follow-up,0.6365612816906653,0.6621041027654656,0.23950290657441278,0.4881618199985327,0.50774992625384,0.003681842813589104,sampled,subcortical volume,r,partial correlation,longitudinal,False,0.025389227133917447
lh-BrainSegVolNotVent,lh,,0.3598838548049469,0.09586273834356566,103.0,0.0,0,0.2259511761218401,0.0035163922666224,0.0155626198853076,390,baseline+follow-up,0.2215507055300968,0.2304407059010289,0.11486501839503789,0.11262798584604662,0.11714732526116156,7.828298049455265e-05,simulated,cortical volume,r,partial correlation,longitudinal,False,-0.09395835120422111
rh-BrainSegVolNotVent,rh,,0.3598838548049469,0.09586273834356566,103.0,0.0,0,0.2259511761218401,0.0035163922666224,0.0155626198853076,390,baseline+follow-up,0.2215507055300968,0.2304407059010289,0.11486501839503789,0.11262798584604662,0.11714732526116156,7.828298049455265e-05,simulated,cortical volume,r,partial correlation,longitudinal,False,-0.09395835120422111
lh-bankssts,lh,,0.5698531284290691,0.27183682489665834,103.0,0.0,0,0.704604047181132,0.0521627769166061,0.0740313330945098,390,baseline+follow-up,0.6908816605945186,0.7186041551099834,0.48472005553213954,0.4752799792014584,0.4943511854126415,0.400293435282656,simulated,cortical volume,r,partial correlation,longitudinal,False,-0.05304215688011628
rh-bankssts,rh,,0.32437281780851435,0.27319527500780477,103.0,0.19230769230769232,5,0.716933308342256,0.0413144548844035,0.0576266361231476,390,baseline+follow-up,0.7029708054965079,0.7311783921375239,0.31422931102536455,0.30810959584634184,0.3204728804263119,0.2770489153619971,simulated,cortical volume,r,partial correlation,longitudinal,False,-0.1084601467949389
lh-caudalanteriorcingulate,lh,,0.2985631371636563,0.31466563630988775,103.0,0.11538461538461539,3,0.7589856495523642,0.0599587544034158,0.0789985350036307,390,baseline+follow-up,0.7442041640662725,0.7740662910171597,0.26413604124295625,0.25899190833044444,0.26938428399730185,0.20918123868952893,simulated,cortical volume,r,partial correlation,longitudinal,False,-0.12771848770453303
rh-caudalanteriorcingulate,rh,,0.3711068426332233,0.2728441456266555,103.0,0.15384615384615385,4,0.6238420720617497,0.0418204307780407,0.0670368874606796,390,baseline+follow-up,0.6116925504743089,0.6362374824690045,0.31590752716829235,0.3097551281993009,0.3221844418320478,0.2034924197999133,simulated,cortical volume,r,partial correlation,longitudinal,False,-0.09436742916160533
lh-caudalmiddlefrontal,lh,,0.11570746698853546,0.0945655153991451,103.0,0.2692307692307692,7,0.5381833491290867,0.0257825885188536,0.0479067004963572,390,baseline+follow-up,0.5277020582526392,0.5488767662382579,0.09445637050485688,0.09261680282592923,0.09633316838435532,0.2876818072679521,simulated,cortical volume,r,partial correlation,longitudinal,False,-0.17230138827445426
rh-caudalmiddlefrontal,rh,,0.44483377866921947,0.2563399208995192,103.0,0.038461538461538464,1,0.5299354871834707,0.0320706037757015,0.0605179395442115,390,baseline+follow-up,0.5196148260260597,0.5404650236594226,0.2888033421303812,0.2831788057342679,0.2945417110429841,0.07905297011848955,simulated,cortical volume,r,partial correlation,longitudinal,False,-0.0863044236391045
lh-cuneus,lh,,0.5333724220358609,0.24642630370039012,103.0,0.0,0,0.5610910225367195,0.028071853466681,0.0500308369571961,390,baseline+follow-up,0.5501635974781635,0.5722396029413455,0.3811206783908902,0.3736982326840353,0.3886933437094275,0.173007705143381,simulated,cortical volume,r,partial correlation,longitudinal,False,-0.0553784722032172
rh-cuneus,rh,,0.2666365618112453,0.2110875396981507,103.0,0.038461538461538464,1,0.526945520121806,0.031297176521412,0.0593935716811437,390,baseline+follow-up,0.5166830895182295,0.5374156475413744,0.19057662056472893,0.18686508062648718,0.1943632767261519,0.10555567640349879,simulated,cortical volume,r,partial correlation,longitudinal,False,-0.12471871617888437
lh-eTIV,lh,,0.5538977923536079,0.001968191448522179,103.0,0.0,0,0.0043793650819558,9.560383873559791e-05,0.0218305249611435,390,baseline+follow-up,0.0042940755624038,0.004466380738554,0.002898026199012313,0.0028415862225460247,0.002955608439320358,0.0,simulated,cortical volume,r,partial correlation,longitudinal,False,-0.05989302069864448
rh-eTIV,rh,,0.5538977923536079,0.001968191448522179,103.0,0.0,0,0.0043793650819558,9.560383873559791e-05,0.0218305249611435,390,baseline+follow-up,0.0042940755624038,0.004466380738554,0.002898026199012313,0.0028415862225460247,0.002955608439320358,0.0,simulated,cortical volume,r,partial correlation,longitudinal,False,-0.05989302069864448
lh-entorhinal,lh,,0.5026684660797387,0.2789770795660084,103.0,0.0,0,0.7276003276434501,0.1105245421534236,0.1519028207579156,390,baseline+follow-up,0.7134300812243243,0.7420573594428392,0.48499690185774175,0.4755514338573418,0.4946335325275929,0.45384949208010866,simulated,cortical volume,r,partial correlation,longitudinal,False,-0.058671927234814215
rh-entorhinal,rh,,0.6212201019985003,0.22581058921072955,103.0,0.0,0,0.649890169777679,0.1023507272693589,0.1574892682318492,390,baseline+follow-up,0.6372333532518486,0.6628031420422963,0.4908441106850054,0.4812847664440396,0.5005969222865325,0.3787798979985553,simulated,cortical volume,r,partial correlation,longitudinal,False,0.030809591677391963
lh-frontalpole,lh,,0.5554946335683723,0.2448273427475728,103.0,0.0,0,0.673240280937402,0.0852533136329391,0.1266313321511818,390,baseline+follow-up,0.66012871361436,0.6866172075004577,0.4771490153462024,0.467856387416804,0.48662971268212724,0.38808020586557634,simulated,cortical volume,r,partial correlation,longitudinal,False,0.04710784358358432
rh-frontalpole,rh,,0.5133925514607361,0.23438504970638754,103.0,0.0,0,0.6446879400242528,0.0805516922081543,0.1249467955071782,390,baseline+follow-up,0.6321324385676084,0.6574975467485925,0.44860482158262405,0.43986810085130956,0.4575183609593647,0.3443312703325306,simulated,cortical volume,r,partial correlation,longitudinal,False,0.05084563453826541
lh-fusiform,lh,,0.6841752930558631,0.20991068268451074,103.0,0.0,0,0.5664301528534227,0.0291691753489214,0.0514965087963274,390,baseline+follow-up,0.5553987465439284,0.5776848189397575,0.43460499204847713,0.4261409224235292,0.44324036225311664,0.2377245853483718,simulated,cortical volume,r,partial correlation,longitudinal,False,0.025184698926157732
rh-fusiform,rh,,0.6250958816112355,0.24301854280768165,103.0,0.0,0,0.5400686355951936,0.0281614030860757,0.0521441187841613,390,baseline+follow-up,0.529550628168766,0.550799512344439,0.40137353385344854,0.3935566573833134,0.409348612645876,0.17153258780302566,simulated,cortical volume,r,partial correlation,longitudinal,False,-0.03565685920394423
lh-inferiorparietal,lh,,0.45806054394962686,0.2290204939532321,103.0,0.038461538461538464,1,0.5049306301461978,0.0199836283719567,0.0395769778636139,390,baseline+follow-up,0.4950969464851284,0.514963333402602,0.29290223531386145,0.28719787167709293,0.29872204705550726,0.076119657657369,simulated,cortical volume,r,partial correlation,longitudinal,False,-0.0787936337749391
rh-inferiorparietal,rh,,0.3018889078297893,0.17638239568697867,103.0,0.0,0,0.3966521207888882,0.0169583368310786,0.0427536774475093,390,baseline+follow-up,0.3889271953309083,0.4045333876130975,0.17185569014869806,0.16850874624912174,0.17527037137270543,0.03486553686152425,simulated,cortical volume,r,partial correlation,longitudinal,False,-0.10950687177507329
lh-inferiortemporal,lh,,0.5552797897458419,0.2249679163329466,103.0,0.0,0,0.4665191103941796,0.0292978503909698,0.0628009651442037,390,baseline+follow-up,0.4574335032244748,0.4757885971683753,0.32345560446479515,0.31715620430405267,0.32988249541271913,0.06869260514785275,simulated,cortical volume,r,partial correlation,longitudinal,False,-0.05154950169236212
rh-inferiortemporal,rh,,0.6555402186322834,0.19707933713465225,103.0,0.0,0,0.4083539596885558,0.0241227734580855,0.0590731959021128,390,baseline+follow-up,0.4004011372183491,0.4164677358323138,0.3016562350698521,0.2957813845201693,0.3076499841340031,0.028471580200632052,simulated,cortical volume,r,partial correlation,longitudinal,False,-0.03731087519198898
lh-insula,lh,,0.5136411156182927,0.2979893071713302,103.0,0.07692307692307693,2,0.7323226681475002,0.0303897584975784,0.0414977711593348,390,baseline+follow-up,0.718060452654042,0.7468735303428373,0.4509518385206662,0.44216940889245,0.45991201187655434,0.3502381541054375,simulated,cortical volume,r,partial correlation,longitudinal,False,-0.07085699124697045
rh-insula,rh,,0.48926818005390427,0.2656276738040128,103.0,0.038461538461538464,1,0.8182146076371616,0.0398854801569145,0.048746966608303,390,baseline+follow-up,0.8022796194665288,0.834472097019618,0.642797644105962,0.6302789567599626,0.655569691655075,0.5107318199431509,simulated,cortical volume,r,partial correlation,longitudinal,False,0.012728963485664452
lh-isthmuscingulate,lh,,0.5146587104585015,0.2769717351347206,103.0,0.038461538461538464,1,0.7492508593951743,0.0337196575815573,0.0450044963695833,390,baseline+follow-up,0.7346589620251471,0.7641380757534711,0.5372492199197964,0.5267861215050343,0.5479240763780575,0.4853412895385539,simulated,cortical volume,r,partial correlation,longitudinal,False,-0.044569111657129026
rh-isthmuscingulate,rh,,0.10128089274479511,0.12474553403710986,103.0,0.46153846153846156,12,0.7256416021693636,0.031856112712773,0.0439006151487686,390,baseline+follow-up,0.7115095025481166,0.7400597151346219,0.06606144628817986,0.06477487873571708,0.06737405211505611,0.2395365731505265,simulated,cortical volume,r,partial correlation,longitudinal,False,-0.20577405848360567
lh-lateraloccipital,lh,,0.41379575757913095,0.19246508295894893,103.0,0.038461538461538464,1,0.4486978512949317,0.0192462480807759,0.0428935597200469,390,baseline+follow-up,0.4399593187805577,0.4576132391226118,0.23829285263241753,0.23365202398868376,0.2430276049644179,0.03765292187575877,simulated,cortical volume,r,partial correlation,longitudinal,False,-0.089225962453637
rh-lateraloccipital,rh,,0.3576637743521915,0.20640798300745403,103.0,0.038461538461538464,1,0.4233717277901346,0.0179095221340902,0.0423021211821872,390,baseline+follow-up,0.4151264295381289,0.4317838990043066,0.2015362138568179,0.1976112323742254,0.20554063131206168,0.031100005140723898,simulated,cortical volume,r,partial correlation,longitudinal,False,-0.10064848210218767
lh-lateralorbitofrontal,lh,,0.3047443970192848,0.20546329466230764,103.0,0.038461538461538464,1,0.4437196684818092,0.0199541296995525,0.0449701266744064,390,baseline+follow-up,0.4350780876516241,0.4525361424628373,0.18869670983765688,0.18502178175517783,0.19244601317208304,0.0540365088208644,simulated,cortical volume,r,partial correlation,longitudinal,False,0.11117627033400275
rh-lateralorbitofrontal,rh,,0.5375738102325952,0.2655395874494974,103.0,0.0,0,0.6953475869312434,0.0449819428924769,0.0646898669642249,390,baseline+follow-up,0.681805472834521,0.7091637739146277,0.5262661388202179,0.5160169393822832,0.5367227672944069,0.4624261897644603,simulated,cortical volume,r,partial correlation,longitudinal,False,-0.030130207174527825
lh-lingual,lh,,0.17763152511315278,0.12121045442797619,103.0,0.07692307692307693,2,0.4329169767873155,0.0200316580886231,0.0462713618608315,390,baseline+follow-up,0.4244857817932619,0.4415188070258756,0.11846794017974341,0.11616073958989452,0.12082183518681927,0.11753659105736843,simulated,cortical volume,r,partial correlation,longitudinal,False,-0.1450170286134061
rh-lingual,rh,,0.14433175987903502,0.11235369422435923,103.0,0.3076923076923077,8,0.4516576295679365,0.0204533747150661,0.0452851305415392,390,baseline+follow-up,0.4428614544359316,0.4606318266168143,0.09665976033409406,0.09477728094161782,0.09858033839842406,0.1543912900006987,simulated,cortical volume,r,partial correlation,longitudinal,False,-0.16072089552334795
lh-medialorbitofrontal,lh,,0.5864865858043824,0.30158623754097874,103.0,0.038461538461538464,1,0.7396596660862986,0.0444819301539348,0.0601383747058947,390,baseline+follow-up,0.7252545602383154,0.7543563105311528,0.5230293054224809,0.512843144338325,0.5334216197373951,0.41351341419267346,simulated,cortical volume,r,partial correlation,longitudinal,False,0.04758814100003891
rh-medialorbitofrontal,rh,,0.5480155160761493,0.3147953580114595,103.0,0.0,0,0.6622966880361191,0.0360163059287332,0.0543809241074885,390,baseline+follow-up,0.6493982506447582,0.6754561712246153,0.45081553564157745,0.442035760555025,0.4597730007317014,0.32255702915995826,simulated,cortical volume,r,partial correlation,longitudinal,False,0.054996998996050324
lh-middletemporal,lh,,0.31528691701775124,0.2214010845516211,103.0,0.038461538461538464,1,0.5712036430373132,0.029202578301502,0.0511246359463335,390,baseline+follow-up,0.5600792714973,0.5825531558365489,0.23726550701689716,0.23264468625383147,0.24197984653753904,0.12383524470604293,simulated,cortical volume,r,partial correlation,longitudinal,False,-0.11324540430197853
rh-middletemporal,rh,,0.5958422552003095,0.25907056723459104,103.0,0.0,0,0.4001309379179548,0.0181285602580061,0.0453065697752252,390,baseline+follow-up,0.3923382613965228,0.4080813269895689,0.2777401825262921,0.2723311046611992,0.283258732337499,0.019054345481307224,simulated,cortical volume,r,partial correlation,longitudinal,False,-0.0513301453982813
lh-paracentral,lh,,0.7330363476463527,0.1665346691758707,103.0,0.0,0,0.5817675496790252,0.0281446696361962,0.0483778609716618,390,baseline+follow-up,0.5704374427172777,0.5933269616886415,0.45120167144452134,0.44241437624112573,0.46016680884782324,0.26696365235070285,simulated,cortical volume,r,partial correlation,longitudinal,False,-0.02047411144873199
rh-paracentral,rh,,0.47789193221354603,0.25651931847584103,103.0,0.0,0,0.5670151253745885,0.0261518358721739,0.0461219369675494,390,baseline+follow-up,0.5559723265402995,0.5782814145540129,0.348550674853736,0.3417625402631062,0.35547619151255794,0.1512586513304263,simulated,cortical volume,r,partial correlation,longitudinal,False,-0.07110113395462976
lh-parahippocampal,lh,,0.39754430156405945,0.317752469755092,103.0,0.07692307692307693,2,0.73154142027386,0.0437803170770418,0.0598466687787169,390,baseline+follow-up,0.7172944198297403,0.7460767594891718,0.34715119064057687,0.3403903114474596,0.35404890029189245,0.23463243614517493,simulated,cortical volume,r,partial correlation,longitudinal,False,-0.10095406690032381
rh-parahippocampal,rh,,0.3341205624019221,0.2509497972997463,103.0,0.07692307692307693,2,0.7935387372280819,0.0499960913525294,0.0630039707036499,390,baseline+follow-up,0.7780843194351942,0.8093059301804404,0.4323834214773309,0.4239626176416281,0.44097465025545984,0.5584607151867684,simulated,cortical volume,r,partial correlation,longitudinal,False,-0.08632515841999214
lh-parsopercularis,lh,,0.23184850943385665,0.19971145850370609,103.0,0.19230769230769232,5,0.7637945607078678,0.0360090092638289,0.0471448883197813,390,baseline+follow-up,0.7489194201566363,0.7789707526814443,0.2227691679542889,0.21843066797763303,0.22719547292238784,0.25914016290507935,simulated,cortical volume,r,partial correlation,longitudinal,False,-0.1406454229893769
rh-parsopercularis,rh,,0.5385473590553619,0.25630101732880484,103.0,0.0,0,0.6252405824822754,0.0289042269853623,0.0462289681687157,390,baseline+follow-up,0.6130638244622416,0.6376637805482944,0.4862150333041185,0.47674584180867563,0.49587586759838687,0.42586350763154873,simulated,cortical volume,r,partial correlation,longitudinal,False,-0.019125622822808223
lh-parsorbitalis,lh,,0.591536593906274,0.25594712202317876,103.0,0.038461538461538464,1,0.6724930045152268,0.0413871788012134,0.0615429134925318,390,baseline+follow-up,0.6593959906367657,0.6858550830929424,0.5323917834720511,0.5220232851678367,0.5429701252497648,0.4084634060907817,simulated,cortical volume,r,partial correlation,longitudinal,False,0.0028960182900082763
rh-parsorbitalis,rh,,0.4541894193497535,0.25397579707057444,103.0,0.0,0,0.5975209415589118,0.039659711287478,0.0663737595271676,390,baseline+follow-up,0.5858840323097079,0.6093933650924417,0.35809858916774434,0.3511245059271787,0.36521381780938317,0.1914048116836838,simulated,cortical volume,r,partial correlation,longitudinal,False,0.07456708390385822
lh-parstriangularis,lh,,0.6431681460402114,0.18672988999023848,103.0,0.0,0,0.6711935050348433,0.0324349405101274,0.0483242764818525,390,baseline+follow-up,0.6581217993196128,0.6845297632485522,0.5300090474672375,0.5196869537000434,0.5405400455469315,0.35683185395684414,simulated,cortical volume,r,partial correlation,longitudinal,False,-0.007707924705546218
rh-parstriangularis,rh,,0.29640005142492465,0.22751494826828472,103.0,0.11538461538461539,3,0.5885351819601318,0.0308821028653294,0.0524728237358314,390,baseline+follow-up,0.5770732732200538,0.6002290632262579,0.22900265823458152,0.22454275906393542,0.23355281934152425,0.13603321462014192,simulated,cortical volume,r,partial correlation,longitudinal,False,0.11880093795578867
lh-pericalcarine,lh,,0.30613377817844556,0.24018746615985948,103.0,0.07692307692307693,2,0.5235117143019224,0.0429756129724383,0.0820910245145979,390,baseline+follow-up,0.513316158152321,0.5339136138248766,0.208605758327075,0.20454309523081565,0.2127506438735643,0.08364143263438004,simulated,cortical volume,r,partial correlation,longitudinal,False,-0.1168095448490368
rh-pericalcarine,rh,,0.05622197423996754,0.0646485499430684,103.0,0.5384615384615384,14,0.5026774768388915,0.0410878669139494,0.0817380304610666,390,baseline+follow-up,0.4928876740508394,0.5126654111366037,0.04286321174508399,0.04202843714470662,0.043714880981173584,0.5404832348272092,simulated,cortical volume,r,partial correlation,longitudinal,False,-0.20879650962735494
lh-postcentral,lh,,0.34955832973977247,0.2547772745413682,103.0,0.038461538461538464,1,0.4817513515433487,0.0203744807915053,0.0422925244033737,390,baseline+follow-up,0.4723690916614353,0.4913234948534241,0.2126491926387501,0.20850778238089782,0.21687441907597532,0.04814006586434793,simulated,cortical volume,r,partial correlation,longitudinal,False,-0.10781348585836209
rh-postcentral,rh,,0.19204443693633017,0.09855891990712007,103.0,0.038461538461538464,1,0.3747418027868512,0.0173300145096939,0.0462452130528685,390,baseline+follow-up,0.3674435876991316,0.3821877232374324,0.11498581009180611,0.11274642508633075,0.11727051702474522,0.07330667758663043,simulated,cortical volume,r,partial correlation,longitudinal,False,-0.13706209431882133
lh-posteriorcingulate,lh,,0.12736088959519945,0.11479649607258342,103.0,0.4230769230769231,11,0.6272702967595483,0.0296640474666627,0.0472906936928242,390,baseline+follow-up,0.6150540094122497,0.6397338241694878,0.10403246675619378,0.10200640157519078,0.10609953657862548,0.2638385222718003,simulated,cortical volume,r,partial correlation,longitudinal,False,-0.17545881934056298
rh-posteriorcingulate,rh,,0.17857912285028515,0.1660788608574429,103.0,0.19230769230769232,5,0.6594724890627619,0.0331972738935048,0.0503391338442102,390,baseline+follow-up,0.6466290538393065,0.6725758569186856,0.15854339560443667,0.1554557128499276,0.16169356861117518,0.23984618689683013,simulated,cortical volume,r,partial correlation,longitudinal,False,-0.15350033488165116
lh-precentral,lh,,0.45184992920682127,0.18292470036374803,103.0,0.0,0,0.5490232764477249,0.0206628430205986,0.0376356411594983,390,baseline+follow-up,0.5383308745595932,0.5599320771514255,0.3172738560456225,0.3110948473897663,0.32357791893798304,0.11737139605558677,simulated,cortical volume,r,partial correlation,longitudinal,False,-0.07927061401714476
rh-precentral,rh,,0.3669564548755143,0.15699239554866304,103.0,0.0,0,0.4333922109754337,0.0158610471432535,0.0365974439354947,390,baseline+follow-up,0.4249517606453163,0.4420034838647304,0.21762556095712698,0.2133872343529447,0.22194966518795803,0.042138334944538045,simulated,cortical volume,r,partial correlation,longitudinal,False,-0.09524750231365602
lh-precuneus,lh,,0.43096703064888986,0.22209354860841343,103.0,0.0,0,0.5939582759254878,0.023973568601832,0.0403623782570874,390,baseline+follow-up,0.5823907507158679,0.6057599111863958,0.32533248180800883,0.3189965288676133,0.33179666531120455,0.1504240684175042,simulated,cortical volume,r,partial correlation,longitudinal,False,-0.08572188981994167
rh-precuneus,rh,,0.11820283333148811,0.0649153531215474,103.0,0.07692307692307693,2,0.3717952435519548,0.0157190247908341,0.0422787140595507,390,baseline+follow-up,0.3645544136369197,0.3791826174365997,0.07722320211004416,0.07571925583404755,0.07875758609276091,0.1924931772266045,simulated,cortical volume,r,partial correlation,longitudinal,False,-0.16252353081573367
lh-rostralanteriorcingulate,lh,,0.5585969409307533,0.25907056618389174,103.0,0.038461538461538464,1,0.5505560678013229,0.0543800910269908,0.0987730300460784,390,baseline+follow-up,0.5398338143169723,0.5614953242545592,0.3611597602175386,0.35412605970295774,0.368335812700961,0.12248687673724923,simulated,cortical volume,r,partial correlation,longitudinal,False,-0.061328806148933365
rh-rostralanteriorcingulate,rh,,0.5596439693008052,0.20260666494397003,103.0,0.0,0,0.5729442860541815,0.0466249783755638,0.0813778573422314,390,baseline+follow-up,0.5617860149410927,0.5843283845050313,0.4535668463011143,0.4447334885696125,0.4625789784717545,0.32191588734465804,simulated,cortical volume,r,partial correlation,longitudinal,False,0.0030103500973135636
lh-rostralmiddlefrontal,lh,,0.21790116441955115,0.18665524251674143,103.0,0.19230769230769232,5,0.6248805627272026,0.0310393469735943,0.0496724475444196,390,baseline+follow-up,0.6127108162057228,0.6372966073920345,0.18019854853535222,0.17668912483101598,0.1837789979213728,0.1830309665631345,simulated,cortical volume,r,partial correlation,longitudinal,False,-0.14143335561051462
rh-rostralmiddlefrontal,rh,,0.5555228199470735,0.18872372329245232,103.0,0.0,0,0.420545372636481,0.0241220091537619,0.0573588742697043,390,baseline+follow-up,0.4123551185446739,0.4289013856759239,0.28477356350797317,0.27922750832458687,0.290431862861128,0.03008071148222323,simulated,cortical volume,r,partial correlation,longitudinal,False,0.05593212542590473
lh-superiorfrontal,lh,,0.4845805278258343,0.26000533988428465,103.0,0.0,0,0.5307081314308528,0.0196590650902615,0.0370430824891609,390,baseline+follow-up,0.5203724227824447,0.541253019937349,0.31232507484737976,0.306242445269967,0.31853080808754924,0.08690501841342824,simulated,cortical volume,r,partial correlation,longitudinal,False,-0.07695385034813346
rh-superiorfrontal,rh,,0.4429842874357078,0.21879304145364842,103.0,0.0,0,0.4309148035612254,0.0171396535631944,0.0397750400347041,390,baseline+follow-up,0.4225226015237574,0.4394768516819142,0.24573747747265806,0.2409516624064665,0.2506201505435047,0.03185783344606756,simulated,cortical volume,r,partial correlation,longitudinal,False,-0.08091692388232286
lh-superiorparietal,lh,,0.7817202607060061,0.19083237364340616,103.0,0.0,0,0.584951781075327,0.0261621311793391,0.044725278263526,390,baseline+follow-up,0.5735596602004093,0.5965744620704068,0.46227594398758176,0.4532729738251658,0.4714611213004706,0.21827973929104943,simulated,cortical volume,r,partial correlation,longitudinal,False,-0.006594951002201208
rh-superiorparietal,rh,,0.3777442861639343,0.21978831875587246,103.0,0.0,0,0.4121717666983229,0.0204973234515307,0.0497300521472476,390,baseline+follow-up,0.4041445912295623,0.4203614006382462,0.2052849149251436,0.20128692630405542,0.2093638170782252,0.02488655831662527,simulated,cortical volume,r,partial correlation,longitudinal,False,-0.09609408965437492
lh-superiortemporal,lh,,0.41036097015478,0.21785766432364054,103.0,0.038461538461538464,1,0.5853354733295919,0.022164046466117,0.0378655445911047,390,baseline+follow-up,0.5739358799267141,0.5969657780858361,0.30137185314233067,0.29550254102059653,0.3073599516887274,0.12745681296662897,simulated,cortical volume,r,partial correlation,longitudinal,False,-0.09260650936016014
rh-superiortemporal,rh,,0.024223330953018787,0.0340466164694088,103.0,0.8846153846153846,23,0.3704261564061242,0.0175635860712773,0.0474145407054385,390,baseline+follow-up,0.363211989896105,0.3777863272568349,0.012625300005792324,0.012379418296562066,0.01287615800671122,0.9595820080976132,simulated,cortical volume,r,partial correlation,longitudinal,True,-0.24693496223461628
lh-supramarginal,lh,,0.5659931151822464,0.23993786577233267,103.0,0.038461538461538464,1,0.6878947095614263,0.0285855210654399,0.0415550820032688,390,baseline+follow-up,0.6744977426077843,0.7015628118325876,0.48732694161531787,0.47783609535397326,0.4970098689367638,0.41003742909971863,simulated,cortical volume,r,partial correlation,longitudinal,False,-0.04719821953681979
rh-supramarginal,rh,,0.4439975059455517,0.20767460494575501,103.0,0.0,0,0.5436112903890826,0.0227263063357379,0.0418061705809528,390,baseline+follow-up,0.5330242886404976,0.5544125578062039,0.3096535580580683,0.3036229571147547,0.3158062096795135,0.1111652236610922,simulated,cortical volume,r,partial correlation,longitudinal,False,-0.0810559965385166
lh-temporalpole,lh,,0.3526989032136504,0.29890313844765837,103.0,0.038461538461538464,1,0.6543334432514692,0.087447132066207,0.1336430729135143,390,baseline+follow-up,0.6415900925699506,0.667334700998464,0.2920496439650017,0.2863618848143077,0.29785251516968786,0.1796960492626317,simulated,cortical volume,r,partial correlation,longitudinal,False,0.10679176694488238
rh-temporalpole,rh,,0.641787099843801,0.2117503411495387,103.0,0.0,0,0.5975033677419017,0.127015092422414,0.2125763623767216,390,baseline+follow-up,0.5858668007483402,0.609375442093028,0.42175507204514573,0.41354125867489594,0.430135121168898,0.21120544093906393,simulated,cortical volume,r,partial correlation,longitudinal,False,0.04796039793818347
lh-transversetemporal,lh,,0.730744058627616,0.1855625685657712,103.0,0.0,0,0.5958778336843147,0.0372443894323235,0.0625033980573524,390,baseline+follow-up,0.5842729244804539,0.6077176095376686,0.47142961594066796,0.4622483751229388,0.4807966718501973,0.2692559413694396,simulated,cortical volume,r,partial correlation,longitudinal,False,-0.004632786452124196
rh-transversetemporal,rh,,0.7286875982956624,0.24006585846524367,103.0,0.0,0,0.5983885408696743,0.0410159629199365,0.0685440313752091,390,baseline+follow-up,0.5867347348495929,0.6102782031403904,0.46200842104470885,0.4530106609761855,0.47118828281890807,0.2713124017013932,simulated,cortical volume,r,partial correlation,longitudinal,False,-0.022564559530072102
lh-BrainSegVolNotVent,lh,,0.3598838548049469,0.09586273834356566,103.0,0.0,0,0.2259511761218401,0.0035163922666224,0.0155626198853076,390,baseline+follow-up,0.2215507055300968,0.2304407059010289,0.09586273834356566,0.11262798584604662,0.11714732526116156,2.015592448368598e-06,sampled,cortical volume,r,partial correlation,longitudinal,False,-0.09395835120422111
rh-BrainSegVolNotVent,rh,,0.3598838548049469,0.09586273834356566,103.0,0.0,0,0.2259511761218401,0.0035163922666224,0.0155626198853076,390,baseline+follow-up,0.2215507055300968,0.2304407059010289,0.09586273834356566,0.11262798584604662,0.11714732526116156,2.015592448368598e-06,sampled,cortical volume,r,partial correlation,longitudinal,False,-0.09395835120422111
lh-bankssts,lh,,0.5698531284290691,0.27183682489665834,103.0,0.0,0,0.704604047181132,0.0521627769166061,0.0740313330945098,390,baseline+follow-up,0.6908816605945186,0.7186041551099834,0.27183682489665834,0.4752799792014584,0.4943511854126415,0.019073286358889583,sampled,cortical volume,r,partial correlation,longitudinal,False,-0.05304215688011628
rh-bankssts,rh,,0.32437281780851435,0.27319527500780477,103.0,0.19230769230769232,5,0.716933308342256,0.0413144548844035,0.0576266361231476,390,baseline+follow-up,0.7029708054965079,0.7311783921375239,0.27319527500780477,0.30810959584634184,0.3204728804263119,0.1836034434949347,sampled,cortical volume,r,partial correlation,longitudinal,False,-0.1084601467949389
lh-caudalanteriorcingulate,lh,,0.2985631371636563,0.31466563630988775,103.0,0.11538461538461539,3,0.7589856495523642,0.0599587544034158,0.0789985350036307,390,baseline+follow-up,0.7442041640662725,0.7740662910171597,0.31466563630988775,0.25899190833044444,0.26938428399730185,0.3304868483819797,sampled,cortical volume,r,partial correlation,longitudinal,False,-0.12771848770453303
rh-caudalanteriorcingulate,rh,,0.3711068426332233,0.2728441456266555,103.0,0.15384615384615385,4,0.6238420720617497,0.0418204307780407,0.0670368874606796,390,baseline+follow-up,0.6116925504743089,0.6362374824690045,0.2728441456266555,0.3097551281993009,0.3221844418320478,0.11873510104529528,sampled,cortical volume,r,partial correlation,longitudinal,False,-0.09436742916160533
lh-caudalmiddlefrontal,lh,,0.11570746698853546,0.0945655153991451,103.0,0.2692307692307692,7,0.5381833491290867,0.0257825885188536,0.0479067004963572,390,baseline+follow-up,0.5277020582526392,0.5488767662382579,0.0945655153991451,0.09261680282592923,0.09633316838435532,0.2881637567314716,sampled,cortical volume,r,partial correlation,longitudinal,False,-0.17230138827445426
rh-caudalmiddlefrontal,rh,,0.44483377866921947,0.2563399208995192,103.0,0.038461538461538464,1,0.5299354871834707,0.0320706037757015,0.0605179395442115,390,baseline+follow-up,0.5196148260260597,0.5404650236594226,0.2563399208995192,0.2831788057342679,0.2945417110429841,0.040713538661022536,sampled,cortical volume,r,partial correlation,longitudinal,False,-0.0863044236391045
lh-cuneus,lh,,0.5333724220358609,0.24642630370039012,103.0,0.0,0,0.5610910225367195,0.028071853466681,0.0500308369571961,390,baseline+follow-up,0.5501635974781635,0.5722396029413455,0.24642630370039012,0.3736982326840353,0.3886933437094275,0.011616107417013456,sampled,cortical volume,r,partial correlation,longitudinal,False,-0.0553784722032172
rh-cuneus,rh,,0.2666365618112453,0.2110875396981507,103.0,0.038461538461538464,1,0.526945520121806,0.031297176521412,0.0593935716811437,390,baseline+follow-up,0.5166830895182295,0.5374156475413744,0.2110875396981507,0.18686508062648718,0.1943632767261519,0.14977461851298635,sampled,cortical volume,r,partial correlation,longitudinal,False,-0.12471871617888437
lh-eTIV,lh,,0.5538977923536079,0.001968191448522179,103.0,0.0,0,0.0043793650819558,9.560383873559791e-05,0.0218305249611435,390,baseline+follow-up,0.0042940755624038,0.004466380738554,0.001968191448522179,0.0028415862225460247,0.002955608439320358,0.0,sampled,cortical volume,r,partial correlation,longitudinal,False,-0.05989302069864448
rh-eTIV,rh,,0.5538977923536079,0.001968191448522179,103.0,0.0,0,0.0043793650819558,9.560383873559791e-05,0.0218305249611435,390,baseline+follow-up,0.0042940755624038,0.004466380738554,0.001968191448522179,0.0028415862225460247,0.002955608439320358,0.0,sampled,cortical volume,r,partial correlation,longitudinal,False,-0.05989302069864448
lh-entorhinal,lh,,0.5026684660797387,0.2789770795660084,103.0,0.0,0,0.7276003276434501,0.1105245421534236,0.1519028207579156,390,baseline+follow-up,0.7134300812243243,0.7420573594428392,0.2789770795660084,0.4755514338573418,0.4946335325275929,0.03949512560678662,sampled,cortical volume,r,partial correlation,longitudinal,False,-0.058671927234814215
rh-entorhinal,rh,,0.6212201019985003,0.22581058921072955,103.0,0.0,0,0.649890169777679,0.1023507272693589,0.1574892682318492,390,baseline+follow-up,0.6372333532518486,0.6628031420422963,0.22581058921072955,0.4812847664440396,0.5005969222865325,0.0019805503494309457,sampled,cortical volume,r,partial correlation,longitudinal,False,0.030809591677391963
lh-frontalpole,lh,,0.5554946335683723,0.2448273427475728,103.0,0.0,0,0.673240280937402,0.0852533136329391,0.1266313321511818,390,baseline+follow-up,0.66012871361436,0.6866172075004577,0.2448273427475728,0.467856387416804,0.48662971268212724,0.00873910575021046,sampled,cortical volume,r,partial correlation,longitudinal,False,0.04710784358358432
rh-frontalpole,rh,,0.5133925514607361,0.23438504970638754,103.0,0.0,0,0.6446879400242528,0.0805516922081543,0.1249467955071782,390,baseline+follow-up,0.6321324385676084,0.6574975467485925,0.23438504970638754,0.43986810085130956,0.4575183609593647,0.009366003339729985,sampled,cortical volume,r,partial correlation,longitudinal,False,0.05084563453826541
lh-fusiform,lh,,0.6841752930558631,0.20991068268451074,103.0,0.0,0,0.5664301528534227,0.0291691753489214,0.0514965087963274,390,baseline+follow-up,0.5553987465439284,0.5776848189397575,0.20991068268451074,0.4261409224235292,0.44324036225311664,0.0004818579435635279,sampled,cortical volume,r,partial correlation,longitudinal,False,0.025184698926157732
rh-fusiform,rh,,0.6250958816112355,0.24301854280768165,103.0,0.0,0,0.5400686355951936,0.0281614030860757,0.0521441187841613,390,baseline+follow-up,0.529550628168766,0.550799512344439,0.24301854280768165,0.3935566573833134,0.409348612645876,0.0044863072250714755,sampled,cortical volume,r,partial correlation,longitudinal,False,-0.03565685920394423
lh-inferiorparietal,lh,,0.45806054394962686,0.2290204939532321,103.0,0.038461538461538464,1,0.5049306301461978,0.0199836283719567,0.0395769778636139,390,baseline+follow-up,0.4950969464851284,0.514963333402602,0.2290204939532321,0.28719787167709293,0.29872204705550726,0.015904701403067392,sampled,cortical volume,r,partial correlation,longitudinal,False,-0.0787936337749391
rh-inferiorparietal,rh,,0.3018889078297893,0.17638239568697867,103.0,0.0,0,0.3966521207888882,0.0169583368310786,0.0427536774475093,390,baseline+follow-up,0.3889271953309083,0.4045333876130975,0.17638239568697867,0.16850874624912174,0.17527037137270543,0.04023534483732978,sampled,cortical volume,r,partial correlation,longitudinal,False,-0.10950687177507329
lh-inferiortemporal,lh,,0.5552797897458419,0.2249679163329466,103.0,0.0,0,0.4665191103941796,0.0292978503909698,0.0628009651442037,390,baseline+follow-up,0.4574335032244748,0.4757885971683753,0.2249679163329466,0.31715620430405267,0.32988249541271913,0.003751074214312572,sampled,cortical volume,r,partial correlation,longitudinal,False,-0.05154950169236212
rh-inferiortemporal,rh,,0.6555402186322834,0.19707933713465225,103.0,0.0,0,0.4083539596885558,0.0241227734580855,0.0590731959021128,390,baseline+follow-up,0.4004011372183491,0.4164677358323138,0.19707933713465225,0.2957813845201693,0.3076499841340031,0.00021089156552992448,sampled,cortical volume,r,partial correlation,longitudinal,False,-0.03731087519198898
lh-insula,lh,,0.5136411156182927,0.2979893071713302,103.0,0.07692307692307693,2,0.7323226681475002,0.0303897584975784,0.0414977711593348,390,baseline+follow-up,0.718060452654042,0.7468735303428373,0.2979893071713302,0.44216940889245,0.45991201187655434,0.05461831971260884,sampled,cortical volume,r,partial correlation,longitudinal,False,-0.07085699124697045
rh-insula,rh,,0.48926818005390427,0.2656276738040128,103.0,0.038461538461538464,1,0.8182146076371616,0.0398854801569145,0.048746966608303,390,baseline+follow-up,0.8022796194665288,0.834472097019618,0.2656276738040128,0.6302789567599626,0.655569691655075,0.032303239849597605,sampled,cortical volume,r,partial correlation,longitudinal,False,0.012728963485664452
lh-isthmuscingulate,lh,,0.5146587104585015,0.2769717351347206,103.0,0.038461538461538464,1,0.7492508593951743,0.0337196575815573,0.0450044963695833,390,baseline+follow-up,0.7346589620251471,0.7641380757534711,0.2769717351347206,0.5267861215050343,0.5479240763780575,0.03400969422496221,sampled,cortical volume,r,partial correlation,longitudinal,False,-0.044569111657129026
rh-isthmuscingulate,rh,,0.10128089274479511,0.12474553403710986,103.0,0.46153846153846156,12,0.7256416021693636,0.031856112712773,0.0439006151487686,390,baseline+follow-up,0.7115095025481166,0.7400597151346219,0.12474553403710986,0.06477487873571708,0.06737405211505611,0.49126839724309834,sampled,cortical volume,r,partial correlation,longitudinal,False,-0.20577405848360567
lh-lateraloccipital,lh,,0.41379575757913095,0.19246508295894893,103.0,0.038461538461538464,1,0.4486978512949317,0.0192462480807759,0.0428935597200469,390,baseline+follow-up,0.4399593187805577,0.4576132391226118,0.19246508295894893,0.23365202398868376,0.2430276049644179,0.007885573605348922,sampled,cortical volume,r,partial correlation,longitudinal,False,-0.089225962453637
rh-lateraloccipital,rh,,0.3576637743521915,0.20640798300745403,103.0,0.038461538461538464,1,0.4233717277901346,0.0179095221340902,0.0423021211821872,390,baseline+follow-up,0.4151264295381289,0.4317838990043066,0.20640798300745403,0.1976112323742254,0.20554063131206168,0.03588013177334726,sampled,cortical volume,r,partial correlation,longitudinal,False,-0.10064848210218767
lh-lateralorbitofrontal,lh,,0.3047443970192848,0.20546329466230764,103.0,0.038461538461538464,1,0.4437196684818092,0.0199541296995525,0.0449701266744064,390,baseline+follow-up,0.4350780876516241,0.4525361424628373,0.20546329466230764,0.18502178175517783,0.19244601317208304,0.07999645316451551,sampled,cortical volume,r,partial correlation,longitudinal,False,0.11117627033400275
rh-lateralorbitofrontal,rh,,0.5375738102325952,0.2655395874494974,103.0,0.0,0,0.6953475869312434,0.0449819428924769,0.0646898669642249,390,baseline+follow-up,0.681805472834521,0.7091637739146277,0.2655395874494974,0.5160169393822832,0.5367227672944069,0.020577863030925368,sampled,cortical volume,r,partial correlation,longitudinal,False,-0.030130207174527825
lh-lingual,lh,,0.17763152511315278,0.12121045442797619,103.0,0.07692307692307693,2,0.4329169767873155,0.0200316580886231,0.0462713618608315,390,baseline+follow-up,0.4244857817932619,0.4415188070258756,0.12121045442797619,0.11616073958989452,0.12082183518681927,0.12587388793357632,sampled,cortical volume,r,partial correlation,longitudinal,False,-0.1450170286134061
rh-lingual,rh,,0.14433175987903502,0.11235369422435923,103.0,0.3076923076923077,8,0.4516576295679365,0.0204533747150661,0.0452851305415392,390,baseline+follow-up,0.4428614544359316,0.4606318266168143,0.11235369422435923,0.09477728094161782,0.09858033839842406,0.2154185965986664,sampled,cortical volume,r,partial correlation,longitudinal,False,-0.16072089552334795
lh-medialorbitofrontal,lh,,0.5864865858043824,0.30158623754097874,103.0,0.038461538461538464,1,0.7396596660862986,0.0444819301539348,0.0601383747058947,390,baseline+follow-up,0.7252545602383154,0.7543563105311528,0.30158623754097874,0.512843144338325,0.5334216197373951,0.03735585193999017,sampled,cortical volume,r,partial correlation,longitudinal,False,0.04758814100003891
rh-medialorbitofrontal,rh,,0.5480155160761493,0.3147953580114595,103.0,0.0,0,0.6622966880361191,0.0360163059287332,0.0543809241074885,390,baseline+follow-up,0.6493982506447582,0.6754561712246153,0.3147953580114595,0.442035760555025,0.4597730007317014,0.06085874356962402,sampled,cortical volume,r,partial correlation,longitudinal,False,0.054996998996050324
lh-middletemporal,lh,,0.31528691701775124,0.2214010845516211,103.0,0.038461538461538464,1,0.5712036430373132,0.029202578301502,0.0511246359463335,390,baseline+follow-up,0.5600792714973,0.5825531558365489,0.2214010845516211,0.23264468625383147,0.24197984653753904,0.09451664700639328,sampled,cortical volume,r,partial correlation,longitudinal,False,-0.11324540430197853
rh-middletemporal,rh,,0.5958422552003095,0.25907056723459104,103.0,0.0,0,0.4001309379179548,0.0181285602580061,0.0453065697752252,390,baseline+follow-up,0.3923382613965228,0.4080813269895689,0.25907056723459104,0.2723311046611992,0.283258732337499,0.01043800604562354,sampled,cortical volume,r,partial correlation,longitudinal,False,-0.0513301453982813
lh-paracentral,lh,,0.7330363476463527,0.1665346691758707,103.0,0.0,0,0.5817675496790252,0.0281446696361962,0.0483778609716618,390,baseline+follow-up,0.5704374427172777,0.5933269616886415,0.1665346691758707,0.44241437624112573,0.46016680884782324,5.073454195279444e-06,sampled,cortical volume,r,partial correlation,longitudinal,False,-0.02047411144873199
rh-paracentral,rh,,0.47789193221354603,0.25651931847584103,103.0,0.0,0,0.5670151253745885,0.0261518358721739,0.0461219369675494,390,baseline+follow-up,0.5559723265402995,0.5782814145540129,0.25651931847584103,0.3417625402631062,0.35547619151255794,0.028613380034604022,sampled,cortical volume,r,partial correlation,longitudinal,False,-0.07110113395462976
lh-parahippocampal,lh,,0.39754430156405945,0.317752469755092,103.0,0.07692307692307693,2,0.73154142027386,0.0437803170770418,0.0598466687787169,390,baseline+follow-up,0.7172944198297403,0.7460767594891718,0.317752469755092,0.3403903114474596,0.35404890029189245,0.17248171590315794,sampled,cortical volume,r,partial correlation,longitudinal,False,-0.10095406690032381
rh-parahippocampal,rh,,0.3341205624019221,0.2509497972997463,103.0,0.07692307692307693,2,0.7935387372280819,0.0499960913525294,0.0630039707036499,390,baseline+follow-up,0.7780843194351942,0.8093059301804404,0.2509497972997463,0.4239626176416281,0.44097465025545984,0.12400082028485737,sampled,cortical volume,r,partial correlation,longitudinal,False,-0.08632515841999214
lh-parsopercularis,lh,,0.23184850943385665,0.19971145850370609,103.0,0.19230769230769232,5,0.7637945607078678,0.0360090092638289,0.0471448883197813,390,baseline+follow-up,0.7489194201566363,0.7789707526814443,0.19971145850370609,0.21843066797763303,0.22719547292238784,0.19870938864528653,sampled,cortical volume,r,partial correlation,longitudinal,False,-0.1406454229893769
rh-parsopercularis,rh,,0.5385473590553619,0.25630101732880484,103.0,0.0,0,0.6252405824822754,0.0289042269853623,0.0462289681687157,390,baseline+follow-up,0.6130638244622416,0.6376637805482944,0.25630101732880484,0.47674584180867563,0.49587586759838687,0.015379408472255982,sampled,cortical volume,r,partial correlation,longitudinal,False,-0.019125622822808223
lh-parsorbitalis,lh,,0.591536593906274,0.25594712202317876,103.0,0.038461538461538464,1,0.6724930045152268,0.0413871788012134,0.0615429134925318,390,baseline+follow-up,0.6593959906367657,0.6858550830929424,0.25594712202317876,0.5220232851678367,0.5429701252497648,0.009632991983642432,sampled,cortical volume,r,partial correlation,longitudinal,False,0.0028960182900082763
rh-parsorbitalis,rh,,0.4541894193497535,0.25397579707057444,103.0,0.0,0,0.5975209415589118,0.039659711287478,0.0663737595271676,390,baseline+follow-up,0.5858840323097079,0.6093933650924417,0.25397579707057444,0.3511245059271787,0.36521381780938317,0.034655225508759685,sampled,cortical volume,r,partial correlation,longitudinal,False,0.07456708390385822
lh-parstriangularis,lh,,0.6431681460402114,0.18672988999023848,103.0,0.0,0,0.6711935050348433,0.0324349405101274,0.0483242764818525,390,baseline+follow-up,0.6581217993196128,0.6845297632485522,0.18672988999023848,0.5196869537000434,0.5405400455469315,9.32021980845339e-05,sampled,cortical volume,r,partial correlation,longitudinal,False,-0.007707924705546218
rh-parstriangularis,rh,,0.29640005142492465,0.22751494826828472,103.0,0.11538461538461539,3,0.5885351819601318,0.0308821028653294,0.0524728237358314,390,baseline+follow-up,0.5770732732200538,0.6002290632262579,0.22751494826828472,0.22454275906393542,0.23355281934152425,0.13297425995122586,sampled,cortical volume,r,partial correlation,longitudinal,False,0.11880093795578867
lh-pericalcarine,lh,,0.30613377817844556,0.24018746615985948,103.0,0.07692307692307693,2,0.5235117143019224,0.0429756129724383,0.0820910245145979,390,baseline+follow-up,0.513316158152321,0.5339136138248766,0.24018746615985948,0.20454309523081565,0.2127506438735643,0.1434935235551978,sampled,cortical volume,r,partial correlation,longitudinal,False,-0.1168095448490368
rh-pericalcarine,rh,,0.05622197423996754,0.0646485499430684,103.0,0.5384615384615384,14,0.5026774768388915,0.0410878669139494,0.0817380304610666,390,baseline+follow-up,0.4928876740508394,0.5126654111366037,0.0646485499430684,0.04202843714470662,0.043714880981173584,0.61402375885706,sampled,cortical volume,r,partial correlation,longitudinal,False,-0.20879650962735494
lh-postcentral,lh,,0.34955832973977247,0.2547772745413682,103.0,0.038461538461538464,1,0.4817513515433487,0.0203744807915053,0.0422925244033737,390,baseline+follow-up,0.4723690916614353,0.4913234948534241,0.2547772745413682,0.20850778238089782,0.21687441907597532,0.1116270701775714,sampled,cortical volume,r,partial correlation,longitudinal,False,-0.10781348585836209
rh-postcentral,rh,,0.19204443693633017,0.09855891990712007,103.0,0.038461538461538464,1,0.3747418027868512,0.0173300145096939,0.0462452130528685,390,baseline+follow-up,0.3674435876991316,0.3821877232374324,0.09855891990712007,0.11274642508633075,0.11727051702474522,0.03736027761146795,sampled,cortical volume,r,partial correlation,longitudinal,False,-0.13706209431882133
lh-posteriorcingulate,lh,,0.12736088959519945,0.11479649607258342,103.0,0.4230769230769231,11,0.6272702967595483,0.0296640474666627,0.0472906936928242,390,baseline+follow-up,0.6150540094122497,0.6397338241694878,0.11479649607258342,0.10200640157519078,0.10609953657862548,0.30711310074023596,sampled,cortical volume,r,partial correlation,longitudinal,False,-0.17545881934056298
rh-posteriorcingulate,rh,,0.17857912285028515,0.1660788608574429,103.0,0.19230769230769232,5,0.6594724890627619,0.0331972738935048,0.0503391338442102,390,baseline+follow-up,0.6466290538393065,0.6725758569186856,0.1660788608574429,0.1554557128499276,0.16169356861117518,0.26326859659927104,sampled,cortical volume,r,partial correlation,longitudinal,False,-0.15350033488165116
lh-precentral,lh,,0.45184992920682127,0.18292470036374803,103.0,0.0,0,0.5490232764477249,0.0206628430205986,0.0376356411594983,390,baseline+follow-up,0.5383308745595932,0.5599320771514255,0.18292470036374803,0.3110948473897663,0.32357791893798304,0.002148653044473822,sampled,cortical volume,r,partial correlation,longitudinal,False,-0.07927061401714476
rh-precentral,rh,,0.3669564548755143,0.15699239554866304,103.0,0.0,0,0.4333922109754337,0.0158610471432535,0.0365974439354947,390,baseline+follow-up,0.4249517606453163,0.4420034838647304,0.15699239554866304,0.2133872343529447,0.22194966518795803,0.0035724501651367645,sampled,cortical volume,r,partial correlation,longitudinal,False,-0.09524750231365602
lh-precuneus,lh,,0.43096703064888986,0.22209354860841343,103.0,0.0,0,0.5939582759254878,0.023973568601832,0.0403623782570874,390,baseline+follow-up,0.5823907507158679,0.6057599111863958,0.22209354860841343,0.3189965288676133,0.33179666531120455,0.018562748261756416,sampled,cortical volume,r,partial correlation,longitudinal,False,-0.08572188981994167
rh-precuneus,rh,,0.11820283333148811,0.0649153531215474,103.0,0.07692307692307693,2,0.3717952435519548,0.0157190247908341,0.0422787140595507,390,baseline+follow-up,0.3645544136369197,0.3791826174365997,0.0649153531215474,0.07571925583404755,0.07875758609276091,0.13058473464184783,sampled,cortical volume,r,partial correlation,longitudinal,False,-0.16252353081573367
lh-rostralanteriorcingulate,lh,,0.5585969409307533,0.25907056618389174,103.0,0.038461538461538464,1,0.5505560678013229,0.0543800910269908,0.0987730300460784,390,baseline+follow-up,0.5398338143169723,0.5614953242545592,0.25907056618389174,0.35412605970295774,0.368335812700961,0.01403298947090984,sampled,cortical volume,r,partial correlation,longitudinal,False,-0.061328806148933365
rh-rostralanteriorcingulate,rh,,0.5596439693008052,0.20260666494397003,103.0,0.0,0,0.5729442860541815,0.0466249783755638,0.0813778573422314,390,baseline+follow-up,0.5617860149410927,0.5843283845050313,0.20260666494397003,0.4447334885696125,0.4625789784717545,0.0010120585236111698,sampled,cortical volume,r,partial correlation,longitudinal,False,0.0030103500973135636
lh-rostralmiddlefrontal,lh,,0.21790116441955115,0.18665524251674143,103.0,0.19230769230769232,5,0.6248805627272026,0.0310393469735943,0.0496724475444196,390,baseline+follow-up,0.6127108162057228,0.6372966073920345,0.18665524251674143,0.17668912483101598,0.1837789979213728,0.20040550163490234,sampled,cortical volume,r,partial correlation,longitudinal,False,-0.14143335561051462
rh-rostralmiddlefrontal,rh,,0.5555228199470735,0.18872372329245232,103.0,0.0,0,0.420545372636481,0.0241220091537619,0.0573588742697043,390,baseline+follow-up,0.4123551185446739,0.4289013856759239,0.18872372329245232,0.27922750832458687,0.290431862861128,0.0003996844294490348,sampled,cortical volume,r,partial correlation,longitudinal,False,0.05593212542590473
lh-superiorfrontal,lh,,0.4845805278258343,0.26000533988428465,103.0,0.0,0,0.5307081314308528,0.0196590650902615,0.0370430824891609,390,baseline+follow-up,0.5203724227824447,0.541253019937349,0.26000533988428465,0.306242445269967,0.31853080808754924,0.02927295469931789,sampled,cortical volume,r,partial correlation,longitudinal,False,-0.07695385034813346
rh-superiorfrontal,rh,,0.4429842874357078,0.21879304145364842,103.0,0.0,0,0.4309148035612254,0.0171396535631944,0.0397750400347041,390,baseline+follow-up,0.4225226015237574,0.4394768516819142,0.21879304145364842,0.2409516624064665,0.2506201505435047,0.01382766579206757,sampled,cortical volume,r,partial correlation,longitudinal,False,-0.08091692388232286
lh-superiorparietal,lh,,0.7817202607060061,0.19083237364340616,103.0,0.0,0,0.584951781075327,0.0261621311793391,0.044725278263526,390,baseline+follow-up,0.5735596602004093,0.5965744620704068,0.19083237364340616,0.4532729738251658,0.4714611213004706,0.0001228650192467735,sampled,cortical volume,r,partial correlation,longitudinal,False,-0.006594951002201208
rh-superiorparietal,rh,,0.3777442861639343,0.21978831875587246,103.0,0.0,0,0.4121717666983229,0.0204973234515307,0.0497300521472476,390,baseline+follow-up,0.4041445912295623,0.4203614006382462,0.21978831875587246,0.20128692630405542,0.2093638170782252,0.03805322539291489,sampled,cortical volume,r,partial correlation,longitudinal,False,-0.09609408965437492
lh-superiortemporal,lh,,0.41036097015478,0.21785766432364054,103.0,0.038461538461538464,1,0.5853354733295919,0.022164046466117,0.0378655445911047,390,baseline+follow-up,0.5739358799267141,0.5969657780858361,0.21785766432364054,0.29550254102059653,0.3073599516887274,0.022046640843347325,sampled,cortical volume,r,partial correlation,longitudinal,False,-0.09260650936016014
rh-superiortemporal,rh,,0.024223330953018787,0.0340466164694088,103.0,0.8846153846153846,23,0.3704261564061242,0.0175635860712773,0.0474145407054385,390,baseline+follow-up,0.363211989896105,0.3777863272568349,0.0340466164694088,0.012379418296562066,0.01287615800671122,0.8457502811324515,sampled,cortical volume,r,partial correlation,longitudinal,True,-0.24693496223461628
lh-supramarginal,lh,,0.5659931151822464,0.23993786577233267,103.0,0.038461538461538464,1,0.6878947095614263,0.0285855210654399,0.0415550820032688,390,baseline+follow-up,0.6744977426077843,0.7015628118325876,0.23993786577233267,0.47783609535397326,0.4970098689367638,0.0064875807454314195,sampled,cortical volume,r,partial correlation,longitudinal,False,-0.04719821953681979
rh-supramarginal,rh,,0.4439975059455517,0.20767460494575501,103.0,0.0,0,0.5436112903890826,0.0227263063357379,0.0418061705809528,390,baseline+follow-up,0.5330242886404976,0.5544125578062039,0.20767460494575501,0.3036229571147547,0.3158062096795135,0.008820202903787504,sampled,cortical volume,r,partial correlation,longitudinal,False,-0.0810559965385166
lh-temporalpole,lh,,0.3526989032136504,0.29890313844765837,103.0,0.038461538461538464,1,0.6543334432514692,0.087447132066207,0.1336430729135143,390,baseline+follow-up,0.6415900925699506,0.667334700998464,0.29890313844765837,0.2863618848143077,0.29785251516968786,0.1941657473390116,sampled,cortical volume,r,partial correlation,longitudinal,False,0.10679176694488238
rh-temporalpole,rh,,0.641787099843801,0.2117503411495387,103.0,0.0,0,0.5975033677419017,0.127015092422414,0.2125763623767216,390,baseline+follow-up,0.5858668007483402,0.609375442093028,0.2117503411495387,0.41354125867489594,0.430135121168898,0.0007127666842788698,sampled,cortical volume,r,partial correlation,longitudinal,False,0.04796039793818347
lh-transversetemporal,lh,,0.730744058627616,0.1855625685657712,103.0,0.0,0,0.5958778336843147,0.0372443894323235,0.0625033980573524,390,baseline+follow-up,0.5842729244804539,0.6077176095376686,0.1855625685657712,0.4622483751229388,0.4807966718501973,5.28151368155776e-05,sampled,cortical volume,r,partial correlation,longitudinal,False,-0.004632786452124196
rh-transversetemporal,rh,,0.7286875982956624,0.24006585846524367,103.0,0.0,0,0.5983885408696743,0.0410159629199365,0.0685440313752091,390,baseline+follow-up,0.5867347348495929,0.6102782031403904,0.24006585846524367,0.4530106609761855,0.47118828281890807,0.0028432569530890853,sampled,cortical volume,r,partial correlation,longitudinal,False,-0.022564559530072102
