measurement,region,PD_mean,PD_SD,HC_mean,HC_SD,t,p_value,significant,npv,num,anat,n,timepoint,npv_CI_low,npv_CI_high,metric,alpha,test,sample_size,std_t,std_p,std_p_low,std_p_high,proba_significant,hemisphere,study
Subcortical volume (mm3),3rd-Ventricle,3.2,0.17,3.09,0.17,14.64,0.001,1,0.042698586051353,27.810826380155696,651.3289771869246,198,hc & pd,0.041535414636406,0.0438949112367473,subcortical volume,0.05,T,138,0.042698586051353,1.73859614889676e-30,1.6912342681051692e-30,1.7873079811258933e-30,1.0,,cross-sectional
Subcortical volume (mm3),Left-Lateral-Ventricle,4.15,0.23,4.0,0.22,14.35,0.001,1,0.0103724130284974,83.87571746265817,8086.4228248736445,198,hc & pd,0.0100898534532397,0.0106630263739692,subcortical volume,0.05,T,138,0.0103724130284974,2.262656729080035e-30,2.201018677975986e-30,2.3260516440227432e-30,1.0,,cross-sectional
Subcortical volume (mm3),Right-Lateral-Ventricle,4.11,0.23,3.97,0.23,11.12,0.001,1,0.0116987617184588,88.17159316282225,7536.831271954305,198,hc & pd,0.0113800704811231,0.0120265365835301,subcortical volume,0.05,T,138,0.0116987617184588,4.558172595433682e-22,4.43400136266668e-22,4.685883069704013e-22,1.0,,cross-sectional
Subcortical volume (mm3),Left-Inf-Lat-Vent,2.71,0.31,2.54,0.27,9.43,0.003,1,0.0948660396808894,33.26882125819711,350.6926332131795,198,hc & pd,0.0922817511643251,0.0975239879411049,subcortical volume,0.05,T,138,0.0948660396808894,7.34600066829574e-17,7.14588495530077e-17,7.551820261498089e-17,1.0,,cross-sectional
Cortical surface area (mm2),rh-parstriangularis,1875.0,336.0,1726.0,298.0,10.57,0.001,1,0.1690325985784775,42.94998075588448,254.09288573377688,198,hc & pd,0.164427905424839,0.173768538887809,cortical area,0.05,T,138,0.1690325985784775,1.6870262780044048e-19,1.6410692352939214e-19,1.7342932301786812e-19,1.0,rh,cross-sectional
